CustomerID,Age,City,SignupDate,CustomerSegment
100001,22.0,Tehran,2023-09-11,Regular
100002,55.0,Tabriz,2024-01-16,VIP
100003,49.0,Karaj,2025-07-31,New
100004,39.0,Tehran,2023-04-23,New
100005,38.0,Tehran,2023-04-29,Regular
100006,59.0,Isfahan,2023-11-27,Regular
100007,22.0,Karaj,2024-10-22,Regular
100008,51.0,Tabriz,2025-06-02,Regular
100009,27.0,Karaj,2024-09-08,Regular
100010,,Mashhad,2024-06-24,New
100011,,Tehran,2025-08-11,Regular
100012,64.0,Shiraz,2023-07-07,Regular
100013,53.0,Tehran,2025-09-14,Regular
100014,54.0,Karaj,2023-12-09,Regular
100015,52.0,Tehran,2023-10-30,New
100016,55.0,Mashhad,2025-11-10,New
100017,,Isfahan,2024-12-08,Regular
100018,24.0,Isfahan,2024-04-17,Regular
100019,58.0,Tabriz,2023-12-28,Regular
100020,39.0,Isfahan,2024-04-28,Regular
100021,42.0,Rasht,2025-05-16,Regular
100022,35.0,Ahvaz,2023-06-17,Regular
100023,26.0,Ahvaz,2023-07-10,New
100024,62.0,Tabriz,2023-11-30,New
100025,55.0,Tabriz,2024-06-12,Regular
100026,48.0,Tabriz,2025-06-11,New
100027,37.0,Isfahan,2023-08-19,New
100028,57.0,Mashhad,2025-05-10,New
100029,44.0,Shiraz,2025-09-20,Regular
100030,39.0,Tehran,2024-04-21,New
100031,39.0,Tehran,2025-11-18,New
100032,28.0,Ahvaz,2025-09-05,Regular
100033,22.0,Tehran,2025-05-22,Regular
100034,44.0,Shiraz,2024-02-21,New
100035,60.0,Tabriz,2023-11-26,Regular
100036,21.0,Tehran,2025-08-04,Regular
100037,59.0,Rasht,2024-04-28,Regular
100038,57.0,Tehran,2023-02-04,Regular
100039,31.0,Ahvaz,2025-02-24,New
100040,48.0,Karaj,2024-01-16,New
100041,25.0,Tehran,2025-10-21,Regular
100042,54.0,Tehran,2025-07-25,New
100043,51.0,Mashhad,2023-04-25,VIP
100044,35.0,Mashhad,2025-09-13,New
100045,21.0,Tehran,2025-11-05,Regular
100046,64.0,Kerman,2025-04-08,Regular
100047,39.0,Tehran,2023-10-29,Regular
100048,60.0,Ahvaz,2025-01-03,New
100049,50.0,Tehran,2025-08-08,New
100050,55.0,Kerman,2025-06-11,Regular
100051,54.0,Tehran,2024-04-17,New
100052,27.0,Isfahan,2025-02-13,Regular
100053,35.0,Shiraz,2024-02-27,Regular
100054,40.0,Tehran,2023-10-06,New
100055,41.0,Qom,2025-01-06,Regular
100056,20.0,Tehran,2024-05-25,New
100057,44.0,Shiraz,2023-09-04,Regular
100058,25.0,Shiraz,2024-12-24,VIP
100059,53.0,Tabriz,2023-12-19,Regular
100060,50.0,Tehran,2024-10-05,VIP
100061,62.0,Tehran,2024-01-31,Regular
100062,53.0,tehran,2025-08-27,New
100063,35.0,,2025-07-20,New
100064,64.0,Tehran,2024-06-02,New
100065,37.0,Rasht,2025-02-16,Regular
100066,33.0,Shiraz,2023-07-14,Regular
100067,61.0,Tabriz,2025-12-28,Regular
100068,35.0,Mashhad,2023-08-23,Regular
100069,21.0,Tehran,2025-08-07,Regular
100070,40.0,Isfahan,2025-07-15,New
100071,56.0,Mashhad,2023-07-15,New
100072,27.0,Mashhad,2023-01-10,VIP
100073,40.0,Isfahan,2025-03-18,New
100074,24.0,Isfahan,2025-08-09,New
100075,50.0,Kerman,2025-02-23,New
100076,40.0,Tehran,2023-03-02,VIP
100077,33.0,Isfahan,2024-12-07,New
100078,28.0,Tehran,2024-03-04,Regular
100079,45.0,Mashhad,2025-09-29,New
100080,50.0,Karaj,2025-05-26,New
100081,63.0,Tehran,2025-05-24,Regular
100082,38.0,Shiraz,2024-03-22,Regular
100083,25.0,Isfahan,2023-12-19,Regular
100084,57.0,Tehran,2025-06-19,New
100085,48.0,Rasht,2023-05-07,VIP
100086,51.0,Isfahan,2023-04-20,Regular
100087,22.0,Qom,2023-03-10,VIP
100088,32.0,Isfahan,2024-07-14,New
100089,54.0,Rasht,2023-03-24,Regular
100090,57.0,Mashhad,2024-09-29,New
100091,38.0,Isfahan,2023-07-03,Regular
100092,56.0,Karaj,2025-09-02,Regular
100093,58.0,Mashhad,2024-04-18,Regular
100094,36.0,tehran,2023-04-13,New
100095,61.0,tehran,2025-01-29,New
100096,31.0,Shiraz,2024-01-06,New
100097,29.0,Karaj,2023-10-14,Regular
100098,50.0,Tabriz,2024-12-22,New
100099,48.0,Qom,2025-11-12,New
100100,24.0,Ahvaz,2025-12-09,Regular
100101,57.0,tehran,2024-04-21,New
100102,27.0,Mashhad,2025-07-17,VIP
100103,56.0,Tehran,2023-08-18,New
100104,18.0,Tabriz,2025-07-15,VIP
100105,56.0,Qom,2025-10-28,Regular
100106,55.0,Isfahan,2024-07-20,Regular
100107,55.0,Tehran,2024-07-26,Regular
100108,49.0,Mashhad,2024-09-09,Regular
100109,40.0,Isfahan,2023-03-21,Regular
100110,51.0,Ahvaz,2025-07-29,New
100111,31.0,Tehran,2025-03-18,VIP
100112,55.0,Tabriz,2025-08-10,Regular
100113,44.0,Karaj,2023-05-07,Regular
100114,40.0,Rasht,2025-05-28,Regular
100115,42.0,Tehran,2024-02-02,Regular
100116,45.0,Rasht,2025-06-15,Regular
100117,19.0,Tabriz,2025-12-24,Regular
100118,24.0,Karaj,2025-08-21,New
100119,29.0,Tehran,2025-09-29,Regular
100120,23.0,Isfahan,2023-05-05,New
100121,39.0,Tabriz,2023-12-26,Regular
100122,50.0,Mashhad,2023-11-17,New
100123,49.0,Isfahan,2024-07-16,VIP
100124,40.0,Shiraz,2025-12-04,Regular
100125,59.0,,2025-01-20,Regular
100126,45.0,Tehran,2024-08-19,VIP
100127,21.0,Isfahan,2025-05-31,New
100128,54.0,Tehran,2023-07-13,Regular
100129,45.0,Rasht,2024-12-24,New
100130,48.0,Kerman,2024-07-04,New
100131,45.0,Mashhad,2023-08-11,Regular
100132,44.0,Tehran,2024-12-08,Regular
100133,22.0,Tehran,2025-07-09,Regular
100134,44.0,Isfahan,2025-06-25,New
100135,56.0,Ahvaz,2025-07-12,Regular
100136,32.0,Isfahan,2025-06-08,New
100137,46.0,Tehran,2024-05-28,New
100138,19.0,Tehran,2023-02-23,New
100139,34.0,Tehran,2025-11-23,Regular
100140,38.0,Ahvaz,2024-05-11,Regular
100141,65.0,Tabriz,2024-11-23,New
100142,28.0,Shiraz,2023-01-23,New
100143,31.0,Mashhad,2025-08-31,Regular
100144,37.0,Rasht,2025-08-30,Regular
100145,65.0,Mashhad,2025-10-13,New
100146,58.0,Ahvaz,2023-07-10,Regular
100147,19.0,Rasht,2025-07-12,Regular
100148,29.0,Isfahan,2024-11-15,Regular
100149,57.0,Rasht,2023-06-09,New
100150,20.0,Tehran,2024-09-16,VIP
100151,59.0,Tabriz,2024-06-05,Regular
100152,31.0,Tehran,2024-11-15,Regular
100153,62.0,Isfahan,2023-04-02,Regular
100154,,Tehran,2024-09-08,Regular
100155,38.0,Tehran,2025-01-11,Regular
100156,49.0,Tehran,2025-02-22,Regular
100157,24.0,Mashhad,2025-04-22,New
100158,44.0,Shiraz,2024-11-16,Regular
100159,42.0,Isfahan,2025-02-07,New
100160,55.0,Mashhad,2023-04-09,Regular
100161,,Kerman,2025-05-23,Regular
100162,49.0,Rasht,2024-02-06,New
100163,37.0,Tehran,2024-08-22,Regular
100164,37.0,Mashad,2024-08-21,Regular
100165,38.0,Tabriz,2025-12-04,Regular
100166,57.0,Karaj,2023-12-23,Regular
100167,33.0,Mashhad,2024-02-25,New
100168,26.0,Mashad,2025-04-12,New
100169,34.0,Tehran,2024-11-25,Regular
100170,19.0,Mashhad,2023-12-15,Regular
100171,23.0,Karaj,2024-01-13,Regular
100172,22.0,Tabriz,2025-06-26,VIP
100173,55.0,Ahvaz,2025-07-04,Regular
100174,52.0,Tehran,2023-06-10,Regular
100175,51.0,Tehran,2024-03-13,Regular
100176,40.0,Tehran,2025-04-22,VIP
100177,52.0,Tehran,2023-05-10,Regular
100178,25.0,Tehran,2023-07-20,Regular
100179,61.0,Isfahan,2023-06-23,New
100180,42.0,Shiraz,2024-08-01,Regular
100181,63.0,Tabriz,2024-05-08,New
100182,25.0,Mashhad,2023-12-17,Regular
100183,41.0,Tehran,2023-05-29,Regular
100184,51.0,Tabriz,2024-11-28,VIP
100185,41.0,Tehran,2025-06-02,New
100186,39.0,Ahvaz,2023-08-21,Regular
100187,25.0,,2024-12-30,New
100188,36.0,Shiraz,2025-05-20,Regular
100189,29.0,Rasht,2024-09-02,Regular
100190,32.0,Shiraz,2024-09-20,Regular
100191,50.0,Tabriz,2023-07-02,New
100192,48.0,Karaj,2025-11-14,Regular
100193,47.0,Tehran,2025-11-13,Regular
100194,35.0,Tabriz,2025-02-18,Regular
100195,64.0,Ahvaz,2025-09-15,Regular
100196,22.0,Kerman,2024-10-27,Regular
100197,34.0,Isfahan,2024-12-25,Regular
100198,23.0,Mashhad,2025-06-26,New
100199,34.0,Karaj,2023-02-11,Regular
100200,64.0,Shiraz,2023-08-29,Regular
100201,35.0,Tehran,2023-08-11,New
100202,61.0,Tehran,2024-11-23,New
100203,41.0,Tehran,2023-09-23,VIP
100204,51.0,Isfahan,2024-03-03,Regular
100205,39.0,Tehran,2024-06-24,Regular
100206,30.0,Tehran,2025-03-25,Regular
100207,54.0,Tehran,2024-07-20,VIP
100208,64.0,Rasht,2023-01-27,Regular
100209,30.0,Tehran,2025-01-21,New
100210,55.0,tehran,2024-04-13,Regular
100211,30.0,Isfahan,2023-05-05,VIP
100212,,Tehran,2024-12-14,Regular
100213,55.0,Kerman,2023-10-23,New
100214,39.0,Rasht,2024-05-19,VIP
100215,53.0,Mashhad,2025-11-25,Regular
100216,31.0,Isfahan,2023-09-18,Regular
100217,21.0,Mashhad,2025-08-27,VIP
100218,22.0,Tehran,2024-05-23,Regular
100219,39.0,Mashhad,2025-10-18,Regular
100220,61.0,Tehran,2025-07-19,VIP
100221,24.0,Tehran,2025-06-30,New
100222,39.0,Shiraz,2023-08-15,Regular
100223,51.0,Tehran,2025-05-16,Regular
100224,27.0,Tehran,2024-02-07,Regular
100225,52.0,Isfahan,2025-09-23,Regular
100226,32.0,Isfahan,2025-12-20,Regular
100227,56.0,Tehran,2024-10-31,Regular
100228,45.0,Tehran,2025-09-26,Regular
100229,44.0,Tehran,2024-08-06,New
100230,26.0,Tehran,2023-02-07,Regular
100231,,Qom,2025-08-15,New
100232,59.0,Rasht,2024-08-03,Regular
100233,18.0,Mashhad,2023-02-18,Regular
100234,54.0,Mashhad,2023-03-13,Regular
100235,41.0,Karaj,2025-03-02,New
100236,52.0,Tabriz,2025-10-08,Regular
100237,49.0,Tehran,2025-02-02,Regular
100238,38.0,,2024-04-28,VIP
100239,32.0,Isfahan,2023-12-03,Regular
100240,48.0,Shiraz,2024-04-03,Regular
100241,24.0,Tehran,2023-12-20,Regular
100242,,Mashhad,2023-10-26,New
100243,22.0,Mashhad,2023-05-21,New
100244,49.0,Tehran,2024-09-14,Regular
100245,48.0,Isfahan,2023-08-28,Regular
100246,22.0,Tabriz,2023-06-08,New
100247,54.0,Isfahan,2023-10-30,New
100248,37.0,Tehran,2025-05-24,Regular
100249,55.0,Tehran,2024-09-19,New
100250,19.0,Qom,2024-06-21,Regular
100251,26.0,Isfahan,2024-10-10,Regular
100252,41.0,Tehran,2024-09-12,VIP
100253,27.0,Tehran,2024-06-28,New
100254,33.0,Qom,2025-07-09,New
100255,49.0,Karaj,2025-03-10,New
100256,24.0,Ahvaz,2023-07-22,New
100257,50.0,Tabriz,2025-06-13,Regular
100258,22.0,Isfahan,2023-07-11,Regular
100259,26.0,Isfahan,2023-03-27,New
100260,46.0,Tehran,2024-04-05,VIP
100261,56.0,Tabriz,2024-03-06,Regular
100262,26.0,Shiraz,2025-05-10,New
100263,32.0,Tehran,2025-01-31,New
100264,62.0,Ahvaz,2023-03-06,Regular
100265,65.0,Mashhad,2024-06-30,Regular
100266,45.0,Tehran,2025-05-20,VIP
100267,39.0,Mashhad,2025-03-13,New
100268,34.0,Ahvaz,2024-07-02,Regular
100269,47.0,Rasht,2024-11-05,New
100270,46.0,Isfahan,2024-09-07,New
100271,32.0,Kerman,2023-09-11,Regular
100272,19.0,Ahvaz,2024-09-10,Regular
100273,25.0,Qom,2025-01-09,New
100274,64.0,Ahvaz,2023-03-03,New
100275,38.0,Mashhad,2025-01-31,Regular
100276,41.0,Karaj,2023-10-01,New
100277,40.0,Shiraz,2023-01-09,New
100278,55.0,Karaj,2025-04-07,New
100279,21.0,Tehran,2024-03-02,New
100280,21.0,Karaj,2024-03-27,Regular
100281,31.0,Kerman,2024-11-14,New
100282,41.0,Mashhad,2024-09-05,Regular
100283,50.0,Kerman,2024-11-10,Regular
100284,41.0,Mashhad,2025-10-31,New
100285,39.0,Tehran,2024-12-14,Regular
100286,63.0,Tehran,2023-02-20,New
100287,25.0,Qom,2023-09-01,Regular
100288,45.0,Shiraz,2024-05-07,Regular
100289,44.0,Mashhad,2024-06-01,Regular
100290,40.0,Tabriz,2024-01-31,Regular
100291,56.0,Mashhad,2023-07-21,Regular
100292,30.0,Isfahan,2023-04-27,Regular
100293,63.0,Ahvaz,2023-06-08,Regular
100294,33.0,Tabriz,2025-11-07,New
100295,44.0,Karaj,2024-03-09,New
100296,42.0,Shiraz,2025-11-18,New
100297,58.0,Kerman,2024-01-02,New
100298,39.0,Tehran,2023-12-08,VIP
100299,31.0,Tehran,2024-06-20,VIP
100300,19.0,Tehran,2025-11-02,New
100301,35.0,Shiraz,2024-09-08,VIP
100302,57.0,Tabriz,2023-02-08,Regular
100303,18.0,Karaj,2023-10-25,Regular
100304,61.0,Mashhad,2025-12-10,VIP
100305,44.0,Tehran,2023-06-19,Regular
100306,24.0,Tabriz,2025-07-04,Regular
100307,32.0,Kerman,2025-10-13,New
100308,44.0,Mashhad,2023-08-23,New
100309,33.0,Tehran,2024-09-04,VIP
100310,23.0,Mashhad,2024-10-18,New
100311,49.0,Isfahan,2025-05-19,New
100312,50.0,Tehran,2025-05-24,New
100313,23.0,Mashhad,2023-03-07,Regular
100314,31.0,Tabriz,2023-12-16,Regular
100315,29.0,Mashhad,2025-10-26,VIP
100316,49.0,Mashhad,2024-01-23,Regular
100317,53.0,Tehran,2023-09-27,Regular
100318,52.0,Rasht,2024-11-19,Regular
100319,63.0,Mashhad,2023-08-02,Regular
100320,54.0,Mashhad,2023-06-11,New
100321,33.0,Tehran,2025-05-23,New
100322,23.0,Tabriz,2023-05-10,Regular
100323,47.0,Ahvaz,2025-09-02,Regular
100324,61.0,Tehran,2023-10-01,Regular
100325,64.0,Tehran,2023-04-27,VIP
100326,29.0,Tehran,2025-03-22,Regular
100327,29.0,Tabriz,2023-07-13,New
100328,19.0,Rasht,2024-02-06,Regular
100329,24.0,Isfahan,2024-01-20,Regular
100330,44.0,Mashhad,2024-07-09,Regular
100331,44.0,Karaj,2024-06-02,New
100332,35.0,Karaj,2023-08-03,New
100333,32.0,Tehran,2023-09-14,Regular
100334,57.0,Tehran,2023-08-01,New
100335,40.0,Mashhad,2023-03-02,New
100336,56.0,Karaj,2024-12-13,Regular
100337,64.0,Karaj,2024-05-30,Regular
100338,33.0,Tabriz,2023-04-29,New
100339,27.0,Qom,2023-12-29,Regular
100340,63.0,Tehran,2025-01-01,New
100341,48.0,Mashhad,2023-11-09,Regular
100342,31.0,Tehran,2024-03-14,Regular
100343,47.0,Ahvaz,2025-03-25,Regular
100344,42.0,Shiraz,2025-01-05,New
100345,61.0,Mashhad,2025-02-06,Regular
100346,30.0,Tehran,2024-02-22,Regular
100347,65.0,Karaj,2024-06-13,Regular
100348,62.0,Karaj,2025-07-15,VIP
100349,26.0,Tabriz,2025-08-13,New
100350,25.0,Tehran,2023-03-02,New
100351,43.0,Rasht,2025-07-06,Regular
100352,20.0,Karaj,2025-09-05,Regular
100353,32.0,Tabriz,2025-10-29,New
100354,38.0,Tabriz,2023-10-22,New
100355,64.0,Rasht,2024-07-02,New
100356,65.0,Rasht,2023-02-16,New
100357,25.0,Shiraz,2023-05-01,New
100358,60.0,Isfahan,2024-09-07,VIP
100359,22.0,Mashhad,2023-08-14,New
100360,53.0,Qom,2023-09-03,Regular
100361,58.0,Tabriz,2023-11-22,New
100362,60.0,Tehran,2024-05-17,New
100363,28.0,Tehran,2023-06-17,VIP
100364,60.0,Rasht,2025-05-28,New
100365,23.0,Ahvaz,2025-01-01,New
100366,42.0,Kerman,2025-05-16,Regular
100367,40.0,Isfahan,2025-10-11,New
100368,33.0,Qom,2024-10-19,New
100369,19.0,Qom,2024-02-01,VIP
100370,55.0,Mashhad,2025-12-06,Regular
100371,34.0,Tehran,2024-09-11,Regular
100372,49.0,Kerman,2024-05-22,New
100373,37.0,Tehran,2024-03-31,New
100374,35.0,Shiraz,2023-02-13,Regular
100375,60.0,Tabriz,2025-11-12,Regular
100376,22.0,Karaj,2025-06-16,New
100377,53.0,Tehran,2025-02-04,Regular
100378,53.0,Karaj,2023-08-31,Regular
100379,36.0,Tehran,2025-10-13,Regular
100380,30.0,Qom,2023-07-12,Regular
100381,18.0,Tehran,2023-09-22,Regular
100382,62.0,Karaj,2023-03-18,Regular
100383,63.0,Qom,2023-11-12,New
100384,29.0,Tehran,2023-12-26,Regular
100385,19.0,Tehran,2025-05-20,Regular
100386,23.0,Karaj,2023-12-24,VIP
100387,21.0,Tehran,2025-11-12,VIP
100388,57.0,Tehran,2023-11-28,New
100389,60.0,Isfahan,2024-07-28,Regular
100390,25.0,Rasht,2024-10-11,Regular
100391,53.0,Shiraz,2025-06-26,Regular
100392,26.0,Mashhad,2025-04-02,Regular
100393,35.0,Kerman,2025-08-07,New
100394,46.0,Isfahan,2025-10-23,Regular
100395,52.0,Isfahan,2023-05-09,VIP
100396,59.0,Isfahan,2023-04-13,VIP
100397,20.0,Mashhad,2024-05-06,New
100398,27.0,Mashhad,2023-06-14,VIP
100399,31.0,Karaj,2024-06-24,New
100400,32.0,Tehran,2024-10-07,Regular
100401,65.0,Karaj,2023-10-30,New
100402,55.0,Tehran,2023-04-18,Regular
100403,33.0,Mashhad,2025-11-22,New
100404,64.0,Tehran,2024-02-10,New
100405,41.0,Shiraz,2025-07-07,New
100406,42.0,Karaj,2024-11-14,VIP
100407,38.0,Mashhad,2024-12-26,Regular
100408,24.0,Tehran,2025-05-04,Regular
100409,62.0,Tehran,2023-10-18,Regular
100410,18.0,Qom,2023-08-27,Regular
100411,26.0,Tehran,2025-12-27,New
100412,29.0,Karaj,2025-01-01,New
100413,31.0,Mashhad,2023-11-16,Regular
100414,24.0,Tehran,2024-12-08,VIP
100415,18.0,Karaj,2024-03-07,New
100416,50.0,Isfahan,2025-07-30,Regular
100417,64.0,Tehran,2024-07-10,Regular
100418,23.0,Kerman,2023-12-10,VIP
100419,32.0,Tehran,2025-01-25,New
100420,42.0,Mashhad,2025-04-01,VIP
100421,62.0,Mashhad,2024-02-13,Regular
100422,51.0,Isfahan,2025-04-03,Regular
100423,54.0,Qom,2023-09-14,Regular
100424,45.0,Tehran,2023-09-19,New
100425,38.0,Rasht,2025-06-24,Regular
100426,27.0,Tabriz,2024-11-11,Regular
100427,59.0,Kerman,2023-02-08,Regular
100428,56.0,Qom,2025-01-09,Regular
100429,19.0,Rasht,2023-12-01,Regular
100430,52.0,Tabriz,2023-10-28,New
100431,22.0,Mashhad,2024-04-09,New
100432,53.0,Isfahan,2024-05-09,Regular
100433,57.0,Tabriz,2025-09-03,Regular
100434,24.0,Isfahan,2024-04-22,Regular
100435,38.0,Karaj,2023-11-21,Regular
100436,23.0,Tehran,2025-04-26,Regular
100437,45.0,Qom,2024-08-17,Regular
100438,62.0,Tehran,2023-01-01,Regular
100439,21.0,Rasht,2024-11-23,Regular
100440,37.0,Tehran,2024-07-02,New
100441,64.0,Tehran,2024-09-21,Regular
100442,32.0,Qom,2023-07-21,Regular
100443,24.0,Qom,2024-06-07,Regular
100444,41.0,Karaj,2024-12-09,Regular
100445,42.0,Kerman,2025-01-11,New
100446,49.0,Tehran,2025-01-15,Regular
100447,33.0,Qom,2025-12-28,New
100448,63.0,Mashhad,2024-07-02,New
100449,43.0,Shiraz,2024-04-15,Regular
100450,31.0,Isfahan,2024-08-16,Regular
100451,64.0,Mashad,2023-12-27,Regular
100452,62.0,Shiraz,2023-12-11,Regular
100453,41.0,Karaj,2025-01-25,New
100454,19.0,Tehran,2023-12-10,Regular
100455,46.0,Rasht,2025-03-31,New
100456,44.0,Shiraz,2025-03-26,Regular
100457,25.0,Tehran,2025-11-09,VIP
100458,48.0,Tabriz,2023-05-25,Regular
100459,58.0,Tehran,2024-02-02,Regular
100460,23.0,Tehran,2025-04-24,Regular
100461,52.0,Karaj,2024-04-14,Regular
100462,24.0,Tehran,2024-12-18,Regular
100463,53.0,Tehran,2025-03-16,Regular
100464,38.0,Karaj,2025-08-26,Regular
100465,18.0,Tehran,2023-09-05,New
100466,64.0,Qom,2023-10-12,Regular
100467,25.0,Qom,2024-05-30,Regular
100468,46.0,Tehran,2024-07-08,New
100469,26.0,Shiraz,2025-09-18,VIP
100470,62.0,Tehran,2023-02-12,New
100471,53.0,Tabriz,2023-09-26,Regular
100472,56.0,Tehran,2025-09-26,VIP
100473,38.0,Rasht,2024-11-04,New
100474,40.0,Tehran,2025-01-09,VIP
100475,48.0,Karaj,2023-10-01,Regular
100476,55.0,Tehran,2024-11-13,Regular
100477,58.0,Tehran,2024-02-09,VIP
100478,18.0,Isfahan,2025-03-13,Regular
100479,49.0,Shiraz,2023-04-10,Regular
100480,23.0,Kerman,2023-11-08,Regular
100481,31.0,Tehran,2024-12-06,Regular
100482,57.0,Tehran,2024-10-23,New
100483,30.0,Mashhad,2025-07-09,New
100484,56.0,Mashhad,2025-05-27,Regular
100485,40.0,Ahvaz,2023-01-16,Regular
100486,29.0,,2023-04-09,VIP
100487,34.0,Ahvaz,2024-01-23,VIP
100488,43.0,Tehran,2025-11-15,New
100489,54.0,Isfahan,2024-06-06,Regular
100490,,Karaj,2025-09-03,Regular
100491,62.0,Mashhad,2023-03-06,New
100492,59.0,Tabriz,2025-11-20,Regular
100493,54.0,Tehran,2023-03-08,Regular
100494,46.0,Mashhad,2025-06-04,VIP
100495,31.0,Ahvaz,2025-08-18,New
100496,37.0,Tehran,2023-11-19,Regular
100497,23.0,Kerman,2023-11-26,Regular
100498,35.0,Mashhad,2024-09-28,Regular
100499,62.0,Tehran,2025-03-01,New
100500,38.0,Tehran,2023-05-12,New
100501,23.0,Tehran,2023-09-17,VIP
100502,49.0,Isfahan,2025-04-05,New
100503,64.0,Tehran,2025-06-03,New
100504,59.0,tehran,2023-06-18,VIP
100505,31.0,Ahvaz,2025-09-01,Regular
100506,39.0,Mashhad,2025-08-07,Regular
100507,43.0,Tehran,2025-08-08,New
100508,29.0,Mashhad,2023-09-21,Regular
100509,30.0,Qom,2025-01-02,Regular
100510,29.0,Shiraz,2023-06-25,New
100511,65.0,Tehran,2023-08-04,New
100512,53.0,Shiraz,2023-03-19,New
100513,58.0,Isfahan,2024-06-23,Regular
100514,57.0,Mashhad,2025-02-17,New
100515,64.0,Tehran,2023-08-06,Regular
100516,23.0,Kerman,2023-07-23,New
100517,60.0,Tehran,2023-10-31,New
100518,21.0,Tehran,2023-08-05,VIP
100519,40.0,Tehran,2025-07-01,VIP
100520,46.0,Shiraz,2023-07-05,Regular
100521,35.0,Isfahan,2023-11-01,VIP
100522,25.0,Tehran,2023-12-01,New
100523,27.0,Isfahan,2023-08-10,Regular
100524,57.0,Tabriz,2025-10-27,New
100525,33.0,Mashhad,2023-08-18,Regular
100526,32.0,Rasht,2024-06-16,Regular
100527,62.0,Mashhad,2024-09-11,Regular
100528,24.0,Tehran,2023-10-13,New
100529,61.0,Kerman,2024-05-31,Regular
100530,62.0,Qom,2023-07-06,VIP
100531,46.0,Mashhad,2024-06-12,Regular
100532,25.0,Ahvaz,2023-01-21,New
100533,25.0,Shiraz,2024-04-25,Regular
100534,31.0,Mashhad,2024-02-04,New
100535,45.0,Ahvaz,2024-01-19,Regular
100536,25.0,Karaj,2023-05-01,Regular
100537,39.0,Mashhad,2025-12-29,Regular
100538,23.0,Tabriz,2023-01-30,Regular
100539,43.0,Mashhad,2023-06-09,Regular
100540,19.0,Tehran,2023-04-23,New
100541,52.0,Kerman,2025-12-06,New
100542,20.0,Shiraz,2023-12-15,Regular
100543,,Shiraz,2024-04-16,Regular
100544,26.0,Shiraz,2025-04-02,Regular
100545,57.0,Shiraz,2023-02-25,New
100546,20.0,Mashhad,2023-03-15,Regular
100547,38.0,Kerman,2023-07-19,Regular
100548,46.0,Tabriz,2025-01-13,Regular
100549,42.0,Tabriz,2025-12-07,Regular
100550,50.0,Isfahan,2024-11-10,VIP
100551,56.0,Mashhad,2025-08-13,New
100552,36.0,Tehran,2025-08-23,Regular
100553,57.0,Mashhad,2023-10-30,Regular
100554,33.0,Tehran,2023-07-21,Regular
100555,65.0,Tabriz,2023-06-25,New
100556,42.0,Ahvaz,2025-05-19,Regular
100557,53.0,Mashhad,2025-01-03,New
100558,60.0,Mashhad,2025-08-05,Regular
100559,56.0,Tabriz,2024-07-09,Regular
100560,58.0,Tehran,2025-12-05,New
100561,43.0,Rasht,2025-09-06,VIP
100562,20.0,Mashhad,2025-06-04,Regular
100563,41.0,Tehran,2025-05-29,Regular
100564,26.0,Tehran,2023-05-16,VIP
100565,60.0,Rasht,2025-03-26,Regular
100566,29.0,Tehran,2025-11-03,New
100567,28.0,Tabriz,2023-11-16,Regular
100568,29.0,Tehran,2025-06-11,Regular
100569,48.0,Tehran,2024-01-19,Regular
100570,45.0,Ahvaz,2023-08-21,VIP
100571,63.0,Tehran,2025-03-10,Regular
100572,37.0,Tehran,2023-06-30,New
100573,31.0,Isfahan,2024-06-10,Regular
100574,20.0,Ahvaz,2025-10-22,Regular
100575,18.0,Mashhad,2023-06-21,Regular
100576,35.0,Tehran,2023-06-20,New
100577,62.0,Kerman,2025-10-29,New
100578,43.0,Tabriz,2025-04-30,Regular
100579,60.0,Ahvaz,2024-05-20,New
100580,22.0,Karaj,2024-03-19,Regular
100581,22.0,Karaj,2025-11-21,New
100582,58.0,Mashhad,2025-03-03,Regular
100583,23.0,Mashhad,2025-09-21,New
100584,20.0,Karaj,2023-04-11,New
100585,37.0,Karaj,2024-08-03,Regular
100586,62.0,Kerman,2025-03-04,New
100587,51.0,Shiraz,2023-02-09,New
100588,22.0,Mashhad,2024-07-14,Regular
100589,58.0,Isfahan,2023-03-02,New
100590,58.0,Mashad,2025-09-12,New
100591,56.0,Isfahan,2025-01-15,Regular
100592,61.0,Qom,2023-07-26,Regular
100593,29.0,Shiraz,2024-07-24,Regular
100594,65.0,Tehran,2023-04-30,VIP
100595,33.0,Shiraz,2025-05-30,Regular
100596,56.0,Tabriz,2023-08-03,Regular
100597,45.0,Rasht,2024-10-26,VIP
100598,55.0,Isfahan,2023-03-28,Regular
100599,48.0,Shiraz,2023-06-22,Regular
100600,48.0,Isfahan,2025-12-09,Regular
100601,47.0,Shiraz,2024-02-27,Regular
100602,55.0,Tehran,2023-05-15,VIP
100603,53.0,Rasht,2025-02-05,New
100604,24.0,Rasht,2023-08-08,VIP
100605,57.0,Shiraz,2024-10-07,Regular
100606,43.0,Shiraz,2025-06-05,Regular
100607,33.0,Tehran,2025-01-18,Regular
100608,42.0,Shiraz,2023-09-28,New
100609,64.0,Isfahan,2023-09-17,New
100610,59.0,Karaj,2023-09-01,VIP
100611,58.0,Tehran,2024-11-22,Regular
100612,40.0,tehran,2025-01-06,Regular
100613,55.0,Mashhad,2024-07-24,New
100614,36.0,Tabriz,2024-03-12,New
100615,50.0,Tabriz,2023-03-09,New
100616,48.0,Tehran,2025-07-03,New
100617,,Isfahan,2024-12-23,Regular
100618,30.0,Ahvaz,2024-11-29,VIP
100619,20.0,Tabriz,2023-04-24,Regular
100620,24.0,Tehran,2023-11-12,Regular
100621,38.0,Isfahan,2023-11-29,New
100622,40.0,Mashhad,2024-10-16,Regular
100623,25.0,Tabriz,2025-05-12,Regular
100624,38.0,Tabriz,2025-08-06,Regular
100625,47.0,Tehran,2024-07-25,Regular
100626,29.0,Tabriz,2024-02-04,New
100627,34.0,Karaj,2024-03-22,New
100628,35.0,Karaj,2025-03-17,VIP
100629,42.0,Tehran,2023-12-15,Regular
100630,35.0,Mashhad,2024-03-31,VIP
100631,53.0,Isfahan,2025-05-10,New
100632,33.0,Tehran,2024-08-17,Regular
100633,38.0,Isfahan,2024-05-27,New
100634,36.0,Tehran,2025-03-14,VIP
100635,26.0,Tehran,2023-11-13,New
100636,50.0,Tabriz,2023-03-08,Regular
100637,29.0,Tehran,2025-05-13,New
100638,32.0,Karaj,2024-05-13,New
100639,56.0,Tehran,2023-12-23,New
100640,63.0,Shiraz,2023-04-15,Regular
100641,50.0,Mashhad,2025-10-11,Regular
100642,61.0,Qom,2025-03-04,VIP
100643,59.0,Qom,2023-10-28,Regular
100644,41.0,Mashhad,2024-10-27,Regular
100645,54.0,Tabriz,2024-05-23,Regular
100646,33.0,Tehran,2023-12-24,New
100647,40.0,Shiraz,2023-12-08,Regular
100648,43.0,Tehran,2023-03-25,Regular
100649,64.0,Isfahan,2025-12-03,Regular
100650,58.0,Tehran,2025-10-10,New
100651,41.0,Ahvaz,2025-08-11,New
100652,49.0,Isfahan,2023-12-11,Regular
100653,27.0,Shiraz,2025-12-27,VIP
100654,56.0,Mashhad,2023-10-29,Regular
100655,44.0,Mashhad,2025-06-21,Regular
100656,43.0,Tehran,2023-04-21,Regular
100657,54.0,Rasht,2023-12-06,Regular
100658,48.0,Qom,2024-09-24,New
100659,21.0,Tehran,2025-11-25,New
100660,31.0,Karaj,2023-10-18,Regular
100661,26.0,Isfahan,2024-04-18,New
100662,53.0,Tehran,2025-07-11,New
100663,19.0,Shiraz,2024-06-01,Regular
100664,27.0,Tehran,2025-01-17,New
100665,46.0,Tehran,2024-04-03,VIP
100666,51.0,Karaj,2023-01-05,Regular
100667,42.0,Tehran,2023-11-06,VIP
100668,59.0,Rasht,2024-09-11,VIP
100669,62.0,Tabriz,2023-01-22,New
100670,24.0,Ahvaz,2023-09-11,Regular
100671,63.0,Tabriz,2025-11-09,Regular
100672,47.0,Ahvaz,2023-01-17,New
100673,48.0,Mashhad,2023-09-28,VIP
100674,22.0,Shiraz,2024-11-09,New
100675,47.0,Shiraz,2024-09-08,Regular
100676,52.0,Rasht,2023-08-13,Regular
100677,45.0,Tehran,2023-03-07,VIP
100678,22.0,Shiraz,2025-09-12,Regular
100679,43.0,Karaj,2024-08-26,Regular
100680,62.0,Mashhad,2024-09-19,New
100681,52.0,Ahvaz,2023-03-05,Regular
100682,24.0,Mashhad,2023-08-18,Regular
100683,64.0,Tehran,2023-03-21,Regular
100684,64.0,Shiraz,2025-12-08,Regular
100685,26.0,Isfahan,2025-04-22,New
100686,56.0,Tehran,2024-08-21,New
100687,37.0,Tehran,2025-01-15,VIP
100688,46.0,Tehran,2023-07-01,New
100689,39.0,Karaj,2025-12-18,Regular
100690,55.0,Rasht,2024-07-20,Regular
100691,65.0,Shiraz,2024-07-19,VIP
100692,56.0,Tehran,2025-11-16,New
100693,62.0,Shiraz,2023-04-16,New
100694,63.0,Ahvaz,2024-04-09,Regular
100695,22.0,Karaj,2023-04-07,Regular
100696,30.0,Mashhad,2024-04-10,Regular
100697,52.0,Tehran,2023-10-20,Regular
100698,46.0,Rasht,2024-05-19,Regular
100699,20.0,Ahvaz,2025-02-07,VIP
100700,22.0,Tehran,2023-11-03,Regular
100701,42.0,Qom,2023-02-26,VIP
100702,47.0,Tehran,2023-06-27,VIP
100703,26.0,Tehran,2025-02-22,Regular
100704,26.0,Karaj,2024-09-25,Regular
100705,24.0,Shiraz,2025-12-07,Regular
100706,45.0,Isfahan,2025-09-06,Regular
100707,18.0,Rasht,2023-06-26,Regular
100708,45.0,Ahvaz,2025-03-16,New
100709,40.0,Tehran,2023-04-09,VIP
100710,40.0,Tabriz,2023-04-16,Regular
100711,50.0,Karaj,2025-05-18,Regular
100712,43.0,Shiraz,2024-03-14,Regular
100713,52.0,Kerman,2025-12-28,Regular
100714,54.0,Karaj,2023-01-06,Regular
100715,62.0,Tehran,2024-07-04,Regular
100716,56.0,Tehran,2023-12-04,New
100717,42.0,Qom,2025-12-15,Regular
100718,41.0,Kerman,2025-01-02,Regular
100719,29.0,Tehran,2025-04-25,VIP
100720,46.0,Tehran,2023-11-14,New
100721,24.0,Karaj,2025-09-06,New
100722,62.0,Tehran,2025-07-09,Regular
100723,58.0,Tehran,2025-05-08,New
100724,23.0,Ahvaz,2024-06-06,New
100725,55.0,Qom,2025-10-06,Regular
100726,23.0,Ahvaz,2025-01-02,Regular
100727,52.0,Tabriz,2023-03-13,Regular
100728,22.0,Mashhad,2025-08-25,Regular
100729,41.0,Rasht,2023-01-23,VIP
100730,49.0,Mashhad,2025-01-17,Regular
100731,52.0,Tehran,2023-10-01,Regular
100732,38.0,Ahvaz,2025-09-09,New
100733,62.0,Karaj,2025-03-10,Regular
100734,55.0,Rasht,2025-06-03,Regular
100735,27.0,Tehran,2025-02-05,New
100736,50.0,Kerman,2024-09-12,Regular
100737,53.0,Tabriz,2025-08-03,Regular
100738,34.0,Tabriz,2023-11-22,Regular
100739,53.0,Rasht,2024-08-01,Regular
100740,,Mashhad,2023-11-23,New
100741,,Karaj,2023-05-05,Regular
100742,54.0,Tabriz,2025-08-16,VIP
100743,48.0,Qom,2024-06-28,New
100744,30.0,Rasht,2023-03-01,New
100745,56.0,Karaj,2025-06-22,New
100746,35.0,Tehran,2025-10-27,VIP
100747,43.0,Tehran,2024-12-25,New
100748,33.0,Kerman,2023-12-25,New
100749,33.0,Kerman,2025-07-30,Regular
100750,25.0,Kerman,2025-03-20,Regular
100751,64.0,Tehran,2023-11-08,Regular
100752,25.0,Mashhad,2023-12-28,VIP
100753,22.0,Karaj,2025-12-17,New
100754,62.0,Karaj,2025-11-09,Regular
100755,44.0,Tehran,2025-01-10,Regular
100756,39.0,Tabriz,2023-02-09,New
100757,53.0,Tehran,2023-09-09,Regular
100758,36.0,Isfahan,2024-01-22,Regular
100759,24.0,Tehran,2024-08-09,New
100760,53.0,Tehran,2025-08-07,New
100761,26.0,Tehran,2025-07-17,New
100762,44.0,tehran,2023-10-28,Regular
100763,63.0,Karaj,2023-04-30,New
100764,62.0,Rasht,2023-10-29,VIP
100765,35.0,Isfahan,2023-09-15,New
100766,55.0,Isfahan,2025-09-11,VIP
100767,47.0,Mashhad,2023-01-16,Regular
100768,41.0,Tabriz,2025-06-28,New
100769,24.0,Mashhad,2024-12-20,New
100770,,Karaj,2023-04-26,Regular
100771,49.0,Qom,2025-01-20,New
100772,65.0,Ahvaz,2024-09-27,New
100773,18.0,Tehran,2023-01-05,Regular
100774,52.0,Shiraz,2023-09-02,VIP
100775,58.0,Tehran,2024-01-17,Regular
100776,63.0,Tehran,2023-08-24,Regular
100777,38.0,Karaj,2024-09-25,Regular
100778,23.0,Shiraz,2024-11-04,Regular
100779,31.0,Karaj,2023-07-05,New
100780,58.0,Tehran,2023-05-16,Regular
100781,60.0,Kerman,2024-12-18,Regular
100782,48.0,Kerman,2024-05-29,Regular
100783,23.0,Isfahan,2023-10-18,VIP
100784,23.0,Ahvaz,2023-10-08,Regular
100785,40.0,Tehran,2023-02-12,Regular
100786,46.0,Karaj,2025-07-24,Regular
100787,19.0,Ahvaz,2025-07-10,New
100788,50.0,Qom,2024-08-30,New
100789,44.0,Qom,2024-01-18,VIP
100790,18.0,Isfahan,2023-08-24,Regular
100791,22.0,Qom,2023-12-03,Regular
100792,39.0,Karaj,2025-10-11,Regular
100793,52.0,Tehran,2023-04-08,Regular
100794,57.0,Tehran,2025-06-20,Regular
100795,38.0,Karaj,2023-11-30,New
100796,32.0,Tabriz,2023-10-18,Regular
100797,64.0,Shiraz,2025-06-05,Regular
100798,40.0,Rasht,2025-11-18,New
100799,33.0,Tabriz,2025-12-21,Regular
100800,39.0,Mashhad,2023-10-21,New
100801,18.0,Isfahan,2024-10-09,New
100802,32.0,Tabriz,2023-11-17,VIP
100803,42.0,Karaj,2023-07-31,VIP
100804,62.0,Shiraz,2024-02-27,Regular
100805,53.0,Isfahan,2023-03-10,New
100806,55.0,Karaj,2023-06-30,VIP
100807,44.0,Karaj,2024-10-14,Regular
100808,23.0,Ahvaz,2025-01-22,VIP
100809,36.0,Tehran,2023-10-24,New
100810,65.0,Karaj,2024-09-02,New
100811,20.0,Shiraz,2025-04-17,Regular
100812,60.0,Tehran,2025-09-06,VIP
100813,50.0,Tabriz,2024-09-14,New
100814,31.0,Karaj,2023-09-21,New
100815,55.0,Shiraz,2025-02-19,Regular
100816,58.0,Qom,2023-07-06,VIP
100817,20.0,Mashhad,2023-06-02,Regular
100818,23.0,Tehran,2024-01-28,VIP
100819,49.0,Mashhad,2023-12-27,Regular
100820,65.0,Isfahan,2023-06-09,Regular
100821,19.0,Karaj,2023-02-27,Regular
100822,49.0,Ahvaz,2025-11-02,New
100823,24.0,Karaj,2025-01-11,Regular
100824,49.0,Tehran,2025-02-24,Regular
100825,47.0,Mashhad,2023-03-14,Regular
100826,22.0,Tehran,2025-05-21,New
100827,50.0,Karaj,2024-02-04,Regular
100828,,Tehran,2025-03-30,Regular
100829,59.0,Shiraz,2024-06-20,Regular
100830,19.0,Qom,2023-09-23,VIP
100831,29.0,Tabriz,2023-10-15,Regular
100832,29.0,Mashhad,2023-06-04,New
100833,39.0,Mashhad,2025-06-27,New
100834,24.0,Tabriz,2024-04-15,Regular
100835,59.0,Shiraz,2025-05-04,New
100836,55.0,Tehran,2025-06-26,Regular
100837,56.0,Ahvaz,2023-07-02,Regular
100838,27.0,Shiraz,2023-12-28,Regular
100839,18.0,Isfahan,2023-05-16,Regular
100840,61.0,Tehran,2023-01-11,VIP
100841,31.0,Mashhad,2025-12-16,Regular
100842,49.0,Mashhad,2024-12-23,New
100843,61.0,Tehran,2024-05-09,New
100844,19.0,Shiraz,2023-08-08,Regular
100845,,Isfahan,2024-10-09,Regular
100846,18.0,Ahvaz,2024-08-17,Regular
100847,25.0,Rasht,2023-09-02,Regular
100848,20.0,Tehran,2023-01-17,Regular
100849,57.0,Tehran,2024-05-28,New
100850,47.0,Qom,2024-07-11,New
100851,65.0,Kerman,2025-05-24,Regular
100852,56.0,Ahvaz,2024-03-07,Regular
100853,64.0,Tehran,2023-04-17,Regular
100854,29.0,Tehran,2025-08-22,Regular
100855,31.0,tehran,2024-03-28,Regular
100856,58.0,Qom,2025-03-01,Regular
100857,29.0,Shiraz,2023-02-17,New
100858,20.0,Shiraz,2023-02-09,New
100859,50.0,Shiraz,2023-01-26,New
100860,56.0,Tehran,2025-05-14,New
100861,64.0,Tabriz,2023-09-21,New
100862,62.0,Tehran,2025-05-16,Regular
100863,23.0,Tabriz,2025-10-31,New
100864,55.0,Karaj,2024-12-27,New
100865,58.0,Tabriz,2025-12-15,New
100866,51.0,Mashhad,2025-10-14,New
100867,57.0,Qom,2025-03-02,New
100868,58.0,Karaj,2025-05-29,New
100869,39.0,Tehran,2024-10-22,New
100870,19.0,Tehran,2023-08-28,VIP
100871,39.0,Tabriz,2023-04-23,New
100872,27.0,Mashhad,2024-02-22,New
100873,23.0,Tehran,2024-06-04,Regular
100874,,Tehran,2024-01-19,New
100875,51.0,Tehran,2023-04-22,Regular
100876,42.0,Isfahan,2024-07-06,Regular
100877,43.0,Tabriz,2024-06-29,Regular
100878,53.0,Tehran,2025-11-10,VIP
100879,44.0,Karaj,2025-11-10,Regular
100880,48.0,Mashhad,2024-11-05,New
100881,22.0,Mashhad,2025-07-20,Regular
100882,58.0,Tehran,2023-12-09,New
100883,39.0,Qom,2025-11-27,Regular
100884,25.0,Kerman,2025-10-27,New
100885,57.0,Isfahan,2023-05-18,Regular
100886,53.0,Tehran,2025-02-05,New
100887,20.0,Tehran,2024-05-16,Regular
100888,27.0,Tehran,2023-10-19,New
100889,18.0,Ahvaz,2024-03-27,Regular
100890,30.0,Tehran,2025-09-19,Regular
100891,22.0,Kerman,2025-10-09,Regular
100892,52.0,Shiraz,2024-01-12,New
100893,43.0,Shiraz,2024-05-20,New
100894,65.0,Ahvaz,2024-07-19,Regular
100895,53.0,Tehran,2025-03-14,Regular
100896,47.0,Karaj,2024-06-08,Regular
100897,42.0,Tehran,2024-03-09,Regular
100898,20.0,Ahvaz,2025-10-08,Regular
100899,21.0,Shiraz,2024-02-13,Regular
100900,47.0,Tehran,2023-10-18,New
100901,18.0,Ahvaz,2023-12-25,Regular
100902,20.0,Tehran,2023-12-31,Regular
100903,28.0,Tehran,2024-08-30,New
100904,,Qom,2024-12-23,Regular
100905,40.0,Isfahan,2023-05-28,New
100906,52.0,Ahvaz,2025-08-28,New
100907,37.0,Tabriz,2023-10-05,Regular
100908,26.0,Tabriz,2023-05-06,Regular
100909,35.0,Mashhad,2025-01-01,New
100910,22.0,Tehran,2023-08-18,Regular
100911,54.0,Kerman,2025-04-01,New
100912,26.0,Tehran,2025-11-04,Regular
100913,36.0,Shiraz,2025-01-28,Regular
100914,65.0,Tehran,2025-05-01,Regular
100915,46.0,Tehran,2024-06-25,Regular
100916,40.0,Shiraz,2024-01-14,Regular
100917,44.0,Qom,2024-11-02,Regular
100918,55.0,Karaj,2024-01-27,New
100919,30.0,Ahvaz,2025-08-17,New
100920,48.0,Mashhad,2024-05-29,Regular
100921,59.0,Isfahan,2024-06-30,Regular
100922,45.0,Tehran,2025-01-07,New
100923,39.0,Karaj,2023-07-27,Regular
100924,24.0,Mashhad,2024-09-06,Regular
100925,29.0,Shiraz,2025-04-05,Regular
100926,63.0,Tehran,2025-04-29,VIP
100927,43.0,Qom,2023-09-04,Regular
100928,32.0,Qom,2023-03-01,Regular
100929,38.0,Ahvaz,2023-08-01,Regular
100930,45.0,Tehran,2025-06-15,New
100931,43.0,Kerman,2023-10-18,Regular
100932,51.0,Tehran,2023-03-05,Regular
100933,30.0,Mashhad,2024-10-15,Regular
100934,,Tehran,2025-08-22,VIP
100935,39.0,Tehran,2023-09-03,Regular
100936,63.0,Shiraz,2023-02-17,Regular
100937,25.0,Tehran,2023-06-03,New
100938,25.0,Mashhad,2023-05-20,VIP
100939,40.0,Tabriz,2023-08-12,Regular
100940,42.0,Ahvaz,2023-07-17,New
100941,51.0,Karaj,2024-11-28,Regular
100942,37.0,Shiraz,2023-09-02,Regular
100943,61.0,Tehran,2024-08-23,VIP
100944,40.0,Qom,2024-03-15,Regular
100945,24.0,Mashad,2024-12-17,Regular
100946,23.0,Tehran,2024-12-18,Regular
100947,64.0,Tehran,2024-10-11,Regular
100948,24.0,Tabriz,2025-09-04,Regular
100949,63.0,Mashhad,2023-08-03,New
100950,31.0,Tabriz,2024-07-28,New
100951,22.0,Mashhad,2024-03-07,VIP
100952,32.0,Isfahan,2024-08-06,VIP
100953,47.0,Isfahan,2023-06-03,VIP
100954,38.0,Tehran,2023-12-16,New
100955,55.0,Isfahan,2025-10-27,New
100956,47.0,Tabriz,2025-05-26,VIP
100957,37.0,Shiraz,2024-04-11,New
100958,48.0,Tehran,2023-05-01,Regular
100959,64.0,Tabriz,2024-12-11,New
100960,37.0,Mashhad,2023-11-26,Regular
100961,25.0,Tehran,2023-12-27,Regular
100962,37.0,Tehran,2023-04-17,New
100963,58.0,Isfahan,2023-11-13,Regular
100964,28.0,Mashhad,2023-08-23,New
100965,63.0,Karaj,2023-02-07,Regular
100966,46.0,Tehran,2024-10-04,Regular
100967,46.0,Karaj,2025-11-27,Regular
100968,33.0,Mashhad,2023-05-18,Regular
100969,62.0,Tabriz,2023-02-27,New
100970,19.0,Qom,2023-04-21,New
100971,32.0,Mashhad,2024-08-20,VIP
100972,38.0,Tehran,2025-06-23,Regular
100973,40.0,Shiraz,2023-12-06,Regular
100974,40.0,Kerman,2023-05-10,Regular
100975,25.0,Kerman,2023-04-16,VIP
100976,28.0,Tehran,2024-10-27,Regular
100977,22.0,Karaj,2024-01-26,New
100978,45.0,Mashhad,2024-01-21,Regular
100979,34.0,Tehran,2023-09-19,Regular
100980,45.0,Tabriz,2025-09-08,Regular
100981,46.0,Isfahan,2024-02-15,VIP
100982,51.0,Shiraz,2025-02-13,Regular
100983,44.0,Qom,2025-03-23,Regular
100984,49.0,Mashad,2023-03-07,Regular
100985,46.0,Tabriz,2023-09-30,Regular
100986,49.0,Mashhad,2025-09-07,Regular
100987,47.0,Tehran,2025-08-24,Regular
100988,33.0,Mashhad,2024-03-29,New
100989,29.0,Kerman,2023-06-21,Regular
100990,55.0,Isfahan,2023-11-23,New
100991,34.0,Tehran,2025-11-05,New
100992,44.0,Karaj,2025-01-06,Regular
100993,,Kerman,2023-03-24,New
100994,38.0,Rasht,2025-02-25,Regular
100995,43.0,Shiraz,2023-06-10,Regular
100996,48.0,Mashhad,2023-11-29,Regular
100997,43.0,Shiraz,2024-06-11,VIP
100998,35.0,Qom,2024-01-21,Regular
100999,64.0,Ahvaz,2025-02-03,Regular
101000,42.0,,2023-06-21,New
101001,56.0,Isfahan,2025-08-18,Regular
101002,53.0,Tehran,2024-10-11,Regular
101003,44.0,,2023-12-01,Regular
101004,60.0,Tehran,2025-11-13,Regular
101005,24.0,Tehran,2024-06-07,Regular
101006,62.0,Isfahan,2024-04-01,New
101007,58.0,Tabriz,2023-01-24,New
101008,42.0,Ahvaz,2025-12-26,VIP
101009,53.0,Qom,2025-07-15,Regular
101010,42.0,Ahvaz,2023-07-13,Regular
101011,30.0,Karaj,2025-11-03,Regular
101012,56.0,Karaj,2025-05-21,VIP
101013,29.0,Tehran,2024-04-05,Regular
101014,33.0,Tabriz,2025-10-13,New
101015,42.0,Tehran,2024-09-04,Regular
101016,,Tehran,2025-01-23,New
101017,36.0,Tehran,2023-07-20,Regular
101018,41.0,Qom,2023-04-30,Regular
101019,19.0,Karaj,2024-07-31,New
101020,23.0,Rasht,2023-12-24,New
101021,20.0,,2025-12-10,Regular
101022,21.0,Rasht,2023-04-04,VIP
101023,59.0,Tehran,2025-04-15,New
101024,58.0,Ahvaz,2024-10-20,Regular
101025,57.0,Ahvaz,2025-08-20,Regular
101026,20.0,Ahvaz,2025-12-28,Regular
101027,21.0,Tehran,2025-08-11,Regular
101028,31.0,Tehran,2024-02-15,Regular
101029,45.0,Rasht,2025-01-31,Regular
101030,34.0,Tehran,2023-06-28,Regular
101031,41.0,Mashhad,2024-06-16,VIP
101032,26.0,Isfahan,2023-10-22,Regular
101033,53.0,Tehran,2023-10-01,New
101034,33.0,Tehran,2024-09-17,Regular
101035,21.0,Kerman,2023-05-19,Regular
101036,53.0,Ahvaz,2024-09-15,New
101037,61.0,Rasht,2024-03-15,Regular
101038,18.0,Mashhad,2023-09-09,Regular
101039,38.0,Tehran,2024-09-07,New
101040,57.0,Isfahan,2025-04-02,Regular
101041,51.0,Isfahan,2024-10-29,Regular
101042,59.0,Tehran,2023-04-07,Regular
101043,37.0,Karaj,2024-09-07,Regular
101044,35.0,Kerman,2024-11-13,New
101045,52.0,Shiraz,2025-01-18,Regular
101046,25.0,Mashhad,2024-04-11,Regular
101047,29.0,Mashhad,2023-04-14,Regular
101048,46.0,Tehran,2023-05-20,Regular
101049,50.0,Tehran,2023-12-30,New
101050,23.0,Isfahan,2024-11-25,New
101051,42.0,Isfahan,2025-03-20,Regular
101052,35.0,Shiraz,2025-01-06,New
101053,42.0,Ahvaz,2023-12-08,Regular
101054,64.0,Tehran,2024-04-26,Regular
101055,21.0,Tehran,2023-02-21,New
101056,65.0,Tehran,2025-05-23,Regular
101057,39.0,Tehran,2024-01-23,Regular
101058,55.0,Shiraz,2024-07-11,New
101059,38.0,Qom,2024-05-07,Regular
101060,32.0,tehran,2023-11-09,New
101061,54.0,Tabriz,2023-07-04,VIP
101062,51.0,Mashhad,2025-11-10,Regular
101063,24.0,Tehran,2023-05-11,Regular
101064,51.0,Mashhad,2025-10-30,Regular
101065,54.0,Mashhad,2023-05-04,Regular
101066,36.0,Ahvaz,2023-04-15,Regular
101067,62.0,Isfahan,2025-09-15,New
101068,48.0,Tehran,2025-11-01,New
101069,34.0,Mashhad,2025-09-07,New
101070,18.0,Tehran,2025-04-29,Regular
101071,50.0,Rasht,2024-06-23,Regular
101072,28.0,Tehran,2023-04-27,New
101073,54.0,Tehran,2024-10-09,Regular
101074,43.0,Tehran,2024-07-22,Regular
101075,40.0,Qom,2025-03-16,New
101076,25.0,Shiraz,2023-02-08,New
101077,52.0,Tabriz,2023-03-26,Regular
101078,25.0,Mashhad,2024-10-06,New
101079,38.0,Tehran,2025-07-25,Regular
101080,58.0,Ahvaz,2025-10-18,Regular
101081,62.0,Tehran,2024-09-14,Regular
101082,65.0,Tehran,2024-02-08,Regular
101083,63.0,Shiraz,2024-05-31,New
101084,44.0,Tehran,2024-07-10,Regular
101085,27.0,Tehran,2024-11-08,Regular
101086,58.0,Qom,2023-09-07,New
101087,56.0,Isfahan,2024-03-01,Regular
101088,65.0,Tehran,2024-08-15,New
101089,49.0,Mashhad,2025-07-20,VIP
101090,24.0,Karaj,2025-05-28,Regular
101091,42.0,Tehran,2025-04-05,Regular
101092,39.0,Tehran,2023-08-24,VIP
101093,58.0,Tabriz,2024-03-21,Regular
101094,36.0,Tabriz,2024-08-29,Regular
101095,33.0,Kerman,2025-11-25,Regular
101096,21.0,Mashhad,2024-01-24,New
101097,58.0,Tehran,2025-10-02,VIP
101098,,Shiraz,2025-03-29,Regular
101099,19.0,Tabriz,2024-11-24,Regular
101100,38.0,Tehran,2025-02-07,Regular
101101,41.0,Shiraz,2025-05-18,New
101102,40.0,Tehran,2025-02-04,Regular
101103,62.0,Ahvaz,2025-01-06,New
101104,25.0,Ahvaz,2024-02-18,New
101105,32.0,Isfahan,2024-04-13,Regular
101106,26.0,Kerman,2024-10-18,New
101107,29.0,Kerman,2025-07-12,VIP
101108,61.0,Tehran,2024-12-13,Regular
101109,63.0,Mashhad,2025-12-17,Regular
101110,20.0,Tabriz,2025-01-15,New
101111,48.0,Tehran,2024-03-22,New
101112,29.0,Mashhad,2024-09-21,Regular
101113,27.0,Tehran,2024-11-13,New
101114,32.0,Kerman,2025-08-07,Regular
101115,27.0,Isfahan,2023-10-08,Regular
101116,41.0,Karaj,2023-09-30,New
101117,65.0,Mashhad,2023-08-10,Regular
101118,,Tehran,2023-03-03,New
101119,52.0,Ahvaz,2025-01-09,New
101120,41.0,Tehran,2025-11-19,Regular
101121,18.0,Tehran,2024-11-03,New
101122,22.0,Mashhad,2023-03-08,New
101123,,Karaj,2024-02-04,Regular
101124,29.0,Mashhad,2025-09-15,Regular
101125,58.0,Tehran,2023-02-26,VIP
101126,58.0,Mashhad,2024-11-01,Regular
101127,58.0,Tehran,2024-04-27,Regular
101128,48.0,Tehran,2025-10-03,Regular
101129,44.0,Shiraz,2024-07-15,Regular
101130,49.0,Tehran,2024-09-10,New
101131,37.0,Mashhad,2025-03-01,Regular
101132,50.0,Tabriz,2025-06-18,Regular
101133,56.0,Karaj,2024-07-18,New
101134,54.0,Tehran,2025-02-28,Regular
101135,47.0,Mashhad,2025-05-31,Regular
101136,20.0,Tehran,2024-07-28,Regular
101137,52.0,Kerman,2025-02-23,New
101138,35.0,Tehran,2024-02-02,VIP
101139,53.0,Tehran,2024-01-24,New
101140,43.0,Isfahan,2023-01-04,VIP
101141,60.0,Tehran,2025-01-02,Regular
101142,34.0,Tehran,2023-10-02,VIP
101143,62.0,Tehran,2025-06-10,VIP
101144,58.0,Tabriz,2025-11-08,Regular
101145,33.0,Tabriz,2025-08-17,Regular
101146,41.0,Tabriz,2023-10-29,New
101147,43.0,Karaj,2024-12-14,New
101148,54.0,Mashhad,2025-04-03,Regular
101149,51.0,Rasht,2024-07-08,Regular
101150,58.0,Karaj,2024-07-10,New
101151,35.0,Qom,2024-04-24,Regular
101152,42.0,Karaj,2023-12-04,VIP
101153,38.0,Mashhad,2024-09-19,Regular
101154,61.0,Mashhad,2025-12-21,New
101155,32.0,Isfahan,2023-08-28,Regular
101156,46.0,Tehran,2023-02-21,New
101157,23.0,Isfahan,2023-03-03,New
101158,58.0,Tehran,2024-09-29,VIP
101159,36.0,Tehran,2023-10-23,VIP
101160,34.0,Rasht,2024-05-20,New
101161,45.0,Karaj,2025-11-06,New
101162,41.0,Shiraz,2023-03-25,Regular
101163,58.0,Mashhad,2023-07-11,Regular
101164,43.0,Shiraz,2023-08-23,New
101165,42.0,Rasht,2024-05-15,New
101166,23.0,Tabriz,2025-01-30,Regular
101167,19.0,Tabriz,2023-07-20,New
101168,37.0,Isfahan,2023-04-29,Regular
101169,65.0,,2023-04-04,Regular
101170,62.0,Karaj,2025-05-27,Regular
101171,48.0,Kerman,2023-02-02,Regular
101172,48.0,Isfahan,2024-11-15,Regular
101173,36.0,Mashhad,2024-09-25,New
101174,26.0,Isfahan,2023-04-21,Regular
101175,18.0,Isfahan,2024-08-28,New
101176,34.0,Kerman,2023-11-11,VIP
101177,33.0,Karaj,2024-07-17,New
101178,27.0,Mashhad,2023-05-31,Regular
101179,30.0,Mashhad,2025-01-01,New
101180,19.0,Isfahan,2025-05-23,Regular
101181,47.0,Tehran,2023-01-04,Regular
101182,62.0,Shiraz,2024-08-06,New
101183,51.0,Qom,2024-12-10,Regular
101184,39.0,Tabriz,2023-01-04,New
101185,38.0,Tehran,2025-03-03,Regular
101186,32.0,Karaj,2024-08-17,New
101187,24.0,Karaj,2023-12-02,Regular
101188,46.0,Tehran,2024-06-12,Regular
101189,45.0,Tabriz,2025-01-16,Regular
101190,18.0,Tabriz,2024-12-05,Regular
101191,37.0,Ahvaz,2025-04-30,VIP
101192,31.0,Tehran,2023-02-08,Regular
101193,26.0,Tehran,2025-05-12,New
101194,51.0,Isfahan,2023-02-08,Regular
101195,43.0,Tehran,2024-12-12,New
101196,48.0,Isfahan,2024-01-18,Regular
101197,52.0,Qom,2023-03-11,New
101198,65.0,Tehran,2025-01-23,Regular
101199,56.0,Isfahan,2024-08-28,Regular
101200,47.0,Kerman,2024-12-30,Regular
101201,60.0,Isfahan,2024-02-16,New
101202,40.0,Isfahan,2023-11-01,New
101203,65.0,Shiraz,2024-11-15,Regular
101204,54.0,Tehran,2023-08-25,Regular
101205,49.0,Tehran,2025-06-08,VIP
101206,61.0,Tabriz,2025-01-18,Regular
101207,42.0,Mashhad,2025-12-30,New
101208,52.0,Mashhad,2023-01-30,Regular
101209,31.0,Tehran,2024-10-03,Regular
101210,,Ahvaz,2024-09-01,New
101211,47.0,Tehran,2025-07-28,Regular
101212,55.0,Karaj,2024-04-09,New
101213,40.0,Mashhad,2025-10-22,New
101214,59.0,Shiraz,2023-09-19,New
101215,21.0,tehran,2025-07-24,Regular
101216,23.0,Tehran,2024-07-23,Regular
101217,42.0,Shiraz,2025-10-30,New
101218,53.0,Karaj,2023-08-26,Regular
101219,56.0,Tehran,2023-10-12,Regular
101220,39.0,Isfahan,2024-09-09,Regular
101221,,Isfahan,2024-08-27,New
101222,44.0,Tehran,2023-06-13,New
101223,64.0,Shiraz,2024-12-14,New
101224,49.0,Tehran,2024-03-20,VIP
101225,38.0,Isfahan,2023-06-15,Regular
101226,64.0,Tehran,2024-07-12,New
101227,23.0,Isfahan,2025-02-03,Regular
101228,65.0,Mashhad,2023-02-04,New
101229,25.0,Isfahan,2025-10-04,New
101230,31.0,Isfahan,2024-10-30,New
101231,57.0,Rasht,2023-10-13,New
101232,53.0,Isfahan,2025-04-01,New
101233,64.0,Qom,2025-07-12,New
101234,53.0,Tehran,2025-11-12,Regular
101235,48.0,Mashhad,2025-05-15,Regular
101236,34.0,Tehran,2023-08-11,Regular
101237,18.0,Isfahan,2023-06-29,Regular
101238,23.0,Tabriz,2023-08-17,Regular
101239,32.0,Ahvaz,2025-08-16,Regular
101240,19.0,Shiraz,2023-11-30,VIP
101241,42.0,Tabriz,2023-12-28,New
101242,55.0,Tehran,2025-09-02,Regular
101243,64.0,Tehran,2023-08-12,New
101244,41.0,Qom,2024-03-21,Regular
101245,60.0,Tehran,2023-11-21,Regular
101246,65.0,Tehran,2023-11-27,Regular
101247,59.0,Rasht,2024-10-14,VIP
101248,40.0,Kerman,2025-03-22,Regular
101249,33.0,Tabriz,2023-10-18,New
101250,64.0,,2023-02-11,Regular
101251,29.0,Ahvaz,2024-12-01,New
101252,37.0,Tehran,2024-08-23,Regular
101253,21.0,Isfahan,2024-12-22,Regular
101254,56.0,Mashhad,2024-05-07,Regular
101255,49.0,Rasht,2025-04-30,Regular
101256,22.0,Rasht,2024-11-15,New
101257,28.0,Tabriz,2025-04-09,New
101258,44.0,Tehran,2025-03-11,VIP
101259,43.0,Isfahan,2024-06-27,New
101260,,Tehran,2023-12-22,New
101261,30.0,Ahvaz,2024-09-29,Regular
101262,62.0,Tehran,2024-11-27,Regular
101263,39.0,Tehran,2024-09-17,New
101264,57.0,Karaj,2024-07-28,New
101265,29.0,Isfahan,2024-01-11,Regular
101266,19.0,Ahvaz,2023-05-27,Regular
101267,,Tehran,2024-04-13,Regular
101268,35.0,Qom,2025-08-23,New
101269,63.0,Tehran,2025-02-23,VIP
101270,20.0,Tehran,2025-04-06,New
101271,35.0,Isfahan,2025-03-17,New
101272,23.0,Tehran,2025-10-06,VIP
101273,62.0,Shiraz,2023-09-05,Regular
101274,50.0,Tehran,2025-02-27,New
101275,54.0,Tehran,2023-03-18,Regular
101276,52.0,Karaj,2023-09-26,Regular
101277,49.0,Tehran,2023-02-02,New
101278,55.0,Tabriz,2024-04-16,New
101279,18.0,Karaj,2023-06-04,Regular
101280,59.0,Tehran,2024-02-28,Regular
101281,53.0,Karaj,2023-05-28,Regular
101282,53.0,Tehran,2023-02-09,Regular
101283,36.0,Mashhad,2024-06-06,VIP
101284,56.0,Tehran,2024-03-25,New
101285,36.0,Ahvaz,2024-04-01,Regular
101286,20.0,Shiraz,2024-01-14,New
101287,61.0,Isfahan,2024-03-24,Regular
101288,29.0,Kerman,2023-01-05,Regular
101289,22.0,Mashhad,2024-06-07,New
101290,47.0,Rasht,2025-07-16,Regular
101291,29.0,Karaj,2023-06-02,Regular
101292,59.0,Rasht,2023-06-07,Regular
101293,39.0,Rasht,2025-05-04,New
101294,18.0,Kerman,2024-07-02,New
101295,63.0,Tehran,2023-10-09,Regular
101296,42.0,Qom,2025-05-09,Regular
101297,30.0,,2023-12-22,Regular
101298,50.0,Tabriz,2024-10-23,New
101299,43.0,Tehran,2024-08-31,Regular
101300,,Kerman,2023-07-05,New
101301,54.0,Tehran,2025-04-06,New
101302,37.0,Isfahan,2024-11-07,Regular
101303,51.0,Shiraz,2023-08-17,Regular
101304,60.0,Tehran,2025-04-09,VIP
101305,47.0,Karaj,2024-11-10,Regular
101306,50.0,Tehran,2025-07-24,New
101307,30.0,Karaj,2025-06-17,Regular
101308,29.0,Ahvaz,2023-12-15,New
101309,37.0,Mashhad,2025-10-22,VIP
101310,58.0,Karaj,2023-02-07,New
101311,43.0,Tehran,2024-01-01,VIP
101312,34.0,Ahvaz,2024-10-27,Regular
101313,55.0,Kerman,2024-08-08,Regular
101314,58.0,Tehran,2023-09-05,New
101315,61.0,Karaj,2023-08-07,Regular
101316,32.0,Isfahan,2025-05-05,Regular
101317,52.0,Shiraz,2025-08-17,New
101318,46.0,Karaj,2025-01-14,Regular
101319,39.0,Isfahan,2024-08-03,Regular
101320,37.0,Tabriz,2025-04-26,VIP
101321,23.0,Tehran,2023-09-20,Regular
101322,31.0,Mashhad,2025-11-25,Regular
101323,44.0,Ahvaz,2023-05-17,Regular
101324,60.0,Tehran,2024-10-02,New
101325,59.0,Shiraz,2024-01-09,Regular
101326,27.0,Tehran,2025-09-17,Regular
101327,50.0,Ahvaz,2023-09-26,Regular
101328,22.0,Shiraz,2024-12-03,Regular
101329,50.0,Mashhad,2023-06-21,Regular
101330,34.0,Tehran,2023-07-19,Regular
101331,39.0,Isfahan,2024-03-31,Regular
101332,52.0,Kerman,2025-05-25,New
101333,38.0,Isfahan,2023-11-01,VIP
101334,56.0,Isfahan,2025-01-29,VIP
101335,43.0,Karaj,2024-09-17,Regular
101336,65.0,Mashhad,2025-12-06,Regular
101337,48.0,Isfahan,2023-11-26,Regular
101338,32.0,Mashhad,2023-09-24,Regular
101339,55.0,Tehran,2025-09-15,Regular
101340,37.0,Karaj,2023-12-31,New
101341,43.0,Ahvaz,2023-08-24,Regular
101342,24.0,tehran,2025-06-18,New
101343,23.0,Ahvaz,2025-06-09,Regular
101344,45.0,Isfahan,2023-03-10,Regular
101345,26.0,Mashhad,2025-07-26,Regular
101346,65.0,Tabriz,2024-11-24,Regular
101347,59.0,Mashad,2023-11-02,Regular
101348,51.0,Karaj,2024-08-09,VIP
101349,53.0,Isfahan,2023-09-19,Regular
101350,46.0,Karaj,2023-07-04,New
101351,20.0,Karaj,2023-05-25,New
101352,36.0,Rasht,2023-06-30,Regular
101353,41.0,Karaj,2024-09-30,Regular
101354,61.0,Isfahan,2025-06-06,Regular
101355,28.0,Tehran,2024-06-16,New
101356,41.0,Isfahan,2023-01-17,New
101357,34.0,Mashhad,2024-04-14,Regular
101358,24.0,Rasht,2025-03-28,Regular
101359,22.0,Isfahan,2025-07-03,New
101360,35.0,Isfahan,2025-03-13,New
101361,21.0,Mashhad,2024-02-09,New
101362,21.0,Tabriz,2024-12-12,Regular
101363,34.0,Shiraz,2023-03-16,Regular
101364,27.0,Tehran,2024-03-24,Regular
101365,44.0,Ahvaz,2024-08-10,Regular
101366,18.0,Mashhad,2023-02-01,Regular
101367,32.0,Isfahan,2023-01-16,New
101368,39.0,Tehran,2025-05-27,New
101369,64.0,Shiraz,2023-08-30,Regular
101370,48.0,Karaj,2023-05-18,VIP
101371,60.0,Ahvaz,2024-10-10,Regular
101372,34.0,Tehran,2023-11-04,Regular
101373,39.0,Kerman,2025-12-08,Regular
101374,38.0,Karaj,2025-11-02,New
101375,60.0,Mashhad,2025-06-21,Regular
101376,64.0,Tehran,2023-11-27,Regular
101377,64.0,Mashhad,2025-08-16,VIP
101378,54.0,Ahvaz,2023-10-07,New
101379,42.0,Mashhad,2023-09-20,Regular
101380,43.0,Isfahan,2025-12-01,VIP
101381,65.0,Karaj,2025-01-08,Regular
101382,31.0,Ahvaz,2023-04-05,Regular
101383,34.0,Tabriz,2025-08-28,New
101384,61.0,Karaj,2023-06-25,New
101385,36.0,Tehran,2025-01-15,Regular
101386,29.0,Ahvaz,2024-04-24,New
101387,44.0,Tehran,2023-01-20,Regular
101388,33.0,Tehran,2025-05-12,Regular
101389,60.0,Kerman,2025-01-21,Regular
101390,61.0,Tehran,2025-08-26,New
101391,32.0,Tehran,2024-10-31,New
101392,43.0,Tabriz,2025-04-07,Regular
101393,65.0,Mashhad,2025-09-19,New
101394,53.0,Tehran,2025-12-04,New
101395,28.0,Tabriz,2024-09-05,Regular
101396,46.0,Karaj,2023-01-19,New
101397,47.0,Qom,2024-01-14,New
101398,49.0,Tehran,2024-11-09,New
101399,19.0,Shiraz,2023-05-01,Regular
101400,32.0,Qom,2023-05-08,New
101401,59.0,Tehran,2024-03-08,Regular
101402,29.0,Tehran,2025-09-23,Regular
101403,32.0,Tehran,2023-12-19,Regular
101404,33.0,Shiraz,2025-10-21,Regular
101405,26.0,Tehran,2025-05-29,New
101406,25.0,Karaj,2023-11-28,New
101407,34.0,Kerman,2023-09-10,Regular
101408,59.0,Tehran,2025-06-25,VIP
101409,18.0,Tabriz,2025-04-07,Regular
101410,31.0,Tehran,2024-11-21,Regular
101411,20.0,Tehran,2025-12-07,VIP
101412,44.0,Karaj,2023-04-21,Regular
101413,30.0,Isfahan,2024-02-27,Regular
101414,56.0,Rasht,2024-10-22,Regular
101415,46.0,Shiraz,2023-03-20,Regular
101416,55.0,Tehran,2025-12-04,Regular
101417,48.0,Isfahan,2024-09-18,Regular
101418,39.0,Tehran,2023-12-04,Regular
101419,59.0,Ahvaz,2023-09-19,Regular
101420,40.0,Karaj,2023-01-02,VIP
101421,63.0,Mashhad,2024-10-10,VIP
101422,65.0,Shiraz,2025-12-05,Regular
101423,46.0,Tabriz,2023-02-09,New
101424,50.0,Qom,2024-03-29,Regular
101425,30.0,tehran,2024-12-25,New
101426,57.0,Tehran,2024-04-16,Regular
101427,50.0,Tehran,2024-12-13,New
101428,61.0,Mashhad,2025-02-19,Regular
101429,30.0,Isfahan,2025-11-23,VIP
101430,55.0,Tehran,2024-10-23,New
101431,40.0,Isfahan,2025-02-16,Regular
101432,26.0,Isfahan,2023-11-27,Regular
101433,26.0,Tehran,2023-06-15,New
101434,44.0,Rasht,2023-04-20,New
101435,33.0,Shiraz,2023-04-30,Regular
101436,22.0,Mashhad,2025-06-24,Regular
101437,38.0,Isfahan,2023-02-14,Regular
101438,49.0,Mashhad,2024-06-13,New
101439,33.0,Ahvaz,2024-11-02,New
101440,63.0,Shiraz,2025-01-06,Regular
101441,55.0,Isfahan,2023-03-14,New
101442,42.0,Rasht,2025-07-31,Regular
101443,62.0,Ahvaz,2024-04-23,New
101444,38.0,Qom,2023-01-20,Regular
101445,24.0,Tehran,2023-05-26,Regular
101446,19.0,Tehran,2025-07-30,Regular
101447,63.0,Karaj,2025-10-29,New
101448,64.0,Isfahan,2025-04-03,Regular
101449,53.0,Karaj,2024-01-01,Regular
101450,22.0,Karaj,2025-11-02,Regular
101451,32.0,Mashhad,2023-10-29,New
101452,19.0,Mashhad,2023-09-13,New
101453,20.0,Isfahan,2025-04-17,Regular
101454,29.0,Tehran,2023-12-20,Regular
101455,45.0,Tabriz,2024-07-23,VIP
101456,,Karaj,2024-12-25,Regular
101457,65.0,Isfahan,2023-07-01,Regular
101458,39.0,Karaj,2025-10-10,VIP
101459,30.0,Shiraz,2023-07-02,Regular
101460,42.0,Karaj,2025-12-22,New
101461,55.0,Tehran,2023-10-31,New
101462,33.0,Karaj,2024-04-01,Regular
101463,20.0,Karaj,2023-10-05,Regular
101464,20.0,Tehran,2024-08-13,VIP
101465,58.0,Shiraz,2023-01-01,New
101466,23.0,Ahvaz,2023-07-06,New
101467,48.0,Tehran,2024-07-22,Regular
101468,36.0,Karaj,2025-01-29,Regular
101469,55.0,Kerman,2025-11-20,Regular
101470,20.0,Ahvaz,2025-07-05,New
101471,61.0,Mashhad,2025-10-06,Regular
101472,51.0,Tabriz,2025-05-24,Regular
101473,39.0,Kerman,2025-04-30,VIP
101474,27.0,Shiraz,2024-01-14,New
101475,64.0,Tehran,2025-09-17,Regular
101476,32.0,Tehran,2025-11-20,New
101477,41.0,Qom,2024-07-16,Regular
101478,36.0,Isfahan,2023-05-12,New
101479,29.0,Tehran,2023-02-16,VIP
101480,37.0,Mashhad,2024-06-24,New
101481,25.0,Karaj,2024-11-26,Regular
101482,18.0,Isfahan,2024-08-30,Regular
101483,31.0,Ahvaz,2025-09-08,New
101484,23.0,Karaj,2024-08-10,New
101485,37.0,Kerman,2024-12-24,Regular
101486,59.0,Ahvaz,2025-04-09,Regular
101487,25.0,Tehran,2025-09-06,Regular
101488,18.0,Tabriz,2024-10-29,Regular
101489,23.0,Tehran,2024-09-02,New
101490,42.0,Kerman,2023-03-26,VIP
101491,31.0,Tehran,2024-12-04,New
101492,41.0,Tabriz,2023-07-16,Regular
101493,19.0,Ahvaz,2024-02-08,VIP
101494,33.0,Tehran,2024-08-05,VIP
101495,37.0,Ahvaz,2023-04-01,New
101496,38.0,Tehran,2025-01-30,New
101497,44.0,Isfahan,2023-11-04,Regular
101498,55.0,Isfahan,2024-07-17,New
101499,40.0,Mashhad,2024-01-19,Regular
101500,58.0,Shiraz,2024-01-25,Regular
101501,43.0,Rasht,2024-03-07,New
101502,30.0,Mashhad,2023-02-25,Regular
101503,28.0,Shiraz,2023-08-02,Regular
101504,33.0,Ahvaz,2025-05-10,Regular
101505,46.0,Karaj,2023-05-14,Regular
101506,,Tehran,2024-06-28,New
101507,61.0,Rasht,2023-06-03,Regular
101508,41.0,Tehran,2024-08-12,Regular
101509,59.0,Shiraz,2024-12-05,Regular
101510,50.0,Shiraz,2024-05-28,Regular
101511,34.0,Qom,2025-04-24,VIP
101512,28.0,Tehran,2023-10-18,Regular
101513,53.0,Tehran,2024-09-02,Regular
101514,33.0,Karaj,2023-10-30,New
101515,29.0,Tehran,2024-07-11,Regular
101516,62.0,Isfahan,2023-03-11,Regular
101517,41.0,Karaj,2023-10-22,Regular
101518,20.0,Tabriz,2025-02-13,Regular
101519,41.0,Tehran,2025-05-01,New
101520,40.0,Mashhad,2023-10-25,Regular
101521,59.0,Kerman,2023-10-10,Regular
101522,52.0,Isfahan,2023-11-23,VIP
101523,27.0,,2023-11-02,Regular
101524,25.0,Tehran,2025-12-23,VIP
101525,46.0,Mashhad,2024-12-13,Regular
101526,20.0,Kerman,2024-02-27,Regular
101527,33.0,Mashhad,2024-05-20,Regular
101528,24.0,Tehran,2024-07-13,Regular
101529,18.0,Shiraz,2024-08-28,Regular
101530,62.0,Tehran,2024-02-28,Regular
101531,22.0,Tehran,2025-12-02,VIP
101532,18.0,Kerman,2023-11-14,New
101533,62.0,Karaj,2024-04-12,Regular
101534,27.0,Tehran,2023-01-07,New
101535,57.0,Isfahan,2024-06-22,Regular
101536,19.0,Tehran,2025-07-25,New
101537,25.0,Tehran,2025-12-28,New
101538,23.0,Shiraz,2024-06-02,Regular
101539,51.0,Isfahan,2023-06-02,New
101540,47.0,Karaj,2025-02-27,New
101541,40.0,Rasht,2024-12-02,Regular
101542,29.0,Tehran,2025-11-15,New
101543,22.0,Rasht,2024-07-07,New
101544,45.0,Shiraz,2023-01-04,New
101545,29.0,Tehran,2025-09-13,New
101546,46.0,Ahvaz,2025-01-09,New
101547,50.0,Tehran,2025-05-26,VIP
101548,58.0,Shiraz,2023-05-10,Regular
101549,41.0,tehran,2024-05-15,Regular
101550,18.0,Tehran,2024-05-16,Regular
101551,31.0,Ahvaz,2023-10-21,New
101552,58.0,Tehran,2025-07-16,Regular
101553,43.0,Ahvaz,2023-07-25,VIP
101554,47.0,Tehran,2023-03-20,New
101555,39.0,Tehran,2023-09-14,New
101556,25.0,Mashhad,2025-12-19,Regular
101557,61.0,Ahvaz,2023-05-05,New
101558,55.0,Tehran,2024-09-28,New
101559,65.0,Ahvaz,2023-07-20,Regular
101560,59.0,Tehran,2024-03-08,Regular
101561,31.0,Isfahan,2024-08-27,New
101562,30.0,Mashhad,2023-01-22,Regular
101563,29.0,Tehran,2023-09-22,New
101564,62.0,Rasht,2024-10-04,New
101565,44.0,Isfahan,2023-01-16,Regular
101566,39.0,Karaj,2024-06-25,Regular
101567,64.0,Shiraz,2024-10-22,Regular
101568,46.0,Isfahan,2023-08-24,Regular
101569,61.0,Tabriz,2023-06-27,Regular
101570,65.0,Rasht,2024-06-21,Regular
101571,21.0,Karaj,2025-02-25,Regular
101572,35.0,,2023-01-15,Regular
101573,53.0,Tabriz,2024-01-05,Regular
101574,57.0,Tabriz,2025-12-30,New
101575,25.0,Isfahan,2024-01-03,Regular
101576,33.0,Tabriz,2023-12-30,New
101577,44.0,Isfahan,2025-03-18,Regular
101578,56.0,Karaj,2024-06-09,Regular
101579,23.0,Kerman,2024-03-04,Regular
101580,46.0,Kerman,2025-05-09,New
101581,32.0,Qom,2023-02-03,Regular
101582,28.0,Tabriz,2025-02-19,Regular
101583,42.0,Karaj,2024-02-21,VIP
101584,37.0,Tehran,2025-08-30,Regular
101585,48.0,Isfahan,2025-03-04,New
101586,33.0,Tehran,2025-10-27,Regular
101587,57.0,Tehran,2023-05-21,Regular
101588,21.0,Kerman,2023-07-27,New
101589,59.0,tehran,2025-09-15,Regular
101590,19.0,Shiraz,2024-03-03,Regular
101591,53.0,Tehran,2025-06-12,Regular
101592,34.0,Karaj,2025-01-22,Regular
101593,36.0,Isfahan,2024-07-01,New
101594,18.0,Qom,2023-02-19,Regular
101595,51.0,Kerman,2023-03-22,Regular
101596,25.0,Mashhad,2025-02-24,New
101597,49.0,Tehran,2023-04-17,Regular
101598,52.0,Tehran,2023-01-06,Regular
101599,58.0,Tehran,2023-08-29,Regular
101600,51.0,Mashhad,2025-09-27,Regular
101601,32.0,Tehran,2024-11-17,Regular
101602,,Tehran,2025-02-25,Regular
101603,57.0,Mashad,2024-12-15,Regular
101604,33.0,Tehran,2024-09-11,Regular
101605,23.0,Karaj,2023-10-08,Regular
101606,60.0,Tehran,2024-04-14,Regular
101607,25.0,Ahvaz,2024-08-19,Regular
101608,46.0,Tehran,2025-12-17,VIP
101609,29.0,Tehran,2025-09-11,Regular
101610,24.0,Tehran,2025-03-17,Regular
101611,55.0,Karaj,2025-06-09,New
101612,24.0,Tehran,2025-06-02,New
101613,50.0,Isfahan,2025-01-01,Regular
101614,51.0,Tehran,2025-06-22,New
101615,20.0,Kerman,2023-03-22,Regular
101616,26.0,Tehran,2023-01-24,New
101617,56.0,Isfahan,2024-05-01,New
101618,42.0,Ahvaz,2023-03-01,Regular
101619,23.0,Tehran,2024-01-07,Regular
101620,65.0,Tehran,2023-08-06,New
101621,30.0,Qom,2025-11-14,Regular
101622,18.0,Tehran,2024-12-18,New
101623,62.0,Tehran,2023-02-15,New
101624,18.0,Isfahan,2024-11-14,VIP
101625,44.0,Tehran,2025-03-13,VIP
101626,65.0,Rasht,2023-12-23,Regular
101627,45.0,Tabriz,2025-08-24,Regular
101628,46.0,Shiraz,2025-12-01,Regular
101629,36.0,Tehran,2025-12-09,Regular
101630,24.0,Karaj,2023-04-12,New
101631,45.0,Tabriz,2024-05-06,New
101632,61.0,Tehran,2025-04-30,New
101633,22.0,Ahvaz,2024-04-29,Regular
101634,60.0,Shiraz,2024-06-10,Regular
101635,37.0,Qom,2023-12-26,New
101636,43.0,Tehran,2024-04-03,New
101637,25.0,Tehran,2025-01-30,New
101638,47.0,Karaj,2023-01-28,Regular
101639,26.0,Qom,2025-05-25,Regular
101640,31.0,Mashhad,2025-03-07,Regular
101641,52.0,Tehran,2023-06-01,Regular
101642,20.0,Qom,2025-04-24,New
101643,39.0,Tehran,2024-07-24,Regular
101644,46.0,Mashhad,2023-12-16,Regular
101645,24.0,Tabriz,2024-05-13,New
101646,32.0,Tehran,2024-07-20,Regular
101647,34.0,Tehran,2023-08-19,Regular
101648,49.0,Tehran,2024-10-26,New
101649,64.0,Rasht,2024-11-20,Regular
101650,58.0,Mashhad,2024-02-07,Regular
101651,,Tabriz,2024-05-19,Regular
101652,18.0,tehran,2024-11-05,Regular
101653,20.0,Tabriz,2024-07-05,New
101654,46.0,Shiraz,2024-04-20,Regular
101655,25.0,Shiraz,2025-11-13,New
101656,29.0,Mashhad,2025-08-19,New
101657,58.0,Shiraz,2024-02-20,New
101658,,Kerman,2025-02-25,Regular
101659,58.0,Qom,2025-06-06,Regular
101660,30.0,Isfahan,2023-05-01,Regular
101661,47.0,Mashhad,2024-10-10,Regular
101662,47.0,Ahvaz,2025-05-25,VIP
101663,26.0,,2023-03-04,Regular
101664,44.0,Ahvaz,2024-01-05,Regular
101665,,Tehran,2025-05-23,New
101666,37.0,Karaj,2025-10-21,New
101667,54.0,Qom,2025-12-22,Regular
101668,50.0,Isfahan,2024-10-22,Regular
101669,43.0,Tehran,2023-02-16,New
101670,52.0,Ahvaz,2023-01-31,Regular
101671,54.0,Mashhad,2025-06-07,Regular
101672,45.0,Mashhad,2025-03-15,Regular
101673,30.0,Shiraz,2023-08-01,New
101674,54.0,Isfahan,2023-05-24,New
101675,52.0,Karaj,2023-06-09,New
101676,65.0,Tehran,2025-08-18,Regular
101677,25.0,Isfahan,2025-04-17,Regular
101678,38.0,Rasht,2025-11-04,New
101679,62.0,Tehran,2023-05-05,New
101680,42.0,Isfahan,2025-01-31,Regular
101681,63.0,Tabriz,2025-10-08,New
101682,18.0,Ahvaz,2024-08-06,Regular
101683,19.0,Shiraz,2025-04-27,Regular
101684,56.0,Qom,2024-10-21,Regular
101685,35.0,Tehran,2023-01-08,New
101686,,Mashhad,2024-04-14,VIP
101687,,Rasht,2023-10-14,Regular
101688,37.0,Ahvaz,2023-04-02,Regular
101689,63.0,Shiraz,2024-10-14,VIP
101690,22.0,Isfahan,2025-10-14,Regular
101691,55.0,Isfahan,2023-03-01,New
101692,60.0,Tehran,2023-12-27,Regular
101693,49.0,Rasht,2025-01-03,Regular
101694,36.0,Qom,2023-12-09,Regular
101695,25.0,Isfahan,2023-05-08,Regular
101696,50.0,Tehran,2023-07-29,Regular
101697,40.0,Mashhad,2023-01-27,New
101698,25.0,Tehran,2025-12-22,New
101699,35.0,Karaj,2024-06-22,Regular
101700,64.0,,2025-10-29,Regular
101701,30.0,Tehran,2025-01-20,New
101702,26.0,Tabriz,2024-01-18,Regular
101703,50.0,Kerman,2025-10-28,Regular
101704,27.0,Tehran,2023-10-12,Regular
101705,62.0,Isfahan,2023-07-17,New
101706,59.0,Isfahan,2025-05-31,New
101707,65.0,Tehran,2024-08-28,Regular
101708,61.0,Shiraz,2024-04-07,Regular
101709,29.0,Tabriz,2024-10-06,New
101710,28.0,Tehran,2025-11-25,Regular
101711,34.0,Tehran,2023-11-03,Regular
101712,40.0,Ahvaz,2025-09-13,Regular
101713,60.0,Mashhad,2025-09-24,Regular
101714,53.0,Tabriz,2025-04-11,Regular
101715,48.0,Tabriz,2023-06-22,Regular
101716,60.0,Ahvaz,2023-04-09,Regular
101717,49.0,Karaj,2023-05-12,New
101718,36.0,Ahvaz,2025-02-07,Regular
101719,37.0,Tabriz,2024-03-13,Regular
101720,42.0,Isfahan,2025-12-17,Regular
101721,22.0,Mashhad,2023-01-07,Regular
101722,53.0,Mashhad,2024-02-13,Regular
101723,49.0,Isfahan,2023-10-17,New
101724,53.0,Tehran,2025-08-23,VIP
101725,43.0,Isfahan,2023-05-13,New
101726,55.0,Mashhad,2024-03-22,New
101727,63.0,Tehran,2025-08-07,Regular
101728,45.0,Tehran,2025-11-29,VIP
101729,39.0,Karaj,2025-09-30,Regular
101730,23.0,Shiraz,2024-12-16,Regular
101731,55.0,Qom,2023-06-28,Regular
101732,61.0,Shiraz,2023-04-16,Regular
101733,51.0,Ahvaz,2024-03-26,Regular
101734,59.0,Qom,2024-06-08,New
101735,59.0,Tehran,2024-07-16,Regular
101736,56.0,Kerman,2023-02-24,Regular
101737,42.0,Tehran,2025-01-09,New
101738,22.0,Shiraz,2024-03-08,New
101739,18.0,Qom,2023-04-30,New
101740,27.0,Mashhad,2025-09-29,VIP
101741,38.0,Shiraz,2024-01-26,Regular
101742,53.0,Mashhad,2023-09-12,Regular
101743,39.0,Tehran,2024-06-23,New
101744,19.0,Tehran,2025-11-06,Regular
101745,28.0,Tehran,2025-06-22,Regular
101746,65.0,Tehran,2023-04-20,VIP
101747,65.0,Tabriz,2025-01-21,Regular
101748,36.0,Shiraz,2024-12-28,Regular
101749,56.0,Isfahan,2025-08-28,Regular
101750,52.0,Karaj,2025-11-23,Regular
101751,62.0,Tehran,2025-03-27,VIP
101752,60.0,Tehran,2024-12-17,Regular
101753,48.0,Karaj,2024-01-23,Regular
101754,36.0,Rasht,2025-09-11,New
101755,48.0,Isfahan,2025-10-29,Regular
101756,33.0,Tehran,2025-12-21,VIP
101757,34.0,Qom,2025-11-11,Regular
101758,47.0,Ahvaz,2024-12-03,Regular
101759,45.0,Isfahan,2025-11-13,Regular
101760,45.0,Tehran,2025-05-06,Regular
101761,36.0,Tehran,2023-09-21,New
101762,37.0,Shiraz,2023-02-05,VIP
101763,18.0,Rasht,2025-12-09,New
101764,,Tabriz,2024-04-12,New
101765,45.0,Mashhad,2025-08-14,Regular
101766,62.0,Tabriz,2023-11-12,Regular
101767,42.0,Ahvaz,2024-01-30,Regular
101768,40.0,Isfahan,2025-06-21,New
101769,21.0,Qom,2024-07-29,VIP
101770,,Mashhad,2025-01-11,Regular
101771,34.0,Mashhad,2023-12-17,VIP
101772,36.0,Shiraz,2024-11-03,New
101773,,Isfahan,2024-06-17,Regular
101774,,Kerman,2025-10-17,New
101775,54.0,Shiraz,2024-06-22,Regular
101776,24.0,Mashhad,2023-04-08,New
101777,33.0,Mashhad,2025-03-17,New
101778,25.0,Shiraz,2025-11-10,Regular
101779,32.0,Mashhad,2025-08-24,Regular
101780,50.0,Karaj,2023-04-21,Regular
101781,20.0,Mashhad,2025-12-29,Regular
101782,34.0,Mashhad,2024-01-15,Regular
101783,19.0,Tabriz,2025-07-02,Regular
101784,63.0,Tehran,2024-11-21,Regular
101785,52.0,Tabriz,2025-12-01,Regular
101786,29.0,Isfahan,2024-01-09,Regular
101787,27.0,Isfahan,2024-10-27,New
101788,22.0,Karaj,2025-01-17,Regular
101789,40.0,Karaj,2023-06-19,Regular
101790,54.0,Ahvaz,2025-04-29,VIP
101791,46.0,Mashhad,2023-06-07,Regular
101792,60.0,Mashhad,2025-06-26,Regular
101793,34.0,Karaj,2023-05-19,Regular
101794,31.0,Shiraz,2023-07-16,VIP
101795,40.0,Tabriz,2024-06-25,Regular
101796,27.0,Shiraz,2023-07-19,New
101797,64.0,Karaj,2023-03-25,Regular
101798,26.0,Tehran,2023-02-27,Regular
101799,40.0,Shiraz,2023-11-10,New
101800,43.0,Tehran,2024-06-21,New
101801,20.0,Mashhad,2023-02-18,Regular
101802,40.0,Tabriz,2023-05-31,Regular
101803,39.0,Isfahan,2024-10-31,Regular
101804,30.0,Mashhad,2023-12-15,New
101805,24.0,Ahvaz,2025-04-09,New
101806,20.0,Karaj,2025-07-09,Regular
101807,18.0,Shiraz,2023-02-03,New
101808,41.0,Kerman,2025-11-04,Regular
101809,22.0,Isfahan,2025-01-18,Regular
101810,64.0,Qom,2025-06-19,New
101811,29.0,Tehran,2024-06-07,Regular
101812,49.0,Mashhad,2023-01-01,New
101813,50.0,Mashhad,2025-08-27,Regular
101814,41.0,Tehran,2024-09-13,Regular
101815,60.0,Isfahan,2023-02-10,Regular
101816,23.0,Tehran,2023-07-02,Regular
101817,29.0,Tabriz,2023-08-14,New
101818,30.0,Tehran,2024-02-16,Regular
101819,24.0,Tehran,2024-04-29,New
101820,32.0,Kerman,2024-04-13,VIP
101821,33.0,Tabriz,2025-08-08,New
101822,54.0,Rasht,2025-10-29,Regular
101823,32.0,Isfahan,2025-01-13,New
101824,60.0,Tehran,2024-11-24,Regular
101825,55.0,Shiraz,2025-08-04,New
101826,61.0,Shiraz,2023-10-21,New
101827,23.0,Tehran,2024-09-03,New
101828,65.0,Ahvaz,2024-12-04,New
101829,47.0,Tabriz,2023-11-09,Regular
101830,65.0,Karaj,2025-11-08,Regular
101831,35.0,Isfahan,2023-09-15,New
101832,63.0,Tabriz,2023-03-06,VIP
101833,46.0,Tehran,2023-12-21,Regular
101834,21.0,Kerman,2025-06-12,New
101835,37.0,Mashhad,2024-02-15,Regular
101836,24.0,Tehran,2023-08-26,Regular
101837,63.0,Tehran,2025-08-13,Regular
101838,32.0,Tabriz,2023-06-17,Regular
101839,28.0,Kerman,2023-06-23,Regular
101840,44.0,Rasht,2025-09-11,VIP
101841,38.0,Karaj,2023-12-18,Regular
101842,22.0,Kerman,2023-01-03,VIP
101843,57.0,Karaj,2024-04-19,Regular
101844,58.0,Mashhad,2025-03-22,Regular
101845,53.0,Tabriz,2025-04-08,Regular
101846,47.0,Tehran,2023-04-06,Regular
101847,37.0,Tehran,2023-11-05,New
101848,44.0,Isfahan,2024-11-07,New
101849,43.0,Tehran,2024-12-23,New
101850,25.0,Kerman,2024-11-10,New
101851,21.0,Kerman,2024-01-06,VIP
101852,30.0,Mashhad,2025-08-02,Regular
101853,39.0,Karaj,2023-03-27,New
101854,25.0,Mashhad,2025-06-19,Regular
101855,23.0,Tehran,2025-10-26,New
101856,58.0,Mashhad,2025-01-20,Regular
101857,35.0,Tehran,2024-04-15,VIP
101858,,Mashhad,2024-02-21,New
101859,43.0,Tehran,2024-04-22,Regular
101860,53.0,Tehran,2023-07-02,VIP
101861,53.0,Tehran,2023-09-01,Regular
101862,32.0,Rasht,2024-11-27,Regular
101863,58.0,Tehran,2024-08-25,Regular
101864,35.0,Mashhad,2024-06-28,New
101865,58.0,tehran,2024-06-03,Regular
101866,37.0,Mashhad,2023-03-27,New
101867,23.0,Shiraz,2025-08-08,Regular
101868,54.0,Tehran,2025-11-12,Regular
101869,19.0,Tabriz,2023-09-26,New
101870,55.0,Shiraz,2023-12-11,Regular
101871,20.0,Karaj,2024-11-21,Regular
101872,27.0,Shiraz,2023-01-03,VIP
101873,46.0,Isfahan,2023-04-22,Regular
101874,63.0,,2025-09-14,Regular
101875,37.0,Tehran,2023-07-08,New
101876,23.0,Isfahan,2024-09-23,VIP
101877,29.0,Tehran,2025-08-24,Regular
101878,61.0,Mashhad,2025-03-13,New
101879,52.0,Tabriz,2023-10-25,Regular
101880,22.0,Tehran,2023-06-17,Regular
101881,36.0,tehran,2025-02-25,Regular
101882,30.0,Tabriz,2024-03-19,New
101883,26.0,Mashhad,2025-11-25,Regular
101884,58.0,Qom,2024-12-07,Regular
101885,47.0,Rasht,2023-01-13,New
101886,26.0,Kerman,2023-10-02,New
101887,49.0,Isfahan,2025-03-26,Regular
101888,37.0,Tehran,2025-02-07,Regular
101889,20.0,Tabriz,2025-03-23,Regular
101890,39.0,Tabriz,2023-09-13,Regular
101891,26.0,Tabriz,2023-09-30,New
101892,29.0,Mashhad,2023-08-17,Regular
101893,60.0,Tehran,2025-01-31,Regular
101894,52.0,Tehran,2023-01-13,New
101895,24.0,Tehran,2025-06-10,VIP
101896,58.0,Tehran,2023-11-05,Regular
101897,45.0,Rasht,2024-06-18,New
101898,59.0,Tehran,2023-09-28,VIP
101899,53.0,Tabriz,2024-04-10,VIP
101900,34.0,Rasht,2025-04-16,Regular
101901,43.0,Mashhad,2023-08-06,New
101902,43.0,Shiraz,2024-09-15,New
101903,52.0,Karaj,2023-03-04,Regular
101904,29.0,Mashhad,2023-07-14,VIP
101905,33.0,Isfahan,2025-01-19,New
101906,29.0,Qom,2024-09-14,Regular
101907,32.0,Karaj,2024-10-31,New
101908,25.0,Qom,2023-09-04,Regular
101909,19.0,Kerman,2023-08-14,Regular
101910,63.0,Mashhad,2024-04-10,New
101911,21.0,Karaj,2023-05-22,Regular
101912,60.0,Tabriz,2025-08-30,Regular
101913,18.0,Tabriz,2023-10-21,Regular
101914,55.0,Karaj,2025-02-26,Regular
101915,33.0,Karaj,2023-06-21,New
101916,42.0,Ahvaz,2024-12-13,New
101917,31.0,Mashhad,2023-08-12,Regular
101918,41.0,Tabriz,2023-11-05,Regular
101919,39.0,Mashhad,2024-03-27,New
101920,43.0,Shiraz,2023-05-17,VIP
101921,36.0,Karaj,2023-05-17,New
101922,43.0,Qom,2025-04-04,New
101923,57.0,Isfahan,2024-01-14,Regular
101924,38.0,Isfahan,2024-09-13,VIP
101925,35.0,Mashhad,2024-12-08,Regular
101926,24.0,Tehran,2024-11-12,New
101927,35.0,Tehran,2024-11-18,Regular
101928,24.0,Rasht,2025-12-03,New
101929,26.0,Mashhad,2024-11-21,Regular
101930,63.0,Kerman,2024-01-17,Regular
101931,22.0,Tehran,2023-11-08,Regular
101932,41.0,Karaj,2025-05-26,Regular
101933,58.0,Shiraz,2024-04-06,Regular
101934,63.0,Karaj,2024-09-04,New
101935,25.0,Tabriz,2025-06-11,New
101936,25.0,Karaj,2023-09-15,Regular
101937,35.0,Rasht,2023-09-01,New
101938,44.0,Shiraz,2023-02-27,New
101939,,Tehran,2023-03-21,New
101940,27.0,Tehran,2024-11-05,Regular
101941,25.0,Karaj,2024-07-05,Regular
101942,30.0,Isfahan,2023-11-22,Regular
101943,59.0,Shiraz,2023-08-20,Regular
101944,19.0,Shiraz,2025-01-31,Regular
101945,36.0,Mashhad,2023-04-04,New
101946,,Karaj,2025-02-06,Regular
101947,25.0,Karaj,2025-09-17,VIP
101948,62.0,Karaj,2024-05-13,Regular
101949,18.0,Karaj,2024-06-25,Regular
101950,33.0,Rasht,2024-08-10,Regular
101951,61.0,Shiraz,2023-04-15,New
101952,47.0,,2024-11-17,New
101953,21.0,Tehran,2024-02-04,VIP
101954,40.0,Tabriz,2024-05-28,New
101955,64.0,Karaj,2023-01-26,New
101956,37.0,Isfahan,2025-08-18,Regular
101957,43.0,Mashhad,2024-01-01,Regular
101958,43.0,Shiraz,2023-03-25,Regular
101959,49.0,Mashhad,2025-05-06,New
101960,26.0,Rasht,2025-12-08,Regular
101961,58.0,Mashhad,2024-07-23,New
101962,65.0,Tehran,2023-02-06,VIP
101963,24.0,Shiraz,2025-12-21,New
101964,57.0,Mashhad,2023-08-16,New
101965,57.0,Tehran,2023-09-21,Regular
101966,53.0,Shiraz,2025-02-14,New
101967,35.0,Shiraz,2023-12-30,Regular
101968,40.0,Tehran,2023-04-04,New
101969,58.0,Shiraz,2025-01-17,Regular
101970,25.0,Shiraz,2023-10-15,New
101971,57.0,Karaj,2025-08-01,Regular
101972,62.0,Mashhad,2023-06-18,New
101973,50.0,Tehran,2025-09-19,New
101974,34.0,Kerman,2025-03-03,New
101975,44.0,Shiraz,2023-09-20,Regular
101976,20.0,Tehran,2024-09-25,Regular
101977,62.0,Qom,2025-10-24,New
101978,34.0,Mashad,2023-03-12,New
101979,20.0,Qom,2025-06-16,New
101980,56.0,Karaj,2024-05-18,New
101981,49.0,Kerman,2025-11-05,Regular
101982,47.0,Kerman,2023-08-17,Regular
101983,20.0,Tehran,2025-02-26,VIP
101984,54.0,Karaj,2025-11-25,Regular
101985,48.0,Mashhad,2024-01-12,New
101986,56.0,Tabriz,2023-04-29,New
101987,57.0,Shiraz,2024-03-05,New
101988,28.0,Tehran,2024-10-16,New
101989,28.0,Tehran,2024-11-20,Regular
101990,62.0,Tehran,2024-06-11,New
101991,43.0,,2025-10-18,New
101992,39.0,Tehran,2024-09-25,New
101993,31.0,Rasht,2024-12-02,Regular
101994,48.0,,2025-11-13,New
101995,54.0,Qom,2025-10-25,VIP
101996,18.0,Ahvaz,2024-01-09,Regular
101997,44.0,Karaj,2023-11-10,New
101998,65.0,Mashhad,2025-03-30,Regular
101999,31.0,Ahvaz,2024-07-29,Regular
102000,31.0,Karaj,2024-05-04,Regular
102001,60.0,Karaj,2025-02-03,Regular
102002,20.0,Rasht,2024-12-24,New
102003,37.0,Shiraz,2025-09-27,New
102004,39.0,Shiraz,2024-02-05,New
102005,56.0,Rasht,2025-04-05,Regular
102006,24.0,Isfahan,2023-09-06,Regular
102007,38.0,Qom,2025-10-23,Regular
102008,25.0,Tehran,2023-04-02,VIP
102009,,Tehran,2025-04-01,Regular
102010,48.0,Shiraz,2023-04-22,Regular
102011,41.0,Tehran,2025-08-21,Regular
102012,36.0,Kerman,2025-11-16,Regular
102013,25.0,Tehran,2025-06-14,Regular
102014,62.0,Karaj,2025-05-13,New
102015,49.0,Tehran,2024-06-07,New
102016,33.0,Kerman,2023-09-26,Regular
102017,37.0,Mashhad,2025-12-15,New
102018,52.0,Tehran,2024-08-02,New
102019,52.0,Tehran,2025-06-13,Regular
102020,40.0,Shiraz,2025-02-21,Regular
102021,32.0,Kerman,2025-02-06,New
102022,49.0,Kerman,2024-01-22,New
102023,49.0,Mashhad,2024-04-12,VIP
102024,46.0,Isfahan,2024-04-26,VIP
102025,21.0,Tehran,2024-10-21,Regular
102026,40.0,Shiraz,2025-02-25,New
102027,47.0,Shiraz,2023-08-06,Regular
102028,63.0,Tehran,2023-09-07,New
102029,43.0,Tabriz,2023-02-22,Regular
102030,34.0,Rasht,2024-07-30,Regular
102031,44.0,Tehran,2025-01-02,Regular
102032,26.0,Tehran,2023-08-19,Regular
102033,22.0,Tehran,2025-02-18,Regular
102034,50.0,Tehran,2023-01-04,Regular
102035,65.0,Tehran,2025-08-06,Regular
102036,58.0,Tabriz,2025-01-25,Regular
102037,46.0,Tehran,2025-01-18,Regular
102038,19.0,Karaj,2025-02-13,Regular
102039,65.0,Ahvaz,2024-01-28,Regular
102040,39.0,Rasht,2025-12-26,VIP
102041,31.0,Tabriz,2025-03-28,Regular
102042,60.0,Tehran,2023-07-18,New
102043,53.0,Tehran,2025-10-07,New
102044,53.0,Tehran,2025-03-20,New
102045,31.0,Kerman,2023-12-07,Regular
102046,65.0,Kerman,2025-11-04,New
102047,39.0,Mashhad,2023-09-29,New
102048,43.0,Mashhad,2024-12-06,New
102049,54.0,Shiraz,2025-01-03,Regular
102050,49.0,Mashhad,2025-11-20,VIP
102051,26.0,Kerman,2024-09-16,Regular
102052,32.0,Tehran,2025-12-24,New
102053,35.0,Mashhad,2023-11-08,Regular
102054,63.0,Isfahan,2025-05-27,New
102055,52.0,Tehran,2023-09-26,VIP
102056,35.0,Mashhad,2025-12-30,New
102057,53.0,Ahvaz,2025-04-16,VIP
102058,53.0,,2024-11-16,Regular
102059,36.0,Shiraz,2023-03-14,Regular
102060,37.0,Mashhad,2024-06-28,Regular
102061,60.0,Tehran,2023-06-07,New
102062,44.0,Tehran,2025-10-01,New
102063,25.0,Tehran,2024-02-20,Regular
102064,52.0,Tehran,2025-06-28,New
102065,46.0,Mashhad,2025-09-19,Regular
102066,42.0,Qom,2023-05-01,Regular
102067,52.0,Karaj,2025-04-11,Regular
102068,61.0,Rasht,2023-11-28,Regular
102069,33.0,Isfahan,2023-04-30,New
102070,38.0,Karaj,2023-10-13,New
102071,27.0,Tabriz,2024-08-25,Regular
102072,49.0,Tehran,2025-07-25,New
102073,37.0,Mashhad,2025-01-27,Regular
102074,34.0,Shiraz,2023-09-13,Regular
102075,51.0,Qom,2023-11-21,Regular
102076,37.0,Isfahan,2023-11-29,Regular
102077,40.0,Tehran,2025-03-16,Regular
102078,39.0,Kerman,2024-07-22,Regular
102079,30.0,Tehran,2023-01-27,VIP
102080,24.0,Kerman,2023-03-25,Regular
102081,57.0,Qom,2023-03-24,Regular
102082,22.0,Ahvaz,2025-11-18,New
102083,33.0,Qom,2024-07-06,Regular
102084,50.0,Tehran,2024-06-21,New
102085,24.0,Tabriz,2025-04-13,Regular
102086,49.0,Karaj,2023-07-28,Regular
102087,53.0,Karaj,2023-02-04,New
102088,49.0,Tehran,2023-10-24,New
102089,32.0,Tehran,2023-08-17,New
102090,18.0,Mashhad,2025-05-23,Regular
102091,60.0,Isfahan,2025-06-15,Regular
102092,33.0,tehran,2024-11-25,VIP
102093,56.0,Ahvaz,2025-09-23,Regular
102094,27.0,Karaj,2024-05-23,Regular
102095,25.0,Tabriz,2023-09-21,Regular
102096,55.0,Tehran,2023-12-30,Regular
102097,63.0,Isfahan,2023-06-05,New
102098,59.0,Mashhad,2025-09-13,VIP
102099,,Tehran,2024-10-23,VIP
102100,29.0,Tehran,2025-04-25,New
102101,,Mashhad,2023-11-05,Regular
102102,50.0,Tehran,2025-02-25,New
102103,26.0,Shiraz,2023-12-28,VIP
102104,24.0,Tehran,2024-05-03,Regular
102105,59.0,Tehran,2024-12-14,New
102106,31.0,Tehran,2025-12-10,Regular
102107,54.0,Tabriz,2024-09-03,Regular
102108,24.0,Shiraz,2025-02-16,New
102109,31.0,Mashhad,2024-10-13,Regular
102110,31.0,Tehran,2024-04-08,Regular
102111,31.0,Kerman,2025-10-18,Regular
102112,50.0,Shiraz,2025-11-17,Regular
102113,61.0,Tabriz,2023-12-06,New
102114,61.0,Shiraz,2025-09-07,New
102115,53.0,Qom,2024-05-09,Regular
102116,27.0,Rasht,2025-03-21,New
102117,64.0,Mashhad,2024-07-20,Regular
102118,44.0,Karaj,2025-04-19,VIP
102119,44.0,Tehran,2025-08-12,Regular
102120,51.0,Tabriz,2024-04-08,Regular
102121,54.0,Mashhad,2025-02-06,Regular
102122,63.0,Tehran,2024-07-09,Regular
102123,45.0,Kerman,2025-05-24,Regular
102124,47.0,Ahvaz,2023-07-29,New
102125,53.0,Mashhad,2025-03-09,Regular
102126,30.0,Kerman,2024-10-13,New
102127,32.0,Mashhad,2024-05-09,New
102128,48.0,Isfahan,2024-02-10,New
102129,21.0,Ahvaz,2025-02-07,Regular
102130,33.0,Mashhad,2024-01-16,Regular
102131,52.0,Isfahan,2023-02-06,VIP
102132,64.0,Tabriz,2025-11-04,Regular
102133,42.0,Tehran,2024-05-05,Regular
102134,37.0,Isfahan,2023-06-30,New
102135,39.0,Mashhad,2023-09-05,New
102136,50.0,Tabriz,2025-06-27,New
102137,44.0,Tehran,2023-12-30,VIP
102138,19.0,Tehran,2023-11-05,New
102139,43.0,Karaj,2024-06-17,Regular
102140,37.0,Tehran,2023-02-01,New
102141,51.0,Isfahan,2024-09-05,Regular
102142,60.0,Karaj,2023-02-14,Regular
102143,64.0,Karaj,2025-07-03,VIP
102144,47.0,Tehran,2024-04-14,New
102145,35.0,Ahvaz,2023-08-27,VIP
102146,39.0,Karaj,2024-05-12,New
102147,26.0,Mashhad,2023-07-12,Regular
102148,62.0,Karaj,2023-12-17,New
102149,58.0,Karaj,2023-05-24,Regular
102150,58.0,Tabriz,2025-01-02,Regular
102151,33.0,Shiraz,2025-12-04,Regular
102152,33.0,Karaj,2024-06-15,Regular
102153,59.0,Kerman,2023-04-18,New
102154,44.0,Shiraz,2023-03-23,Regular
102155,51.0,Qom,2025-06-30,New
102156,41.0,Karaj,2024-01-17,New
102157,39.0,Ahvaz,2023-11-21,New
102158,48.0,Kerman,2023-04-22,New
102159,57.0,Tehran,2024-12-27,New
102160,34.0,Tehran,2023-03-10,Regular
102161,56.0,Shiraz,2025-09-17,New
102162,29.0,Isfahan,2023-08-17,Regular
102163,37.0,Shiraz,2023-03-17,New
102164,61.0,Qom,2025-02-06,Regular
102165,63.0,Rasht,2024-01-23,New
102166,62.0,Isfahan,2025-02-01,New
102167,33.0,Karaj,2023-02-13,Regular
102168,58.0,Tehran,2025-08-01,VIP
102169,62.0,Shiraz,2023-12-06,VIP
102170,64.0,Tehran,2025-04-08,Regular
102171,19.0,Isfahan,2025-10-21,VIP
102172,53.0,Shiraz,2024-08-09,Regular
102173,65.0,Karaj,2024-01-01,VIP
102174,54.0,Tabriz,2023-12-09,New
102175,29.0,Mashhad,2025-01-21,New
102176,54.0,Tehran,2023-01-07,New
102177,23.0,Tehran,2023-06-10,Regular
102178,41.0,Kerman,2024-12-09,New
102179,48.0,Rasht,2023-01-29,New
102180,39.0,Mashhad,2023-11-14,Regular
102181,51.0,Tehran,2024-12-10,VIP
102182,29.0,Isfahan,2023-10-01,Regular
102183,47.0,Karaj,2025-10-16,Regular
102184,48.0,Mashhad,2025-12-03,New
102185,48.0,Tehran,2023-02-06,VIP
102186,31.0,Mashhad,2023-07-10,New
102187,32.0,Tehran,2025-09-20,New
102188,30.0,Mashhad,2023-02-05,Regular
102189,40.0,Tehran,2024-06-16,New
102190,46.0,Tabriz,2025-11-05,Regular
102191,35.0,Shiraz,2024-10-06,Regular
102192,37.0,Tehran,2023-12-02,New
102193,31.0,Shiraz,2023-01-07,New
102194,28.0,Isfahan,2024-03-06,New
102195,49.0,Qom,2024-08-16,New
102196,57.0,Kerman,2023-03-30,VIP
102197,31.0,Tehran,2024-08-01,Regular
102198,,Ahvaz,2024-03-18,New
102199,45.0,Karaj,2023-12-23,New
102200,26.0,Mashad,2025-11-30,Regular
102201,35.0,Mashhad,2025-09-05,Regular
102202,18.0,Mashhad,2025-01-29,VIP
102203,19.0,Tehran,2024-10-08,New
102204,34.0,Kerman,2024-06-02,Regular
102205,39.0,Tabriz,2023-03-19,New
102206,56.0,Mashhad,2023-12-03,Regular
102207,24.0,Shiraz,2023-01-12,Regular
102208,58.0,Tehran,2024-02-05,Regular
102209,29.0,Tehran,2024-06-02,New
102210,24.0,Tabriz,2024-10-31,Regular
102211,51.0,Shiraz,2024-01-24,New
102212,55.0,Qom,2023-10-06,Regular
102213,47.0,Tabriz,2025-02-16,New
102214,23.0,Tabriz,2023-06-16,Regular
102215,23.0,Qom,2023-05-18,New
102216,36.0,Tehran,2025-02-01,Regular
102217,39.0,Karaj,2024-10-03,Regular
102218,65.0,Mashad,2025-08-10,Regular
102219,31.0,Tehran,2025-03-20,New
102220,27.0,Tehran,2025-09-14,New
102221,63.0,Tehran,2024-12-28,New
102222,25.0,Tehran,2025-07-10,Regular
102223,19.0,Shiraz,2023-07-05,New
102224,38.0,Tehran,2024-08-04,New
102225,37.0,Tabriz,2025-10-31,New
102226,47.0,Tehran,2025-05-13,New
102227,60.0,Tehran,2024-03-17,New
102228,62.0,Mashhad,2025-10-11,Regular
102229,31.0,Tehran,2023-12-09,New
102230,65.0,Kerman,2023-01-26,VIP
102231,48.0,Mashhad,2025-05-22,Regular
102232,21.0,Tehran,2024-03-27,Regular
102233,63.0,Tehran,2023-02-07,Regular
102234,24.0,Mashhad,2023-08-12,Regular
102235,46.0,Tabriz,2023-03-20,Regular
102236,55.0,Qom,2025-12-27,New
102237,29.0,Mashhad,2025-07-17,Regular
102238,30.0,Tabriz,2025-10-14,New
102239,40.0,Isfahan,2023-07-19,Regular
102240,60.0,Ahvaz,2025-05-28,New
102241,28.0,Shiraz,2024-09-09,Regular
102242,49.0,Mashhad,2023-11-20,Regular
102243,39.0,Karaj,2025-01-02,New
102244,23.0,Qom,2025-11-08,New
102245,52.0,Isfahan,2024-05-19,Regular
102246,57.0,Kerman,2023-02-02,New
102247,45.0,Ahvaz,2025-07-11,New
102248,26.0,Tehran,2023-07-25,New
102249,25.0,Qom,2023-07-19,VIP
102250,38.0,Tabriz,2024-11-06,Regular
102251,42.0,Shiraz,2025-05-24,Regular
102252,44.0,Shiraz,2025-05-18,Regular
102253,29.0,Ahvaz,2025-08-08,Regular
102254,42.0,Tabriz,2025-08-25,Regular
102255,32.0,Shiraz,2023-05-21,Regular
102256,50.0,Tehran,2023-11-26,Regular
102257,56.0,Isfahan,2025-02-27,Regular
102258,49.0,Rasht,2024-03-03,New
102259,18.0,Karaj,2025-02-23,New
102260,65.0,Tehran,2024-05-13,New
102261,19.0,Ahvaz,2024-05-09,Regular
102262,65.0,Qom,2023-01-30,VIP
102263,19.0,Shiraz,2024-10-28,Regular
102264,42.0,Tehran,2025-08-04,Regular
102265,23.0,Shiraz,2025-06-15,Regular
102266,22.0,Tehran,2024-01-06,VIP
102267,50.0,Mashhad,2025-01-11,Regular
102268,52.0,Tabriz,2023-08-07,New
102269,23.0,Rasht,2024-11-24,Regular
102270,64.0,Mashhad,2024-03-24,Regular
102271,33.0,Ahvaz,2025-10-11,New
102272,33.0,Rasht,2025-02-17,New
102273,32.0,Tehran,2023-03-22,New
102274,40.0,Tehran,2025-08-11,New
102275,26.0,Karaj,2025-03-03,New
102276,38.0,Karaj,2023-08-24,VIP
102277,28.0,Mashhad,2023-11-06,New
102278,20.0,Tabriz,2023-07-09,Regular
102279,35.0,Tabriz,2023-12-06,New
102280,50.0,Karaj,2025-10-30,VIP
102281,54.0,Karaj,2025-09-14,Regular
102282,34.0,Tehran,2024-08-26,VIP
102283,33.0,Tehran,2024-02-01,Regular
102284,55.0,Tehran,2024-02-05,Regular
102285,50.0,Rasht,2025-11-13,Regular
102286,57.0,Rasht,2023-08-07,Regular
102287,61.0,Qom,2025-04-09,Regular
102288,57.0,Tehran,2025-12-25,New
102289,62.0,Shiraz,2025-07-25,New
102290,37.0,Tehran,2025-02-26,Regular
102291,36.0,Mashhad,2025-09-12,New
102292,33.0,Tehran,2023-08-27,Regular
102293,29.0,Qom,2025-12-13,New
102294,53.0,Tehran,2023-04-10,Regular
102295,52.0,Tabriz,2023-01-16,New
102296,56.0,Kerman,2023-08-07,Regular
102297,26.0,Karaj,2024-10-28,Regular
102298,41.0,Tehran,2023-09-29,Regular
102299,28.0,Rasht,2024-11-24,New
102300,60.0,Tabriz,2023-05-02,New
102301,30.0,Isfahan,2025-02-02,Regular
102302,24.0,Tabriz,2023-09-09,New
102303,45.0,Ahvaz,2024-07-27,New
102304,60.0,Isfahan,2023-05-08,Regular
102305,61.0,Shiraz,2025-11-28,Regular
102306,22.0,Isfahan,2024-02-18,New
102307,33.0,Tehran,2024-10-24,New
102308,25.0,Qom,2024-06-16,VIP
102309,32.0,Tehran,2024-10-13,VIP
102310,43.0,Mashhad,2024-05-13,Regular
102311,31.0,Mashhad,2023-03-22,Regular
102312,21.0,Mashhad,2025-06-26,VIP
102313,42.0,Mashhad,2024-12-04,Regular
102314,,Tabriz,2023-10-06,Regular
102315,28.0,Mashhad,2023-04-03,Regular
102316,18.0,Tehran,2025-08-29,New
102317,22.0,Ahvaz,2023-12-31,Regular
102318,38.0,Kerman,2025-09-21,Regular
102319,58.0,Isfahan,2025-04-18,New
102320,55.0,Mashhad,2025-11-16,Regular
102321,22.0,Tehran,2024-12-23,Regular
102322,19.0,Tehran,2023-07-18,New
102323,34.0,Mashhad,2023-02-08,Regular
102324,49.0,Rasht,2023-09-27,New
102325,53.0,Karaj,2024-04-25,Regular
102326,57.0,Mashhad,2024-11-14,VIP
102327,34.0,Kerman,2025-09-07,Regular
102328,26.0,Isfahan,2023-06-04,Regular
102329,19.0,Tehran,2024-11-26,Regular
102330,25.0,Isfahan,2023-04-04,Regular
102331,21.0,Tehran,2024-06-11,Regular
102332,59.0,Ahvaz,2023-03-22,New
102333,30.0,Mashhad,2024-02-14,Regular
102334,57.0,Tabriz,2024-10-25,Regular
102335,44.0,Mashhad,2025-03-20,Regular
102336,43.0,Rasht,2025-05-31,Regular
102337,39.0,Tabriz,2024-07-28,Regular
102338,57.0,Isfahan,2023-10-11,New
102339,20.0,Tehran,2025-09-26,New
102340,22.0,Rasht,2025-10-19,Regular
102341,38.0,Shiraz,2025-11-25,New
102342,36.0,Mashhad,2025-05-17,VIP
102343,44.0,Ahvaz,2025-05-01,New
102344,53.0,Tehran,2023-03-26,Regular
102345,46.0,Mashhad,2024-09-18,New
102346,30.0,Shiraz,2024-03-21,Regular
102347,,Mashhad,2023-10-11,Regular
102348,54.0,Isfahan,2023-03-16,VIP
102349,27.0,Tehran,2023-08-22,Regular
102350,42.0,Tehran,2025-09-29,Regular
102351,43.0,Tehran,2025-09-22,New
102352,54.0,Tehran,2025-03-24,Regular
102353,52.0,Kerman,2023-04-22,New
102354,40.0,Shiraz,2025-01-21,Regular
102355,32.0,Isfahan,2023-05-19,Regular
102356,35.0,Mashhad,2025-01-17,New
102357,37.0,Karaj,2023-02-06,Regular
102358,28.0,Tehran,2023-11-09,New
102359,48.0,Tehran,2023-05-15,Regular
102360,28.0,Tabriz,2025-10-19,Regular
102361,49.0,Isfahan,2024-09-14,Regular
102362,54.0,Karaj,2025-10-07,Regular
102363,64.0,Rasht,2023-01-23,New
102364,23.0,Qom,2025-03-20,Regular
102365,54.0,Tehran,2024-06-09,Regular
102366,22.0,Tehran,2024-05-28,New
102367,34.0,Tehran,2025-08-14,Regular
102368,26.0,Qom,2023-02-21,New
102369,25.0,Rasht,2025-10-30,Regular
102370,26.0,Rasht,2023-02-01,Regular
102371,20.0,Mashhad,2024-02-02,New
102372,57.0,Ahvaz,2023-06-01,New
102373,20.0,Shiraz,2024-07-26,Regular
102374,37.0,Qom,2024-10-14,New
102375,51.0,Shiraz,2024-12-04,New
102376,65.0,Tehran,2025-05-23,Regular
102377,58.0,Tehran,2025-04-02,Regular
102378,24.0,Kerman,2025-11-04,Regular
102379,65.0,Isfahan,2024-05-07,Regular
102380,49.0,Mashhad,2023-07-12,Regular
102381,26.0,Mashhad,2023-06-20,Regular
102382,39.0,Mashhad,2023-10-29,New
102383,62.0,Rasht,2024-10-22,Regular
102384,36.0,Tehran,2023-03-01,Regular
102385,26.0,Tehran,2025-11-11,VIP
102386,60.0,Qom,2025-12-19,New
102387,63.0,Shiraz,2023-06-30,Regular
102388,64.0,Tehran,2025-05-05,Regular
102389,63.0,Tehran,2024-10-14,New
102390,59.0,Tehran,2024-06-10,Regular
102391,39.0,Tehran,2025-03-15,New
102392,27.0,Tehran,2024-09-22,Regular
102393,47.0,Tehran,2023-12-21,Regular
102394,28.0,Karaj,2024-09-07,New
102395,40.0,Ahvaz,2023-05-29,Regular
102396,49.0,Rasht,2023-10-06,New
102397,63.0,Mashhad,2025-12-01,Regular
102398,31.0,Mashhad,2023-07-23,Regular
102399,30.0,Kerman,2024-10-17,Regular
102400,53.0,Karaj,2023-11-22,New
102401,18.0,Shiraz,2024-05-23,Regular
102402,45.0,Tehran,2023-09-28,Regular
102403,53.0,Mashhad,2024-09-14,Regular
102404,44.0,Shiraz,2024-09-02,Regular
102405,36.0,Shiraz,2024-11-07,Regular
102406,57.0,Tehran,2023-12-04,Regular
102407,35.0,Kerman,2024-09-25,Regular
102408,52.0,Shiraz,2025-03-09,Regular
102409,40.0,Shiraz,2025-02-27,New
102410,19.0,Tehran,2024-09-13,Regular
102411,43.0,Karaj,2023-11-24,Regular
102412,20.0,Karaj,2024-08-05,Regular
102413,62.0,Tehran,2024-08-10,Regular
102414,46.0,Shiraz,2025-11-07,Regular
102415,35.0,Tabriz,2024-02-17,New
102416,41.0,Ahvaz,2023-12-20,Regular
102417,47.0,Tehran,2025-04-01,Regular
102418,30.0,Ahvaz,2024-11-26,New
102419,31.0,Isfahan,2024-04-12,New
102420,38.0,Tehran,2023-01-01,New
102421,30.0,tehran,2025-02-10,Regular
102422,54.0,Tehran,2025-03-17,Regular
102423,22.0,Mashhad,2025-10-15,New
102424,57.0,Isfahan,2024-07-04,Regular
102425,,Karaj,2024-07-18,Regular
102426,44.0,Tehran,2023-08-17,Regular
102427,25.0,Kerman,2024-05-18,Regular
102428,36.0,Tehran,2023-01-02,Regular
102429,54.0,Shiraz,2024-07-02,Regular
102430,30.0,Rasht,2025-02-13,Regular
102431,24.0,Ahvaz,2025-05-10,Regular
102432,43.0,Tabriz,2024-12-26,Regular
102433,25.0,Karaj,2025-05-31,Regular
102434,33.0,Tehran,2024-12-29,Regular
102435,39.0,Tehran,2025-05-03,Regular
102436,45.0,Isfahan,2024-04-24,New
102437,48.0,Tehran,2024-10-21,New
102438,50.0,Mashhad,2024-12-01,New
102439,58.0,Tehran,2024-09-18,New
102440,21.0,Rasht,2024-09-17,Regular
102441,35.0,Ahvaz,2025-05-06,New
102442,18.0,Qom,2023-09-19,Regular
102443,18.0,Karaj,2023-12-13,Regular
102444,28.0,Tehran,2024-07-22,Regular
102445,46.0,Tehran,2024-12-07,Regular
102446,60.0,Tabriz,2024-07-17,New
102447,55.0,Tabriz,2023-08-07,New
102448,49.0,,2025-06-20,Regular
102449,55.0,Isfahan,2024-08-20,New
102450,26.0,Isfahan,2024-04-19,Regular
102451,58.0,Tehran,2025-08-19,New
102452,60.0,Mashhad,2024-04-22,Regular
102453,22.0,Isfahan,2023-06-26,New
102454,40.0,Tabriz,2025-12-13,Regular
102455,57.0,Kerman,2024-02-23,New
102456,40.0,Shiraz,2025-09-06,Regular
102457,58.0,Karaj,2024-07-19,New
102458,62.0,Qom,2023-09-23,New
102459,40.0,Tehran,2024-02-17,New
102460,20.0,Tabriz,2025-09-23,VIP
102461,34.0,Isfahan,2025-10-31,Regular
102462,28.0,Shiraz,2023-06-01,Regular
102463,40.0,Tehran,2025-12-16,Regular
102464,46.0,Rasht,2025-07-23,Regular
102465,40.0,Kerman,2024-12-10,New
102466,27.0,Tehran,2023-07-20,Regular
102467,32.0,Tehran,2024-10-04,Regular
102468,50.0,Tehran,2024-04-11,New
102469,19.0,Qom,2023-05-17,New
102470,28.0,Shiraz,2025-12-13,Regular
102471,60.0,Tehran,2024-10-22,New
102472,22.0,Qom,2023-04-17,New
102473,37.0,Mashhad,2024-01-10,Regular
102474,27.0,Isfahan,2025-07-08,New
102475,23.0,Mashhad,2024-04-29,Regular
102476,38.0,Shiraz,2024-06-25,Regular
102477,43.0,Isfahan,2023-06-06,Regular
102478,26.0,Tehran,2023-05-02,Regular
102479,21.0,Isfahan,2025-12-06,Regular
102480,24.0,Rasht,2025-11-08,Regular
102481,49.0,Isfahan,2023-04-15,Regular
102482,59.0,Rasht,2024-08-24,Regular
102483,26.0,Shiraz,2025-01-15,Regular
102484,33.0,Karaj,2025-08-22,Regular
102485,34.0,Mashhad,2024-09-04,Regular
102486,35.0,Qom,2025-08-09,New
102487,29.0,Tehran,2023-05-13,New
102488,20.0,Tehran,2023-01-17,Regular
102489,43.0,Tehran,2024-05-24,Regular
102490,35.0,Tehran,2023-10-18,Regular
102491,34.0,Rasht,2025-04-06,Regular
102492,30.0,Kerman,2024-01-04,New
102493,62.0,Karaj,2024-03-21,Regular
102494,47.0,Tehran,2024-08-08,Regular
102495,38.0,Rasht,2025-11-18,VIP
102496,27.0,Karaj,2023-03-20,Regular
102497,56.0,Mashhad,2024-08-28,Regular
102498,60.0,Isfahan,2024-03-01,Regular
102499,19.0,Tabriz,2023-02-09,Regular
102500,62.0,Tehran,2025-06-11,New
102501,51.0,Isfahan,2025-09-27,Regular
102502,22.0,Karaj,2023-07-09,New
102503,54.0,Tehran,2025-04-11,New
102504,23.0,Isfahan,2025-02-06,Regular
102505,20.0,Shiraz,2025-02-11,Regular
102506,23.0,Karaj,2024-05-19,Regular
102507,40.0,Kerman,2023-12-17,Regular
102508,47.0,,2023-03-19,Regular
102509,37.0,Tabriz,2023-02-08,Regular
102510,23.0,Shiraz,2023-07-14,Regular
102511,27.0,Tabriz,2024-08-01,Regular
102512,58.0,Shiraz,2023-06-04,VIP
102513,64.0,Tehran,2025-01-21,Regular
102514,54.0,Karaj,2024-11-09,Regular
102515,22.0,Karaj,2024-01-13,Regular
102516,57.0,Shiraz,2023-04-06,New
102517,51.0,Ahvaz,2024-07-20,Regular
102518,43.0,Tabriz,2025-06-20,Regular
102519,24.0,Mashhad,2024-03-07,New
102520,65.0,Tehran,2025-06-02,Regular
102521,39.0,Tehran,2023-11-10,New
102522,20.0,Mashhad,2023-03-29,VIP
102523,28.0,Isfahan,2024-12-12,Regular
102524,37.0,Tehran,2025-08-30,New
102525,20.0,Tehran,2025-08-25,Regular
102526,33.0,Tehran,2025-11-16,Regular
102527,40.0,Qom,2023-04-29,Regular
102528,63.0,Karaj,2023-02-17,Regular
102529,22.0,Mashhad,2024-09-15,New
102530,45.0,Tehran,2025-11-06,New
102531,61.0,Tehran,2025-12-28,Regular
102532,56.0,Tehran,2023-11-03,Regular
102533,62.0,Mashhad,2024-02-15,Regular
102534,26.0,Tehran,2024-12-28,New
102535,56.0,Mashhad,2025-09-27,Regular
102536,64.0,Kerman,2023-07-11,Regular
102537,33.0,Isfahan,2025-12-04,Regular
102538,41.0,Qom,2025-06-14,New
102539,43.0,Tehran,2023-03-16,Regular
102540,41.0,Tehran,2025-07-10,VIP
102541,31.0,Rasht,2024-12-03,New
102542,64.0,Mashhad,2025-12-07,Regular
102543,63.0,Tabriz,2023-08-18,Regular
102544,36.0,Kerman,2025-12-22,New
102545,56.0,Shiraz,2023-02-22,New
102546,37.0,Mashhad,2023-03-25,Regular
102547,56.0,Shiraz,2024-05-05,New
102548,46.0,Tehran,2024-12-21,New
102549,40.0,Tehran,2023-07-02,Regular
102550,24.0,Tehran,2023-10-26,Regular
102551,49.0,Ahvaz,2024-03-02,Regular
102552,33.0,Tabriz,2023-05-18,Regular
102553,28.0,Mashhad,2023-07-12,Regular
102554,27.0,Tehran,2023-06-12,Regular
102555,65.0,Karaj,2025-11-10,New
102556,22.0,Rasht,2025-10-22,New
102557,56.0,Mashhad,2024-11-19,Regular
102558,59.0,Mashhad,2025-01-18,VIP
102559,19.0,Ahvaz,2023-05-31,Regular
102560,46.0,Rasht,2023-02-25,VIP
102561,,Rasht,2024-02-17,Regular
102562,35.0,Mashhad,2025-12-13,Regular
102563,50.0,Tehran,2024-06-07,Regular
102564,37.0,Isfahan,2025-06-03,New
102565,39.0,Mashhad,2024-02-09,Regular
102566,38.0,Ahvaz,2023-12-05,New
102567,56.0,Tehran,2025-06-08,Regular
102568,48.0,Tabriz,2024-05-30,New
102569,36.0,Rasht,2025-03-12,VIP
102570,62.0,Kerman,2025-03-06,Regular
102571,56.0,Tabriz,2025-03-07,Regular
102572,62.0,Rasht,2025-01-10,Regular
102573,53.0,Tehran,2025-06-05,New
102574,36.0,Mashhad,2024-05-22,Regular
102575,55.0,Tehran,2023-11-28,Regular
102576,33.0,Kerman,2024-07-15,Regular
102577,31.0,Rasht,2023-12-22,Regular
102578,39.0,Tehran,2023-02-17,Regular
102579,64.0,Tehran,2024-02-01,New
102580,45.0,Mashhad,2024-07-02,Regular
102581,36.0,Tehran,2024-07-23,New
102582,40.0,Ahvaz,2024-01-08,Regular
102583,31.0,Tehran,2025-03-05,VIP
102584,49.0,Qom,2023-11-09,Regular
102585,,Shiraz,2024-12-10,New
102586,44.0,Mashhad,2023-10-23,Regular
102587,35.0,Tehran,2025-12-16,Regular
102588,33.0,Kerman,2024-12-11,Regular
102589,64.0,Tabriz,2024-09-01,Regular
102590,34.0,Isfahan,2024-04-15,Regular
102591,21.0,,2025-04-07,New
102592,36.0,Rasht,2024-04-11,Regular
102593,43.0,Qom,2025-05-29,New
102594,22.0,Qom,2023-06-24,Regular
102595,32.0,Tabriz,2025-06-17,Regular
102596,25.0,Ahvaz,2025-11-19,New
102597,42.0,Mashhad,2023-09-23,New
102598,52.0,Karaj,2023-09-03,VIP
102599,64.0,Mashhad,2025-11-11,Regular
102600,36.0,Shiraz,2024-03-20,Regular
102601,59.0,Kerman,2025-01-31,Regular
102602,28.0,Kerman,2023-07-28,Regular
102603,55.0,Shiraz,2024-04-13,Regular
102604,45.0,Shiraz,2025-02-08,Regular
102605,54.0,Rasht,2025-09-06,New
102606,54.0,Kerman,2024-04-22,Regular
102607,43.0,Karaj,2023-03-24,New
102608,30.0,Tehran,2024-03-28,VIP
102609,43.0,Mashhad,2024-12-04,Regular
102610,57.0,Rasht,2025-08-16,New
102611,64.0,Karaj,2025-07-02,Regular
102612,62.0,Karaj,2025-04-11,New
102613,26.0,Tabriz,2023-07-01,Regular
102614,46.0,Isfahan,2024-07-23,Regular
102615,23.0,Mashhad,2024-09-22,Regular
102616,50.0,Qom,2024-05-28,Regular
102617,65.0,Mashhad,2025-10-07,Regular
102618,20.0,Karaj,2025-11-17,Regular
102619,49.0,Karaj,2023-08-19,New
102620,63.0,Ahvaz,2025-11-13,Regular
102621,58.0,Mashhad,2025-07-15,Regular
102622,36.0,Karaj,2025-02-10,New
102623,22.0,Tehran,2024-02-22,New
102624,62.0,Tehran,2025-04-12,New
102625,62.0,Isfahan,2024-10-03,New
102626,45.0,Tehran,2025-09-11,New
102627,64.0,Rasht,2025-02-17,Regular
102628,18.0,Rasht,2025-11-21,Regular
102629,47.0,Tehran,2024-04-04,Regular
102630,19.0,Ahvaz,2023-04-01,New
102631,62.0,Isfahan,2024-06-22,Regular
102632,50.0,Karaj,2025-12-28,Regular
102633,61.0,Ahvaz,2024-12-18,New
102634,45.0,Shiraz,2025-02-08,New
102635,21.0,Tehran,2024-11-15,Regular
102636,19.0,Tehran,2024-10-11,New
102637,34.0,Isfahan,2023-03-09,New
102638,53.0,Rasht,2024-03-28,Regular
102639,25.0,Shiraz,2023-04-05,Regular
102640,58.0,Mashhad,2024-01-04,Regular
102641,29.0,Tehran,2025-02-27,Regular
102642,41.0,tehran,2025-05-30,Regular
102643,27.0,Mashhad,2023-09-02,Regular
102644,,Karaj,2024-12-17,VIP
102645,39.0,Karaj,2023-09-05,Regular
102646,18.0,,2023-08-08,VIP
102647,45.0,Tehran,2025-11-17,Regular
102648,55.0,,2024-10-29,New
102649,62.0,Mashhad,2023-08-05,New
102650,33.0,Karaj,2023-06-04,New
102651,60.0,Qom,2023-02-24,Regular
102652,60.0,Tehran,2024-06-28,New
102653,65.0,Shiraz,2023-04-21,Regular
102654,35.0,Tehran,2024-09-30,Regular
102655,58.0,Tehran,2024-04-19,Regular
102656,45.0,Karaj,2024-11-27,Regular
102657,20.0,Qom,2023-08-16,New
102658,30.0,Karaj,2023-06-09,New
102659,50.0,Tehran,2023-04-21,Regular
102660,25.0,Shiraz,2023-04-15,Regular
102661,38.0,Isfahan,2023-03-21,Regular
102662,55.0,Kerman,2023-10-11,Regular
102663,25.0,Tabriz,2025-05-26,Regular
102664,41.0,Rasht,2024-10-26,Regular
102665,28.0,Tehran,2023-10-02,New
102666,43.0,Isfahan,2025-10-17,Regular
102667,29.0,Karaj,2025-04-13,Regular
102668,64.0,Mashhad,2025-05-03,Regular
102669,21.0,Tabriz,2025-09-10,Regular
102670,64.0,Shiraz,2025-03-27,Regular
102671,56.0,Kerman,2025-11-13,New
102672,59.0,Tehran,2023-12-28,Regular
102673,58.0,Rasht,2025-07-26,New
102674,27.0,Mashhad,2023-05-03,Regular
102675,62.0,Isfahan,2023-11-25,New
102676,46.0,Shiraz,2025-09-03,New
102677,64.0,Tehran,2023-05-27,Regular
102678,60.0,Kerman,2024-07-02,Regular
102679,45.0,Rasht,2024-01-08,Regular
102680,35.0,Kerman,2023-04-21,Regular
102681,23.0,Kerman,2023-09-16,Regular
102682,22.0,Tabriz,2024-08-08,Regular
102683,36.0,Isfahan,2024-11-21,Regular
102684,56.0,Ahvaz,2025-01-09,New
102685,42.0,Tehran,2023-05-24,Regular
102686,41.0,Ahvaz,2023-12-17,Regular
102687,29.0,Isfahan,2023-04-25,Regular
102688,45.0,Tabriz,2023-01-11,VIP
102689,48.0,Mashhad,2024-03-03,New
102690,65.0,Mashhad,2024-11-11,Regular
102691,53.0,Tehran,2024-02-11,Regular
102692,47.0,,2023-02-13,Regular
102693,61.0,Mashhad,2023-08-29,Regular
102694,38.0,Tehran,2024-04-18,New
102695,62.0,Tehran,2024-01-25,Regular
102696,35.0,Shiraz,2025-06-22,Regular
102697,24.0,Mashhad,2024-10-16,Regular
102698,38.0,Ahvaz,2025-12-29,New
102699,24.0,Tehran,2023-07-12,New
102700,23.0,Shiraz,2024-02-10,VIP
102701,60.0,Tehran,2023-04-06,New
102702,56.0,Shiraz,2023-01-23,Regular
102703,28.0,Shiraz,2025-10-08,New
102704,58.0,Tabriz,2024-06-23,Regular
102705,21.0,Isfahan,2024-12-23,Regular
102706,31.0,Isfahan,2023-10-30,VIP
102707,51.0,Tehran,2023-02-26,Regular
102708,32.0,Isfahan,2025-09-04,New
102709,53.0,Mashhad,2024-12-21,New
102710,59.0,Tabriz,2025-02-18,New
102711,21.0,Isfahan,2024-08-07,Regular
102712,19.0,Karaj,2024-03-18,VIP
102713,63.0,Isfahan,2024-04-07,New
102714,42.0,Tehran,2025-04-14,Regular
102715,42.0,Tehran,2023-09-06,Regular
102716,40.0,Tehran,2024-01-09,Regular
102717,38.0,Shiraz,2023-12-03,Regular
102718,51.0,Ahvaz,2024-07-25,Regular
102719,45.0,Karaj,2025-11-25,New
102720,25.0,Isfahan,2025-10-07,Regular
102721,48.0,Tehran,2024-08-19,Regular
102722,50.0,Ahvaz,2023-08-08,Regular
102723,23.0,Tehran,2025-10-26,New
102724,36.0,Mashhad,2023-12-09,Regular
102725,55.0,Ahvaz,2024-01-26,VIP
102726,47.0,Mashhad,2025-08-27,Regular
102727,24.0,Tehran,2023-10-16,New
102728,19.0,Tehran,2024-05-20,VIP
102729,45.0,Tabriz,2025-09-30,New
102730,40.0,Tehran,2023-12-15,Regular
102731,64.0,Tabriz,2024-11-14,New
102732,43.0,Isfahan,2023-02-10,Regular
102733,62.0,Mashhad,2025-12-26,New
102734,28.0,Tehran,2024-04-03,Regular
102735,39.0,Qom,2025-01-03,VIP
102736,24.0,Mashhad,2024-07-02,Regular
102737,45.0,Karaj,2024-04-20,New
102738,27.0,Isfahan,2024-03-20,New
102739,41.0,Tehran,2023-01-20,New
102740,34.0,Isfahan,2023-10-31,New
102741,26.0,Isfahan,2024-02-21,Regular
102742,22.0,Isfahan,2024-02-09,Regular
102743,42.0,Qom,2023-10-27,VIP
102744,63.0,Rasht,2024-12-04,Regular
102745,27.0,Qom,2025-06-26,VIP
102746,37.0,Shiraz,2025-09-02,Regular
102747,28.0,Shiraz,2025-11-30,Regular
102748,56.0,Tabriz,2024-12-12,Regular
102749,37.0,Mashhad,2024-03-26,Regular
102750,64.0,Qom,2024-12-08,New
102751,29.0,Ahvaz,2023-05-25,Regular
102752,21.0,Tehran,2025-06-13,Regular
102753,45.0,Rasht,2024-08-08,New
102754,49.0,Ahvaz,2023-06-30,Regular
102755,65.0,Isfahan,2024-04-11,New
102756,59.0,Rasht,2023-11-26,Regular
102757,60.0,Tehran,2024-01-18,Regular
102758,48.0,Tehran,2023-02-25,Regular
102759,35.0,Mashhad,2023-01-18,Regular
102760,38.0,Shiraz,2024-01-18,Regular
102761,24.0,Mashhad,2023-11-27,Regular
102762,38.0,Rasht,2025-12-29,VIP
102763,35.0,Tehran,2023-10-15,Regular
102764,19.0,Mashhad,2023-12-27,Regular
102765,27.0,Tabriz,2025-09-29,Regular
102766,43.0,Tehran,2025-07-30,Regular
102767,35.0,Karaj,2023-03-04,Regular
102768,65.0,Mashhad,2023-04-04,VIP
102769,40.0,Kerman,2023-04-15,Regular
102770,64.0,Karaj,2024-05-18,Regular
102771,49.0,Tehran,2024-09-18,New
102772,19.0,Tehran,2024-01-20,New
102773,27.0,Tehran,2023-01-15,New
102774,51.0,Kerman,2023-08-09,New
102775,44.0,Karaj,2024-11-03,Regular
102776,32.0,Isfahan,2024-02-12,Regular
102777,43.0,Tehran,2023-05-16,Regular
102778,61.0,Ahvaz,2024-12-14,Regular
102779,36.0,Tehran,2024-11-02,New
102780,20.0,Karaj,2024-06-20,Regular
102781,32.0,Karaj,2025-10-26,New
102782,62.0,Mashhad,2025-07-13,New
102783,54.0,Isfahan,2023-02-13,VIP
102784,58.0,Tehran,2025-09-17,New
102785,61.0,Mashhad,2023-02-24,New
102786,23.0,Kerman,2024-06-11,Regular
102787,31.0,Karaj,2025-09-14,Regular
102788,20.0,Ahvaz,2025-12-10,Regular
102789,18.0,Shiraz,2023-01-25,Regular
102790,58.0,Tehran,2023-03-20,Regular
102791,62.0,Karaj,2023-09-22,Regular
102792,25.0,Isfahan,2023-10-30,Regular
102793,52.0,Tehran,2023-11-02,New
102794,43.0,Isfahan,2024-04-01,Regular
102795,,,2023-12-16,New
102796,61.0,Karaj,2024-09-30,New
102797,59.0,Tehran,2025-07-24,VIP
102798,45.0,Ahvaz,2024-08-20,Regular
102799,51.0,Mashhad,2023-12-30,New
102800,37.0,Tehran,2024-09-13,Regular
102801,56.0,Tehran,2024-11-10,New
102802,39.0,Qom,2025-09-08,Regular
102803,65.0,Mashhad,2025-11-03,Regular
102804,21.0,Isfahan,2023-10-31,VIP
102805,26.0,Tehran,2025-10-02,New
102806,64.0,Karaj,2025-06-13,New
102807,31.0,Qom,2023-05-21,VIP
102808,32.0,Mashhad,2024-09-03,Regular
102809,55.0,Rasht,2023-06-16,New
102810,27.0,Tehran,2024-06-21,Regular
102811,42.0,Tehran,2023-02-18,Regular
102812,31.0,Shiraz,2023-11-24,Regular
102813,27.0,Karaj,2024-10-05,Regular
102814,64.0,Tehran,2023-11-29,Regular
102815,27.0,Shiraz,2023-01-12,VIP
102816,22.0,Mashhad,2024-03-01,Regular
102817,50.0,Shiraz,2024-08-15,New
102818,59.0,Tabriz,2025-04-16,Regular
102819,24.0,Kerman,2023-05-30,Regular
102820,51.0,Isfahan,2024-06-06,Regular
102821,43.0,Tabriz,2023-08-06,New
102822,57.0,Shiraz,2023-06-18,Regular
102823,24.0,Mashhad,2023-05-14,Regular
102824,64.0,Tehran,2025-04-12,VIP
102825,47.0,Kerman,2025-10-03,Regular
102826,58.0,Tehran,2024-12-27,Regular
102827,35.0,Qom,2024-02-19,Regular
102828,63.0,Tehran,2025-11-05,New
102829,48.0,Qom,2024-06-28,Regular
102830,24.0,Tehran,2024-08-02,New
102831,62.0,Kerman,2024-11-25,Regular
102832,56.0,Karaj,2024-12-17,Regular
102833,32.0,Tehran,2024-06-22,New
102834,44.0,Karaj,2024-06-08,Regular
102835,36.0,Tabriz,2023-12-15,VIP
102836,44.0,Mashhad,2025-01-15,New
102837,64.0,Tehran,2025-01-06,VIP
102838,61.0,Karaj,2024-04-22,New
102839,,Karaj,2025-02-18,New
102840,64.0,Mashhad,2023-05-31,Regular
102841,39.0,Ahvaz,2024-03-31,New
102842,51.0,Tehran,2025-12-16,Regular
102843,54.0,Tehran,2025-03-14,Regular
102844,41.0,Shiraz,2025-02-27,Regular
102845,39.0,Tehran,2025-08-03,Regular
102846,39.0,Tehran,2024-10-28,Regular
102847,59.0,Isfahan,2024-12-26,Regular
102848,36.0,Mashhad,2024-06-11,Regular
102849,31.0,Tehran,2025-06-23,Regular
102850,35.0,Karaj,2025-02-18,Regular
102851,27.0,Shiraz,2024-07-27,Regular
102852,36.0,Ahvaz,2023-05-19,Regular
102853,23.0,Shiraz,2025-06-01,Regular
102854,22.0,Isfahan,2023-12-24,New
102855,52.0,Tehran,2024-01-29,Regular
102856,21.0,Qom,2023-05-17,Regular
102857,45.0,Tehran,2023-08-26,New
102858,55.0,Tehran,2023-05-18,Regular
102859,52.0,Ahvaz,2023-04-17,Regular
102860,39.0,Karaj,2023-01-24,New
102861,27.0,Tabriz,2023-11-19,VIP
102862,62.0,Tehran,2025-04-07,VIP
102863,58.0,Tehran,2025-08-03,Regular
102864,47.0,Isfahan,2023-09-06,New
102865,22.0,Karaj,2024-04-09,Regular
102866,19.0,Isfahan,2025-06-30,Regular
102867,33.0,Tehran,2025-02-13,Regular
102868,25.0,Tehran,2025-09-17,Regular
102869,59.0,Shiraz,2024-04-05,Regular
102870,27.0,Karaj,2023-07-04,Regular
102871,31.0,Tehran,2023-06-06,VIP
102872,64.0,Tehran,2025-02-15,Regular
102873,57.0,Tehran,2023-01-29,VIP
102874,28.0,Tehran,2024-05-19,Regular
102875,36.0,Shiraz,2024-01-22,New
102876,42.0,Tehran,2025-10-03,Regular
102877,49.0,Tabriz,2025-12-29,New
102878,62.0,Karaj,2024-06-14,New
102879,59.0,Kerman,2024-09-27,VIP
102880,64.0,Rasht,2024-02-19,Regular
102881,19.0,Tehran,2025-04-30,Regular
102882,29.0,Tehran,2023-11-19,VIP
102883,45.0,Mashhad,2025-03-26,Regular
102884,20.0,Karaj,2025-09-16,New
102885,35.0,Tehran,2023-07-08,New
102886,25.0,Mashhad,2023-09-05,Regular
102887,62.0,Mashhad,2024-02-19,New
102888,21.0,Tehran,2025-06-25,New
102889,25.0,Karaj,2024-12-02,Regular
102890,27.0,Tabriz,2023-08-01,New
102891,25.0,Shiraz,2024-02-07,Regular
102892,45.0,Rasht,2024-12-05,New
102893,,Tehran,2025-11-22,Regular
102894,61.0,Tehran,2024-05-08,Regular
102895,30.0,Mashhad,2023-03-23,Regular
102896,43.0,Tabriz,2023-04-25,New
102897,49.0,Shiraz,2023-02-01,New
102898,48.0,Tehran,2023-05-18,New
102899,56.0,Kerman,2024-03-27,New
102900,27.0,Mashhad,2023-11-05,Regular
102901,42.0,Mashhad,2023-11-26,New
102902,56.0,Tabriz,2025-04-19,New
102903,59.0,Rasht,2024-06-06,New
102904,47.0,Tabriz,2025-03-09,Regular
102905,49.0,Kerman,2024-08-16,Regular
102906,59.0,Tehran,2023-08-13,Regular
102907,47.0,Tabriz,2025-11-04,Regular
102908,63.0,Qom,2024-06-05,Regular
102909,24.0,Isfahan,2025-07-04,New
102910,34.0,Mashhad,2023-04-17,Regular
102911,23.0,Kerman,2025-07-19,Regular
102912,22.0,Tehran,2025-02-22,Regular
102913,40.0,Isfahan,2023-10-01,New
102914,28.0,Ahvaz,2025-05-18,VIP
102915,37.0,Rasht,2025-03-24,Regular
102916,39.0,Kerman,2025-09-05,New
102917,47.0,Ahvaz,2023-08-18,VIP
102918,63.0,Tehran,2025-08-27,New
102919,58.0,Rasht,2025-04-14,New
102920,36.0,,2024-01-05,New
102921,33.0,Tabriz,2024-01-19,VIP
102922,54.0,Mashhad,2023-10-06,New
102923,23.0,Qom,2024-06-06,Regular
102924,43.0,Shiraz,2025-09-08,Regular
102925,38.0,Ahvaz,2025-07-06,Regular
102926,26.0,Tehran,2023-06-09,Regular
102927,47.0,Tehran,2023-05-24,New
102928,33.0,Isfahan,2023-03-06,Regular
102929,26.0,Tehran,2024-11-03,Regular
102930,49.0,Karaj,2023-12-11,Regular
102931,26.0,Mashhad,2025-04-13,New
102932,50.0,,2025-04-12,Regular
102933,25.0,Tehran,2023-08-05,Regular
102934,38.0,Tehran,2025-01-30,Regular
102935,56.0,Tabriz,2025-04-17,Regular
102936,28.0,Mashhad,2025-12-16,New
102937,54.0,Tehran,2025-03-02,New
102938,52.0,Tehran,2024-01-29,New
102939,61.0,Tehran,2025-12-30,Regular
102940,26.0,Tabriz,2023-10-30,New
102941,52.0,Tehran,2025-05-31,New
102942,62.0,Mashhad,2024-02-19,New
102943,54.0,Karaj,2025-10-20,New
102944,27.0,Shiraz,2025-05-06,Regular
102945,57.0,Shiraz,2024-10-18,Regular
102946,23.0,Tehran,2023-08-23,Regular
102947,46.0,Rasht,2023-07-26,Regular
102948,41.0,Isfahan,2025-11-03,Regular
102949,43.0,Mashhad,2025-05-27,Regular
102950,42.0,Rasht,2024-07-15,Regular
102951,19.0,Tabriz,2025-08-18,Regular
102952,42.0,Tabriz,2025-05-07,Regular
102953,62.0,Ahvaz,2024-02-29,Regular
102954,38.0,Tehran,2025-06-24,Regular
102955,31.0,Ahvaz,2025-05-21,Regular
102956,65.0,Tabriz,2024-06-08,Regular
102957,22.0,Mashhad,2023-01-22,Regular
102958,41.0,Tehran,2025-03-22,New
102959,42.0,Tehran,2024-01-07,Regular
102960,40.0,Rasht,2024-02-04,VIP
102961,62.0,Tehran,2025-02-20,Regular
102962,38.0,Tehran,2025-06-06,New
102963,64.0,Karaj,2023-04-07,Regular
102964,21.0,Karaj,2025-06-21,New
102965,53.0,Tehran,2023-11-17,Regular
102966,46.0,Qom,2024-09-11,Regular
102967,29.0,Shiraz,2025-08-09,Regular
102968,28.0,Ahvaz,2023-08-27,Regular
102969,52.0,Tehran,2023-08-30,New
102970,48.0,Tehran,2025-11-28,Regular
102971,47.0,Tabriz,2024-02-13,New
102972,20.0,Tehran,2025-11-02,Regular
102973,46.0,Shiraz,2024-01-27,Regular
102974,65.0,Tehran,2024-11-09,New
102975,18.0,Karaj,2024-07-12,VIP
102976,40.0,Rasht,2025-12-13,Regular
102977,41.0,Ahvaz,2024-08-25,New
102978,61.0,Kerman,2024-07-04,Regular
102979,31.0,Rasht,2024-05-25,New
102980,40.0,Isfahan,2024-02-16,New
102981,52.0,Mashhad,2024-04-26,VIP
102982,20.0,Rasht,2024-05-19,Regular
102983,56.0,Rasht,2025-04-16,Regular
102984,57.0,Kerman,2023-02-20,Regular
102985,52.0,Karaj,2024-07-02,VIP
102986,49.0,Tehran,2024-08-24,Regular
102987,53.0,Rasht,2025-04-04,New
102988,55.0,Rasht,2024-12-30,New
102989,61.0,Tabriz,2024-04-17,Regular
102990,38.0,Ahvaz,2023-04-30,New
102991,39.0,Shiraz,2024-02-12,Regular
102992,48.0,Rasht,2023-10-07,New
102993,,Tehran,2023-08-12,Regular
102994,59.0,Ahvaz,2025-02-28,New
102995,54.0,Tehran,2024-06-07,Regular
102996,48.0,Mashhad,2025-05-18,Regular
102997,32.0,Tehran,2023-06-01,New
102998,34.0,Isfahan,2025-12-15,Regular
102999,38.0,Tehran,2024-06-02,Regular
103000,49.0,Kerman,2023-10-05,Regular
103001,55.0,Shiraz,2024-02-02,Regular
103002,50.0,Rasht,2025-07-10,New
103003,62.0,Tehran,2025-02-16,New
103004,64.0,Tehran,2023-07-08,New
103005,,Karaj,2025-12-20,New
103006,35.0,Karaj,2023-05-24,VIP
103007,46.0,Shiraz,2023-10-29,Regular
103008,38.0,Qom,2025-03-09,Regular
103009,48.0,Ahvaz,2024-08-03,Regular
103010,56.0,,2024-05-03,VIP
103011,35.0,Kerman,2025-10-11,New
103012,42.0,Karaj,2025-05-19,New
103013,20.0,Tabriz,2025-11-19,Regular
103014,53.0,Mashhad,2023-11-06,Regular
103015,41.0,Tehran,2025-07-20,New
103016,40.0,Tehran,2023-08-22,Regular
103017,43.0,Karaj,2025-06-01,New
103018,28.0,Karaj,2024-08-23,Regular
103019,46.0,Mashhad,2024-10-16,Regular
103020,53.0,Tabriz,2023-05-07,New
103021,34.0,Tehran,2025-08-20,Regular
103022,24.0,Tehran,2023-11-02,Regular
103023,36.0,Rasht,2024-10-16,Regular
103024,27.0,Isfahan,2023-07-02,Regular
103025,35.0,Tehran,2025-10-10,Regular
103026,48.0,Isfahan,2023-12-17,New
103027,23.0,Mashhad,2025-04-15,New
103028,53.0,Karaj,2025-04-18,Regular
103029,28.0,Kerman,2024-08-25,Regular
103030,60.0,Shiraz,2023-05-13,New
103031,53.0,Shiraz,2023-11-03,VIP
103032,31.0,Mashhad,2024-10-31,Regular
103033,45.0,Shiraz,2024-08-09,New
103034,23.0,Mashhad,2024-10-02,New
103035,22.0,Tehran,2023-10-01,Regular
103036,63.0,Ahvaz,2024-08-12,New
103037,56.0,Isfahan,2023-04-04,VIP
103038,25.0,Isfahan,2024-06-14,Regular
103039,31.0,Tehran,2023-04-11,New
103040,27.0,Ahvaz,2024-12-27,Regular
103041,36.0,Tehran,2024-09-12,New
103042,,Isfahan,2025-07-21,Regular
103043,,Ahvaz,2024-05-20,New
103044,43.0,Isfahan,2023-06-27,Regular
103045,27.0,Rasht,2023-09-15,Regular
103046,60.0,Tehran,2025-06-10,VIP
103047,52.0,Karaj,2025-11-15,New
103048,54.0,Kerman,2023-03-09,Regular
103049,26.0,Shiraz,2025-01-10,Regular
103050,51.0,Karaj,2024-06-11,Regular
103051,58.0,Mashhad,2023-10-10,Regular
103052,26.0,Karaj,2024-07-14,VIP
103053,54.0,Rasht,2025-10-21,Regular
103054,35.0,Karaj,2023-08-05,Regular
103055,55.0,Rasht,2025-07-05,Regular
103056,40.0,Shiraz,2023-04-09,Regular
103057,56.0,tehran,2025-02-28,Regular
103058,25.0,Mashhad,2023-03-24,Regular
103059,36.0,Karaj,2023-03-08,New
103060,31.0,Ahvaz,2023-02-10,Regular
103061,29.0,Tabriz,2025-05-31,Regular
103062,32.0,Tehran,2024-09-20,Regular
103063,36.0,Shiraz,2025-01-25,Regular
103064,24.0,Karaj,2023-06-20,Regular
103065,51.0,Rasht,2025-10-06,New
103066,44.0,Tehran,2025-06-04,Regular
103067,57.0,tehran,2024-06-19,Regular
103068,51.0,Isfahan,2025-09-11,New
103069,25.0,Tehran,2023-06-06,New
103070,21.0,Kerman,2023-11-17,Regular
103071,38.0,Isfahan,2023-02-23,Regular
103072,41.0,Shiraz,2023-06-30,VIP
103073,29.0,Tehran,2025-07-10,Regular
103074,55.0,Isfahan,2024-03-24,Regular
103075,45.0,Kerman,2024-12-07,New
103076,53.0,Isfahan,2025-08-23,VIP
103077,23.0,Tehran,2025-04-16,Regular
103078,57.0,Tehran,2024-03-13,VIP
103079,27.0,Kerman,2024-01-17,Regular
103080,39.0,Kerman,2023-04-29,New
103081,39.0,Tehran,2025-06-27,Regular
103082,57.0,Tabriz,2025-12-14,Regular
103083,31.0,Tehran,2024-07-01,New
103084,29.0,Shiraz,2024-07-01,New
103085,34.0,Tehran,2025-07-17,New
103086,35.0,Qom,2024-01-10,Regular
103087,26.0,Rasht,2024-03-21,VIP
103088,26.0,Tehran,2025-09-05,Regular
103089,29.0,Isfahan,2024-02-20,Regular
103090,40.0,Tehran,2025-10-12,New
103091,34.0,Mashhad,2023-06-26,Regular
103092,36.0,Mashad,2024-06-28,Regular
103093,52.0,,2024-06-20,New
103094,29.0,Kerman,2023-12-02,Regular
103095,61.0,Tehran,2025-11-20,New
103096,54.0,Ahvaz,2024-06-12,Regular
103097,26.0,Tehran,2025-08-20,Regular
103098,33.0,Shiraz,2023-08-29,New
103099,26.0,Isfahan,2024-01-18,Regular
103100,31.0,Rasht,2024-06-07,Regular
103101,35.0,Tehran,2024-09-09,New
103102,24.0,Tehran,2023-09-09,Regular
103103,18.0,Karaj,2023-12-09,Regular
103104,39.0,Karaj,2024-11-12,Regular
103105,51.0,Karaj,2023-11-01,New
103106,32.0,Tehran,2025-04-12,Regular
103107,59.0,Tehran,2024-06-06,New
103108,35.0,Ahvaz,2025-11-27,New
103109,,Tabriz,2023-09-18,New
103110,29.0,Tabriz,2025-07-11,New
103111,43.0,Mashhad,2024-06-20,New
103112,54.0,Tehran,2023-04-05,Regular
103113,20.0,Rasht,2025-02-11,Regular
103114,62.0,Karaj,2023-08-20,New
103115,35.0,Tehran,2023-06-01,New
103116,41.0,Rasht,2024-08-05,VIP
103117,48.0,Shiraz,2025-05-10,Regular
103118,48.0,Mashhad,2023-10-10,New
103119,19.0,Mashhad,2024-11-13,Regular
103120,59.0,Karaj,2023-01-16,New
103121,47.0,Mashhad,2023-07-22,VIP
103122,65.0,Shiraz,2025-04-06,Regular
103123,40.0,Karaj,2023-01-15,New
103124,47.0,Tehran,2024-01-27,Regular
103125,39.0,Rasht,2024-07-10,Regular
103126,60.0,Mashhad,2023-03-14,New
103127,57.0,Isfahan,2025-12-07,New
103128,61.0,Karaj,2024-07-11,Regular
103129,42.0,Tabriz,2024-01-06,New
103130,55.0,Isfahan,2025-12-06,New
103131,35.0,Tabriz,2024-09-03,Regular
103132,40.0,Rasht,2025-01-12,Regular
103133,54.0,Qom,2023-04-09,Regular
103134,21.0,Qom,2023-06-23,Regular
103135,52.0,Tehran,2023-02-19,Regular
103136,18.0,Isfahan,2024-07-17,Regular
103137,45.0,Shiraz,2025-07-04,Regular
103138,40.0,Tehran,2025-09-14,New
103139,40.0,Karaj,2024-09-20,New
103140,41.0,Mashhad,2023-03-01,New
103141,41.0,Mashhad,2024-11-16,Regular
103142,37.0,Tehran,2024-11-29,Regular
103143,39.0,Mashhad,2024-10-15,Regular
103144,45.0,Mashhad,2025-02-28,Regular
103145,54.0,Tabriz,2024-09-02,Regular
103146,44.0,Shiraz,2025-02-09,New
103147,48.0,Tehran,2024-06-16,Regular
103148,58.0,Tehran,2023-06-14,Regular
103149,65.0,Qom,2023-03-29,Regular
103150,23.0,Tehran,2025-09-20,Regular
103151,52.0,Shiraz,2024-04-27,New
103152,28.0,Shiraz,2023-12-19,VIP
103153,27.0,Shiraz,2023-11-18,Regular
103154,56.0,Ahvaz,2023-02-26,Regular
103155,21.0,Tabriz,2025-10-31,Regular
103156,58.0,Kerman,2023-04-02,Regular
103157,54.0,Ahvaz,2023-08-28,New
103158,65.0,Tehran,2024-05-16,Regular
103159,50.0,Tehran,2024-01-28,New
103160,59.0,Mashhad,2023-02-13,New
103161,23.0,Mashhad,2023-12-27,New
103162,60.0,Shiraz,2025-05-03,Regular
103163,25.0,Tehran,2023-10-02,Regular
103164,33.0,Tehran,2025-08-06,Regular
103165,24.0,Mashhad,2024-01-30,New
103166,37.0,Tabriz,2023-01-15,New
103167,53.0,Karaj,2023-04-30,Regular
103168,30.0,Kerman,2025-06-05,Regular
103169,57.0,Tehran,2024-03-20,New
103170,47.0,tehran,2025-12-10,Regular
103171,48.0,Kerman,2025-05-13,New
103172,63.0,Karaj,2023-02-03,Regular
103173,38.0,Shiraz,2023-12-09,Regular
103174,34.0,,2025-03-04,Regular
103175,65.0,Tehran,2023-03-11,Regular
103176,44.0,Rasht,2025-12-30,VIP
103177,47.0,Tabriz,2023-07-02,New
103178,32.0,Shiraz,2025-05-22,New
103179,28.0,tehran,2025-07-09,VIP
103180,26.0,Mashhad,2024-07-07,Regular
103181,28.0,Tehran,2025-05-29,Regular
103182,27.0,Karaj,2025-08-26,New
103183,53.0,Isfahan,2025-03-15,New
103184,20.0,Tehran,2025-02-14,Regular
103185,48.0,Mashhad,2024-03-01,Regular
103186,63.0,Rasht,2023-11-17,New
103187,54.0,Mashhad,2025-08-08,New
103188,37.0,Isfahan,2023-09-03,Regular
103189,20.0,Tabriz,2024-03-29,Regular
103190,58.0,Qom,2024-07-15,VIP
103191,18.0,Tabriz,2024-03-03,Regular
103192,50.0,Ahvaz,2024-02-13,New
103193,50.0,Tehran,2024-10-18,New
103194,27.0,Rasht,2023-12-27,Regular
103195,53.0,Rasht,2025-12-18,New
103196,26.0,Shiraz,2023-07-14,New
103197,28.0,Tabriz,2024-03-01,New
103198,56.0,Tehran,2025-07-14,New
103199,,Isfahan,2024-06-04,Regular
103200,30.0,Tehran,2025-02-10,New
103201,62.0,Tehran,2024-12-09,Regular
103202,61.0,Kerman,2023-12-29,Regular
103203,54.0,Tehran,2025-03-25,New
103204,24.0,Shiraz,2023-09-18,Regular
103205,32.0,Mashhad,2025-04-01,Regular
103206,50.0,Mashhad,2023-05-21,Regular
103207,65.0,Mashhad,2025-01-30,Regular
103208,57.0,Mashhad,2023-05-04,Regular
103209,38.0,Tabriz,2025-08-09,VIP
103210,29.0,Kerman,2024-11-15,Regular
103211,64.0,Isfahan,2023-02-14,Regular
103212,31.0,Kerman,2023-04-30,Regular
103213,34.0,Tabriz,2023-07-25,Regular
103214,64.0,Tabriz,2025-11-17,New
103215,44.0,Tehran,2024-10-07,Regular
103216,30.0,Tehran,2023-11-02,Regular
103217,18.0,Ahvaz,2023-10-31,New
103218,38.0,Shiraz,2023-01-29,Regular
103219,65.0,Isfahan,2023-08-11,VIP
103220,38.0,Qom,2025-07-25,New
103221,51.0,Mashhad,2024-10-17,New
103222,30.0,Qom,2024-02-07,VIP
103223,55.0,Mashhad,2023-01-24,New
103224,55.0,Rasht,2024-01-11,Regular
103225,47.0,Tehran,2024-02-24,New
103226,55.0,Tehran,2023-05-10,New
103227,45.0,Karaj,2024-10-26,New
103228,36.0,Tehran,2024-12-24,New
103229,53.0,Rasht,2025-12-29,VIP
103230,58.0,Tabriz,2024-01-28,New
103231,58.0,Tehran,2023-10-30,New
103232,28.0,Tehran,2025-06-20,Regular
103233,50.0,Rasht,2024-01-19,VIP
103234,18.0,Tabriz,2024-11-21,Regular
103235,45.0,Rasht,2025-03-18,Regular
103236,45.0,Tehran,2025-08-21,New
103237,35.0,Rasht,2023-12-15,Regular
103238,65.0,Shiraz,2024-11-12,Regular
103239,60.0,Tabriz,2023-05-24,Regular
103240,19.0,Mashhad,2025-05-03,Regular
103241,28.0,Tehran,2023-02-19,VIP
103242,27.0,Kerman,2025-02-01,Regular
103243,61.0,Kerman,2023-08-17,Regular
103244,42.0,Mashhad,2024-05-21,Regular
103245,52.0,Rasht,2023-03-25,New
103246,56.0,Tehran,2025-01-24,VIP
103247,54.0,Tehran,2024-06-11,Regular
103248,22.0,Tehran,2024-12-27,Regular
103249,24.0,,2024-01-16,Regular
103250,36.0,Tehran,2023-01-08,Regular
103251,34.0,Mashhad,2024-09-28,New
103252,53.0,Tehran,2025-02-04,VIP
103253,25.0,Karaj,2024-12-28,New
103254,35.0,Ahvaz,2023-10-15,Regular
103255,29.0,Karaj,2025-02-23,New
103256,27.0,Tehran,2024-08-16,Regular
103257,26.0,Karaj,2023-08-19,Regular
103258,27.0,Tehran,2023-05-02,Regular
103259,45.0,Karaj,2023-12-23,Regular
103260,37.0,Shiraz,2023-01-26,Regular
103261,38.0,Mashhad,2025-02-23,Regular
103262,41.0,Tehran,2023-01-17,Regular
103263,53.0,Qom,2023-02-23,Regular
103264,59.0,Rasht,2023-06-23,New
103265,43.0,Tabriz,2023-12-24,New
103266,48.0,Kerman,2023-01-22,New
103267,53.0,Rasht,2024-11-20,Regular
103268,51.0,Tehran,2023-05-25,Regular
103269,24.0,Karaj,2025-05-29,Regular
103270,65.0,Mashhad,2024-09-04,VIP
103271,25.0,Isfahan,2023-04-02,New
103272,37.0,Tehran,2024-03-14,Regular
103273,49.0,Kerman,2023-06-03,Regular
103274,37.0,Karaj,2025-12-09,Regular
103275,29.0,Tehran,2024-10-10,Regular
103276,62.0,Mashhad,2025-06-04,New
103277,21.0,Isfahan,2024-02-14,Regular
103278,29.0,Karaj,2023-06-10,Regular
103279,65.0,Rasht,2023-09-15,Regular
103280,53.0,Mashhad,2024-04-01,New
103281,22.0,Isfahan,2025-04-23,Regular
103282,54.0,Shiraz,2024-04-16,Regular
103283,64.0,Mashhad,2025-10-13,Regular
103284,22.0,Isfahan,2024-02-01,Regular
103285,37.0,Tehran,2023-09-13,New
103286,40.0,Tehran,2024-06-26,New
103287,24.0,Mashhad,2023-05-02,New
103288,27.0,Rasht,2025-01-03,New
103289,26.0,Mashhad,2023-04-21,New
103290,26.0,Tehran,2024-12-02,New
103291,37.0,Karaj,2024-02-23,Regular
103292,40.0,Rasht,2024-01-27,Regular
103293,29.0,Isfahan,2024-10-30,Regular
103294,31.0,Tehran,2025-02-11,New
103295,27.0,Karaj,2025-10-14,New
103296,56.0,Isfahan,2023-11-13,Regular
103297,28.0,Tabriz,2025-06-08,Regular
103298,61.0,Tehran,2025-07-03,New
103299,43.0,Tehran,2025-12-26,Regular
103300,56.0,Mashhad,2025-11-21,VIP
103301,48.0,Karaj,2025-05-15,Regular
103302,30.0,Mashhad,2023-11-19,VIP
103303,46.0,Tehran,2025-01-30,New
103304,31.0,,2025-05-09,New
103305,23.0,Karaj,2023-11-16,New
103306,30.0,Tehran,2025-06-09,Regular
103307,31.0,Karaj,2025-02-07,Regular
103308,24.0,Tabriz,2024-06-21,Regular
103309,19.0,Mashhad,2025-08-01,VIP
103310,63.0,Kerman,2023-04-07,Regular
103311,42.0,Rasht,2025-01-18,New
103312,,Mashhad,2025-05-10,Regular
103313,62.0,Tehran,2023-02-14,New
103314,28.0,Mashhad,2024-03-22,Regular
103315,37.0,Tehran,2024-07-20,Regular
103316,58.0,Shiraz,2023-08-16,Regular
103317,48.0,Rasht,2025-08-20,New
103318,37.0,Ahvaz,2024-11-17,Regular
103319,30.0,Mashhad,2023-10-29,New
103320,19.0,Isfahan,2024-04-23,New
103321,22.0,Tehran,2023-05-03,Regular
103322,25.0,Shiraz,2023-04-06,New
103323,55.0,Tehran,2025-03-28,New
103324,48.0,Rasht,2025-12-13,Regular
103325,38.0,Ahvaz,2023-10-31,Regular
103326,55.0,Tehran,2023-09-25,Regular
103327,25.0,Karaj,2025-01-18,VIP
103328,28.0,Shiraz,2024-07-13,New
103329,36.0,Qom,2023-06-02,New
103330,62.0,Isfahan,2024-12-31,Regular
103331,47.0,Tehran,2023-08-18,New
103332,58.0,Tabriz,2023-05-07,VIP
103333,29.0,Tehran,2024-05-23,Regular
103334,58.0,Shiraz,2025-03-20,Regular
103335,21.0,Tehran,2024-07-24,New
103336,28.0,Karaj,2024-12-10,Regular
103337,43.0,Qom,2023-09-18,Regular
103338,20.0,Tehran,2024-06-24,New
103339,59.0,Mashhad,2025-02-19,Regular
103340,59.0,Karaj,2024-08-01,Regular
103341,43.0,Tehran,2023-09-20,Regular
103342,32.0,Shiraz,2025-11-11,New
103343,22.0,Tabriz,2023-03-15,Regular
103344,47.0,Mashhad,2025-09-24,Regular
103345,43.0,Ahvaz,2025-03-04,New
103346,54.0,Shiraz,2023-05-03,Regular
103347,46.0,Tabriz,2023-10-07,New
103348,24.0,Tehran,2024-02-08,VIP
103349,23.0,Tehran,2025-11-14,New
103350,55.0,Tehran,2024-07-19,New
103351,25.0,Rasht,2023-10-10,Regular
103352,63.0,Ahvaz,2025-10-04,New
103353,23.0,,2023-05-10,New
103354,52.0,Tehran,2025-06-13,New
103355,64.0,Shiraz,2025-06-28,Regular
103356,39.0,Qom,2024-02-28,New
103357,,Tabriz,2023-02-17,Regular
103358,60.0,Tehran,2025-08-28,Regular
103359,26.0,Rasht,2025-11-25,Regular
103360,43.0,Tehran,2024-02-19,Regular
103361,65.0,Tehran,2023-07-23,New
103362,53.0,Rasht,2023-10-24,VIP
103363,20.0,Isfahan,2023-05-30,Regular
103364,57.0,Mashhad,2024-10-29,VIP
103365,25.0,Shiraz,2024-07-21,Regular
103366,53.0,Kerman,2024-01-25,Regular
103367,47.0,Tehran,2024-12-13,VIP
103368,31.0,Karaj,2024-11-12,Regular
103369,38.0,Mashhad,2023-01-13,VIP
103370,23.0,Tehran,2024-03-24,New
103371,65.0,Isfahan,2025-08-03,New
103372,29.0,Shiraz,2025-05-21,Regular
103373,32.0,Tehran,2025-07-25,Regular
103374,42.0,Mashhad,2025-11-10,Regular
103375,50.0,Tabriz,2023-03-09,Regular
103376,42.0,Shiraz,2023-10-23,Regular
103377,42.0,Karaj,2024-05-18,Regular
103378,45.0,Ahvaz,2024-07-12,New
103379,59.0,Mashhad,2025-05-10,New
103380,36.0,Isfahan,2025-03-04,Regular
103381,57.0,Isfahan,2025-02-12,Regular
103382,55.0,Shiraz,2023-06-23,Regular
103383,64.0,Tehran,2025-01-12,New
103384,61.0,Mashhad,2025-05-21,New
103385,56.0,Tehran,2025-04-03,VIP
103386,29.0,Mashhad,2024-09-30,New
103387,55.0,Kerman,2023-04-07,Regular
103388,53.0,Shiraz,2023-06-13,New
103389,31.0,Isfahan,2025-03-24,Regular
103390,50.0,Shiraz,2025-08-08,Regular
103391,30.0,Tabriz,2025-06-22,Regular
103392,43.0,Isfahan,2024-04-12,New
103393,56.0,Isfahan,2024-10-05,Regular
103394,27.0,Karaj,2023-07-13,New
103395,34.0,Tehran,2024-10-10,New
103396,56.0,Shiraz,2023-08-02,Regular
103397,39.0,Shiraz,2025-05-20,Regular
103398,64.0,Karaj,2025-05-10,Regular
103399,18.0,Kerman,2023-02-26,Regular
103400,52.0,Qom,2025-10-21,Regular
103401,57.0,Isfahan,2025-05-21,New
103402,62.0,Tehran,2024-02-19,Regular
103403,25.0,Shiraz,2024-05-09,New
103404,65.0,Ahvaz,2023-03-28,VIP
103405,36.0,Rasht,2025-10-22,Regular
103406,34.0,Qom,2023-04-21,Regular
103407,35.0,Tehran,2025-10-07,Regular
103408,48.0,Karaj,2024-12-17,Regular
103409,49.0,Ahvaz,2025-10-02,Regular
103410,,Karaj,2024-02-10,VIP
103411,21.0,Karaj,2025-09-07,Regular
103412,65.0,Isfahan,2024-04-11,Regular
103413,28.0,Tabriz,2024-01-19,Regular
103414,22.0,Mashhad,2024-01-05,Regular
103415,46.0,Tehran,2025-11-08,Regular
103416,37.0,Qom,2024-05-24,New
103417,47.0,Rasht,2024-06-08,New
103418,60.0,Ahvaz,2024-12-05,Regular
103419,22.0,Mashhad,2024-08-31,New
103420,31.0,Tehran,2024-08-15,Regular
103421,42.0,Mashhad,2024-02-20,New
103422,55.0,Ahvaz,2023-06-29,New
103423,46.0,Tabriz,2025-12-25,Regular
103424,36.0,Kerman,2024-06-21,Regular
103425,47.0,Mashhad,2025-11-30,VIP
103426,65.0,Shiraz,2024-05-19,New
103427,41.0,Qom,2024-10-18,New
103428,60.0,Tehran,2024-08-20,New
103429,55.0,Kerman,2025-11-23,Regular
103430,32.0,Shiraz,2023-05-02,New
103431,29.0,Tehran,2024-07-20,Regular
103432,54.0,Tehran,2023-06-18,New
103433,27.0,Ahvaz,2025-08-08,VIP
103434,34.0,Tabriz,2024-08-03,Regular
103435,29.0,Karaj,2025-10-07,Regular
103436,47.0,Qom,2023-10-29,New
103437,32.0,Isfahan,2023-06-28,New
103438,49.0,Qom,2024-11-19,Regular
103439,62.0,Rasht,2023-06-09,Regular
103440,57.0,Tehran,2024-02-13,Regular
103441,63.0,Karaj,2023-12-10,New
103442,19.0,Mashhad,2023-08-30,New
103443,39.0,Mashhad,2023-05-24,VIP
103444,28.0,Isfahan,2024-12-19,New
103445,62.0,Ahvaz,2025-04-10,New
103446,52.0,Tehran,2024-03-07,Regular
103447,33.0,Isfahan,2023-11-04,New
103448,45.0,Karaj,2023-06-22,Regular
103449,47.0,Tehran,2025-01-11,Regular
103450,41.0,Qom,2025-06-04,Regular
103451,40.0,Rasht,2024-08-23,Regular
103452,20.0,Tehran,2024-04-17,New
103453,39.0,Tehran,2024-12-10,New
103454,34.0,Kerman,2025-09-29,Regular
103455,57.0,Tehran,2025-12-19,New
103456,59.0,Tehran,2023-07-31,New
103457,54.0,Kerman,2024-06-06,Regular
103458,19.0,Rasht,2025-08-17,Regular
103459,58.0,Tabriz,2024-11-23,New
103460,37.0,Shiraz,2025-06-12,VIP
103461,37.0,Rasht,2025-12-26,New
103462,63.0,Tabriz,2023-04-24,VIP
103463,59.0,Tabriz,2024-11-01,New
103464,20.0,Ahvaz,2024-08-05,Regular
103465,35.0,Tabriz,2023-11-08,Regular
103466,53.0,Isfahan,2024-12-16,Regular
103467,43.0,Mashhad,2023-04-24,Regular
103468,30.0,Isfahan,2024-06-26,Regular
103469,43.0,Shiraz,2024-03-30,Regular
103470,59.0,Mashhad,2024-03-03,Regular
103471,28.0,Isfahan,2024-11-03,New
103472,53.0,Qom,2025-10-30,New
103473,53.0,Isfahan,2025-11-03,VIP
103474,60.0,Tehran,2025-02-06,VIP
103475,32.0,Mashhad,2023-12-29,New
103476,28.0,Tehran,2025-11-23,New
103477,44.0,Qom,2025-12-29,New
103478,43.0,Isfahan,2025-07-15,New
103479,37.0,Mashhad,2025-08-14,New
103480,55.0,Qom,2025-06-13,Regular
103481,56.0,Tehran,2025-04-12,New
103482,29.0,Tehran,2025-03-05,Regular
103483,56.0,Qom,2024-11-30,VIP
103484,29.0,Shiraz,2024-12-08,New
103485,37.0,Karaj,2024-03-02,Regular
103486,19.0,Ahvaz,2025-08-29,Regular
103487,34.0,Rasht,2024-11-25,New
103488,64.0,Tehran,2024-11-02,Regular
103489,39.0,Qom,2025-03-23,Regular
103490,52.0,Karaj,2023-03-24,New
103491,23.0,Tehran,2025-10-03,Regular
103492,48.0,Rasht,2024-09-29,New
103493,35.0,Mashhad,2025-10-31,New
103494,53.0,Ahvaz,2023-04-23,VIP
103495,62.0,Tabriz,2023-09-13,New
103496,43.0,Shiraz,2025-11-05,New
103497,22.0,Tehran,2025-01-28,New
103498,40.0,Rasht,2024-12-09,New
103499,23.0,Shiraz,2024-03-18,Regular
103500,39.0,Tehran,2024-08-31,Regular
103501,20.0,Tehran,2024-08-21,Regular
103502,48.0,Karaj,2023-08-05,Regular
103503,32.0,Tehran,2024-09-12,New
103504,27.0,Shiraz,2024-07-18,Regular
103505,18.0,Karaj,2023-12-09,VIP
103506,60.0,Tehran,2024-01-11,Regular
103507,58.0,Shiraz,2025-04-20,Regular
103508,56.0,Tehran,2025-01-09,New
103509,20.0,Rasht,2024-05-29,Regular
103510,34.0,Ahvaz,2024-10-23,Regular
103511,64.0,Mashhad,2023-09-22,Regular
103512,45.0,Shiraz,2024-06-30,Regular
103513,24.0,Isfahan,2024-09-07,Regular
103514,24.0,Kerman,2023-10-04,New
103515,30.0,Mashhad,2023-07-05,New
103516,64.0,Shiraz,2024-07-29,New
103517,26.0,Rasht,2025-10-27,Regular
103518,61.0,Tehran,2024-05-20,New
103519,50.0,Shiraz,2025-09-14,Regular
103520,,Tehran,2025-07-21,Regular
103521,57.0,Tabriz,2025-03-26,Regular
103522,33.0,Mashhad,2025-09-06,Regular
103523,57.0,Kerman,2024-03-26,New
103524,26.0,Isfahan,2025-04-11,Regular
103525,31.0,Tehran,2023-06-08,VIP
103526,28.0,Ahvaz,2023-12-17,Regular
103527,24.0,Qom,2024-09-12,Regular
103528,22.0,Karaj,2023-02-11,Regular
103529,26.0,Karaj,2025-04-17,Regular
103530,23.0,,2025-10-10,Regular
103531,36.0,Tabriz,2023-04-26,Regular
103532,21.0,Tehran,2025-12-22,Regular
103533,20.0,Tehran,2023-04-07,Regular
103534,65.0,Rasht,2023-05-20,Regular
103535,22.0,Karaj,2025-04-14,Regular
103536,21.0,Tehran,2025-01-20,Regular
103537,19.0,Tehran,2025-10-21,New
103538,24.0,Rasht,2024-04-10,New
103539,43.0,Tehran,2024-09-18,Regular
103540,57.0,Tehran,2023-06-12,Regular
103541,53.0,Tehran,2025-01-27,VIP
103542,45.0,Tehran,2025-12-28,New
103543,22.0,Mashhad,2024-10-15,Regular
103544,55.0,Kerman,2025-10-18,Regular
103545,19.0,Mashhad,2024-03-06,Regular
103546,48.0,Isfahan,2025-12-11,Regular
103547,37.0,Karaj,2024-08-10,New
103548,60.0,Shiraz,2023-06-07,Regular
103549,,Karaj,2024-02-02,Regular
103550,48.0,Tabriz,2024-06-22,New
103551,39.0,Tabriz,2023-03-15,New
103552,43.0,Tabriz,2025-09-07,Regular
103553,63.0,Qom,2023-09-19,New
103554,52.0,Karaj,2025-01-09,Regular
103555,37.0,Qom,2025-10-04,Regular
103556,39.0,Tehran,2024-04-20,VIP
103557,51.0,Tabriz,2024-10-29,Regular
103558,34.0,Karaj,2024-07-19,New
103559,26.0,Mashhad,2025-04-16,New
103560,40.0,Ahvaz,2023-02-12,New
103561,21.0,Mashhad,2024-01-29,New
103562,26.0,Tehran,2024-10-31,Regular
103563,38.0,Ahvaz,2023-04-11,Regular
103564,56.0,,2025-07-30,New
103565,55.0,Isfahan,2024-11-23,Regular
103566,30.0,Mashhad,2023-01-04,New
103567,38.0,Rasht,2023-01-14,New
103568,25.0,Isfahan,2023-06-25,Regular
103569,54.0,Karaj,2024-12-27,New
103570,29.0,Qom,2024-07-21,New
103571,56.0,Tabriz,2024-06-12,VIP
103572,58.0,Rasht,2024-09-06,Regular
103573,51.0,Qom,2024-06-25,Regular
103574,33.0,Mashhad,2024-01-11,Regular
103575,63.0,Kerman,2023-01-09,New
103576,50.0,Shiraz,2023-01-31,Regular
103577,49.0,Tehran,2025-01-24,Regular
103578,59.0,Tehran,2025-03-25,New
103579,60.0,Tabriz,2023-09-20,New
103580,21.0,Tehran,2023-09-24,Regular
103581,60.0,Shiraz,2024-03-22,New
103582,54.0,Mashhad,2024-12-06,New
103583,27.0,Shiraz,2024-10-11,New
103584,32.0,Tehran,2024-09-04,Regular
103585,54.0,Ahvaz,2023-02-10,New
103586,28.0,Mashhad,2024-04-16,Regular
103587,39.0,Tehran,2025-04-04,New
103588,51.0,Isfahan,2024-10-08,Regular
103589,49.0,Isfahan,2025-06-02,New
103590,61.0,Tabriz,2025-01-31,Regular
103591,23.0,Shiraz,2025-09-12,Regular
103592,32.0,Tehran,2024-09-18,Regular
103593,65.0,Ahvaz,2024-09-15,New
103594,45.0,Isfahan,2024-09-02,Regular
103595,29.0,Tehran,2023-10-17,Regular
103596,31.0,Karaj,2024-04-22,New
103597,34.0,Tabriz,2023-07-04,Regular
103598,44.0,Tabriz,2024-04-15,Regular
103599,31.0,Isfahan,2023-06-13,Regular
103600,47.0,Isfahan,2024-06-21,Regular
103601,39.0,Shiraz,2025-11-10,VIP
103602,47.0,Tehran,2024-05-10,Regular
103603,25.0,Mashhad,2025-03-19,Regular
103604,47.0,tehran,2024-04-25,New
103605,62.0,Tabriz,2025-09-18,Regular
103606,24.0,Isfahan,2023-08-19,New
103607,33.0,Tehran,2025-07-02,Regular
103608,51.0,Karaj,2025-03-04,New
103609,47.0,Tehran,2025-08-31,Regular
103610,50.0,Tehran,2023-05-26,Regular
103611,44.0,Tehran,2025-09-06,VIP
103612,50.0,Karaj,2025-09-22,New
103613,47.0,Tabriz,2023-11-21,Regular
103614,21.0,Tehran,2024-11-15,Regular
103615,54.0,Tehran,2024-10-04,Regular
103616,39.0,Tabriz,2023-02-23,Regular
103617,20.0,Shiraz,2024-07-29,New
103618,37.0,Karaj,2024-12-22,Regular
103619,38.0,Tehran,2023-08-13,Regular
103620,22.0,Karaj,2024-01-31,Regular
103621,65.0,Rasht,2024-10-03,New
103622,28.0,Tabriz,2025-10-15,New
103623,33.0,Tehran,2023-03-08,New
103624,39.0,Tabriz,2025-10-22,Regular
103625,57.0,Mashhad,2025-06-12,Regular
103626,53.0,Tehran,2025-07-15,Regular
103627,55.0,Mashhad,2023-02-22,New
103628,29.0,Rasht,2024-09-13,New
103629,58.0,Isfahan,2024-02-08,New
103630,57.0,Ahvaz,2025-10-03,New
103631,40.0,Isfahan,2025-03-22,Regular
103632,44.0,Shiraz,2024-12-12,Regular
103633,19.0,Tehran,2023-01-31,VIP
103634,,,2025-08-16,New
103635,64.0,Tehran,2024-06-20,New
103636,40.0,Isfahan,2023-06-25,Regular
103637,43.0,Tehran,2025-08-15,New
103638,41.0,Mashhad,2025-09-17,Regular
103639,21.0,Shiraz,2024-06-27,Regular
103640,47.0,Tehran,2024-12-25,Regular
103641,52.0,Mashhad,2024-10-30,New
103642,62.0,Kerman,2023-11-29,VIP
103643,62.0,Tehran,2025-03-30,VIP
103644,41.0,Mashhad,2025-12-28,New
103645,64.0,Mashhad,2025-10-19,Regular
103646,43.0,Mashhad,2025-01-22,Regular
103647,48.0,Karaj,2024-01-30,New
103648,46.0,Tehran,2025-09-21,VIP
103649,65.0,Isfahan,2025-10-12,New
103650,53.0,Tabriz,2023-01-07,New
103651,23.0,Mashhad,2024-01-06,New
103652,21.0,Rasht,2024-08-27,Regular
103653,37.0,Kerman,2024-09-24,Regular
103654,42.0,Tehran,2025-02-19,Regular
103655,50.0,Mashhad,2024-07-16,Regular
103656,41.0,Tehran,2023-01-16,New
103657,42.0,Tehran,2023-07-01,Regular
103658,62.0,Isfahan,2025-04-15,Regular
103659,34.0,Shiraz,2025-01-29,Regular
103660,41.0,Isfahan,2024-12-14,Regular
103661,44.0,Tehran,2024-04-27,VIP
103662,40.0,Tehran,2023-10-28,Regular
103663,64.0,Kerman,2023-12-04,Regular
103664,64.0,Rasht,2025-01-24,Regular
103665,42.0,Tehran,2024-07-06,New
103666,39.0,Tabriz,2023-05-24,Regular
103667,46.0,Isfahan,2024-03-13,Regular
103668,26.0,Karaj,2025-06-21,Regular
103669,38.0,Shiraz,2024-10-17,Regular
103670,,Ahvaz,2025-08-06,New
103671,24.0,Tehran,2024-07-10,New
103672,22.0,Mashhad,2024-06-15,New
103673,46.0,Kerman,2025-11-05,Regular
103674,18.0,Tehran,2024-07-09,VIP
103675,49.0,Tehran,2023-05-29,Regular
103676,38.0,Karaj,2024-03-16,Regular
103677,35.0,Karaj,2024-12-10,Regular
103678,,Tabriz,2024-01-14,New
103679,43.0,Karaj,2024-03-25,New
103680,53.0,Karaj,2025-08-13,New
103681,52.0,Tehran,2024-04-21,VIP
103682,19.0,Tabriz,2023-11-30,New
103683,28.0,Karaj,2023-04-29,Regular
103684,45.0,Ahvaz,2024-03-17,Regular
103685,64.0,Tehran,2025-04-19,Regular
103686,25.0,Tehran,2023-11-25,New
103687,23.0,Qom,2024-05-30,VIP
103688,63.0,,2024-12-20,New
103689,64.0,Tehran,2025-10-13,VIP
103690,26.0,Qom,2025-06-10,Regular
103691,37.0,Isfahan,2023-11-10,Regular
103692,48.0,Mashhad,2023-06-29,Regular
103693,27.0,Tehran,2025-01-04,Regular
103694,33.0,Tehran,2023-10-06,New
103695,36.0,Qom,2024-03-05,Regular
103696,48.0,Isfahan,2023-04-24,Regular
103697,32.0,Tehran,2025-04-27,Regular
103698,37.0,Mashhad,2023-06-25,Regular
103699,31.0,Tehran,2024-02-21,Regular
103700,54.0,Tehran,2024-03-21,Regular
103701,25.0,Tehran,2023-02-16,New
103702,29.0,Shiraz,2025-04-29,New
103703,29.0,Tehran,2024-11-08,Regular
103704,61.0,Mashhad,2024-08-16,New
103705,63.0,Isfahan,2023-07-14,New
103706,42.0,Isfahan,2023-02-28,Regular
103707,25.0,Tehran,2023-03-02,New
103708,54.0,Tehran,2024-11-15,New
103709,41.0,Tehran,2025-03-29,Regular
103710,58.0,,2025-05-20,Regular
103711,35.0,Karaj,2025-05-26,Regular
103712,65.0,Tehran,2024-03-06,Regular
103713,56.0,Qom,2023-01-02,Regular
103714,28.0,Karaj,2023-09-26,VIP
103715,52.0,Tehran,2025-05-11,New
103716,31.0,Tehran,2025-04-16,New
103717,34.0,Tehran,2024-07-09,New
103718,30.0,Tehran,2023-01-27,Regular
103719,50.0,Shiraz,2025-04-30,New
103720,30.0,Tehran,2025-06-12,Regular
103721,48.0,Qom,2023-09-06,Regular
103722,45.0,Isfahan,2025-05-30,VIP
103723,54.0,Karaj,2024-12-01,New
103724,65.0,Karaj,2025-08-30,Regular
103725,18.0,Isfahan,2024-11-17,VIP
103726,65.0,Rasht,2023-04-08,New
103727,23.0,Kerman,2024-12-09,Regular
103728,43.0,Mashhad,2023-04-28,New
103729,34.0,Tehran,2023-10-11,New
103730,48.0,Mashhad,2025-08-13,New
103731,52.0,Tehran,2025-11-26,New
103732,59.0,Shiraz,2024-06-04,New
103733,37.0,Mashhad,2023-11-15,Regular
103734,62.0,Isfahan,2024-03-05,Regular
103735,33.0,Karaj,2023-09-23,Regular
103736,27.0,Tehran,2024-09-19,Regular
103737,36.0,Shiraz,2024-04-06,VIP
103738,43.0,Mashhad,2023-03-06,New
103739,50.0,Qom,2024-10-30,New
103740,57.0,Tabriz,2024-12-05,New
103741,28.0,Tehran,2024-12-31,Regular
103742,32.0,Tabriz,2025-10-31,Regular
103743,63.0,Tehran,2025-02-09,Regular
103744,39.0,Karaj,2025-01-09,New
103745,29.0,Shiraz,2023-08-20,Regular
103746,65.0,Mashhad,2024-05-23,Regular
103747,39.0,Karaj,2024-04-20,New
103748,,Ahvaz,2025-11-18,New
103749,62.0,Karaj,2024-06-03,New
103750,61.0,Shiraz,2025-01-23,Regular
103751,45.0,Karaj,2024-08-15,VIP
103752,56.0,Isfahan,2023-03-04,New
103753,64.0,Qom,2025-10-21,VIP
103754,30.0,Qom,2025-01-03,Regular
103755,19.0,Tehran,2023-09-10,Regular
103756,33.0,Tehran,2023-03-07,Regular
103757,48.0,Tehran,2025-10-22,Regular
103758,44.0,Tehran,2023-12-03,New
103759,21.0,Mashhad,2023-01-19,New
103760,44.0,Tehran,2024-11-05,Regular
103761,26.0,Shiraz,2023-01-18,Regular
103762,42.0,Tehran,2023-08-25,New
103763,45.0,,2025-09-05,Regular
103764,48.0,Tabriz,2023-02-11,New
103765,37.0,Mashhad,2025-04-03,New
103766,37.0,Isfahan,2024-11-07,Regular
103767,50.0,Qom,2023-12-02,Regular
103768,53.0,Kerman,2023-11-10,New
103769,56.0,Shiraz,2024-06-03,Regular
103770,34.0,Tehran,2024-08-06,VIP
103771,38.0,Tehran,2025-09-01,New
103772,33.0,Kerman,2023-10-13,New
103773,43.0,Tabriz,2024-10-08,Regular
103774,24.0,Karaj,2025-01-21,New
103775,38.0,Tabriz,2023-01-14,New
103776,27.0,Tehran,2025-09-07,New
103777,43.0,Isfahan,2025-12-22,New
103778,58.0,Qom,2023-04-05,Regular
103779,65.0,Ahvaz,2023-10-14,New
103780,39.0,Tehran,2025-05-11,Regular
103781,20.0,Shiraz,2025-06-05,Regular
103782,28.0,Tehran,2023-06-20,New
103783,23.0,Kerman,2025-10-01,New
103784,54.0,Tehran,2023-12-27,VIP
103785,65.0,Karaj,2023-11-18,Regular
103786,44.0,Tehran,2024-01-27,Regular
103787,26.0,Tabriz,2025-01-05,Regular
103788,19.0,Tabriz,2023-08-14,VIP
103789,64.0,Mashhad,2024-08-17,New
103790,33.0,Qom,2023-03-24,New
103791,23.0,Ahvaz,2023-06-10,Regular
103792,26.0,Ahvaz,2025-04-21,New
103793,30.0,Mashhad,2024-02-25,Regular
103794,49.0,Karaj,2025-05-19,New
103795,60.0,Shiraz,2025-03-18,New
103796,31.0,Shiraz,2025-12-27,Regular
103797,50.0,Isfahan,2023-05-31,Regular
103798,21.0,Tabriz,2025-10-20,Regular
103799,18.0,Tehran,2025-09-03,New
103800,20.0,Mashhad,2024-04-20,New
103801,62.0,Tehran,2023-05-29,Regular
103802,45.0,Mashhad,2023-05-27,New
103803,56.0,Tehran,2024-07-13,Regular
103804,19.0,Tehran,2023-01-12,Regular
103805,19.0,Qom,2023-04-15,New
103806,58.0,Shiraz,2024-08-05,New
103807,22.0,Tehran,2024-09-08,Regular
103808,25.0,Qom,2025-07-31,Regular
103809,42.0,Rasht,2025-12-03,New
103810,47.0,Ahvaz,2023-10-21,VIP
103811,28.0,Qom,2023-12-28,New
103812,39.0,Kerman,2023-08-06,Regular
103813,50.0,Shiraz,2023-09-03,New
103814,39.0,Kerman,2024-04-25,Regular
103815,36.0,Rasht,2025-12-23,Regular
103816,21.0,Mashhad,2025-09-05,New
103817,39.0,Ahvaz,2025-09-26,Regular
103818,56.0,Qom,2024-05-09,New
103819,48.0,Karaj,2024-12-20,Regular
103820,60.0,Rasht,2025-03-02,Regular
103821,24.0,Mashhad,2023-09-24,Regular
103822,18.0,Mashhad,2024-05-21,Regular
103823,44.0,Tabriz,2024-08-25,New
103824,26.0,Karaj,2024-02-13,New
103825,46.0,Ahvaz,2024-06-02,VIP
103826,61.0,Ahvaz,2024-04-27,Regular
103827,34.0,Karaj,2023-03-08,Regular
103828,44.0,Kerman,2025-04-21,Regular
103829,50.0,Tehran,2025-09-12,Regular
103830,25.0,Kerman,2025-04-06,New
103831,61.0,Tehran,2025-10-19,New
103832,27.0,Shiraz,2024-04-17,Regular
103833,56.0,Tehran,2023-03-03,New
103834,49.0,Shiraz,2023-10-21,New
103835,24.0,Mashhad,2025-07-24,Regular
103836,52.0,Tehran,2023-06-02,Regular
103837,27.0,Tabriz,2024-08-22,Regular
103838,46.0,Karaj,2023-01-02,Regular
103839,64.0,Tehran,2023-12-21,Regular
103840,63.0,Karaj,2023-05-05,New
103841,59.0,Tehran,2023-05-05,Regular
103842,41.0,Tehran,2023-06-30,Regular
103843,44.0,Tehran,2024-08-12,Regular
103844,32.0,Shiraz,2025-01-25,Regular
103845,62.0,Karaj,2023-11-12,New
103846,40.0,Shiraz,2025-06-14,Regular
103847,55.0,Qom,2024-03-05,New
103848,35.0,Shiraz,2025-03-17,New
103849,53.0,Qom,2024-08-03,Regular
103850,28.0,Kerman,2025-03-02,New
103851,53.0,Mashhad,2025-12-07,New
103852,20.0,Tehran,2025-12-24,Regular
103853,23.0,Tehran,2024-10-04,New
103854,34.0,Shiraz,2025-11-20,Regular
103855,41.0,Shiraz,2025-02-07,New
103856,52.0,Tehran,2023-10-22,Regular
103857,35.0,Ahvaz,2025-10-21,Regular
103858,18.0,Kerman,2023-06-08,Regular
103859,33.0,Tehran,2024-05-27,Regular
103860,39.0,Tehran,2023-06-17,VIP
103861,44.0,Tehran,2025-05-08,New
103862,48.0,Mashhad,2025-09-07,Regular
103863,29.0,Ahvaz,2025-06-15,Regular
103864,47.0,Shiraz,2023-04-23,Regular
103865,48.0,Tehran,2023-10-24,VIP
103866,55.0,Isfahan,2024-01-08,Regular
103867,43.0,Tehran,2023-05-07,Regular
103868,56.0,Mashhad,2024-08-03,New
103869,28.0,Mashhad,2023-02-07,New
103870,52.0,Tabriz,2024-11-02,Regular
103871,20.0,Mashad,2024-09-21,Regular
103872,22.0,Ahvaz,2024-10-14,Regular
103873,59.0,Tehran,2025-09-26,VIP
103874,40.0,Karaj,2025-05-11,New
103875,47.0,Tehran,2023-10-12,Regular
103876,46.0,Mashhad,2024-09-18,Regular
103877,51.0,Ahvaz,2025-05-28,Regular
103878,29.0,Karaj,2025-07-20,Regular
103879,26.0,Tehran,2024-12-05,Regular
103880,20.0,Isfahan,2023-04-03,VIP
103881,59.0,Karaj,2024-04-20,Regular
103882,28.0,Rasht,2025-07-29,New
103883,45.0,Tabriz,2023-03-22,New
103884,39.0,Tehran,2024-10-08,Regular
103885,25.0,Isfahan,2024-08-14,Regular
103886,37.0,Tehran,2023-09-02,Regular
103887,,Tehran,2024-01-12,Regular
103888,26.0,Shiraz,2025-12-06,Regular
103889,24.0,Karaj,2024-10-14,Regular
103890,57.0,Tehran,2025-10-26,New
103891,45.0,Qom,2024-05-31,Regular
103892,62.0,Karaj,2025-07-15,New
103893,38.0,Karaj,2024-11-09,Regular
103894,27.0,Tehran,2025-09-25,Regular
103895,47.0,Mashhad,2023-12-24,Regular
103896,62.0,Tehran,2024-02-23,Regular
103897,43.0,Tehran,2023-02-14,VIP
103898,18.0,Mashhad,2023-09-07,VIP
103899,32.0,Mashhad,2023-06-01,New
103900,62.0,Tehran,2023-07-20,New
103901,42.0,Tehran,2023-12-04,New
103902,63.0,Rasht,2025-08-14,New
103903,42.0,Qom,2024-02-19,New
103904,18.0,Mashhad,2025-06-24,Regular
103905,59.0,Rasht,2025-06-11,VIP
103906,54.0,Tehran,2025-12-10,New
103907,52.0,Mashhad,2024-07-10,Regular
103908,64.0,Qom,2025-07-17,Regular
103909,27.0,Isfahan,2024-04-04,Regular
103910,61.0,Tehran,2024-11-23,Regular
103911,29.0,Mashhad,2025-06-06,VIP
103912,64.0,Isfahan,2023-06-05,VIP
103913,27.0,Tabriz,2023-03-04,Regular
103914,44.0,Mashhad,2023-06-30,Regular
103915,55.0,Isfahan,2025-02-28,New
103916,21.0,Tehran,2024-06-02,VIP
103917,21.0,Shiraz,2023-11-03,New
103918,58.0,Tehran,2025-04-20,Regular
103919,20.0,Ahvaz,2023-01-17,New
103920,47.0,Karaj,2023-07-09,Regular
103921,63.0,Isfahan,2024-05-29,New
103922,47.0,Karaj,2025-09-29,Regular
103923,41.0,Tehran,2025-03-31,Regular
103924,38.0,Mashhad,2025-01-18,Regular
103925,48.0,Isfahan,2025-02-17,Regular
103926,45.0,Isfahan,2023-12-08,Regular
103927,42.0,Karaj,2024-05-05,Regular
103928,25.0,Kerman,2025-08-27,VIP
103929,49.0,Mashhad,2025-03-09,Regular
103930,53.0,Mashhad,2024-10-17,Regular
103931,52.0,Tabriz,2023-04-01,Regular
103932,21.0,Mashhad,2025-03-13,Regular
103933,51.0,Tehran,2024-02-05,Regular
103934,53.0,Kerman,2024-02-27,Regular
103935,26.0,Qom,2025-01-07,Regular
103936,58.0,Kerman,2024-03-06,Regular
103937,43.0,Tehran,2024-09-19,Regular
103938,40.0,Tehran,2023-01-14,New
103939,52.0,Isfahan,2023-07-22,Regular
103940,42.0,Rasht,2024-08-12,Regular
103941,44.0,Tehran,2025-11-14,Regular
103942,32.0,Tehran,2025-04-13,Regular
103943,62.0,Tehran,2024-04-02,New
103944,64.0,Karaj,2025-11-26,New
103945,24.0,Qom,2023-10-29,Regular
103946,53.0,Karaj,2025-09-03,New
103947,19.0,Tehran,2024-03-17,New
103948,35.0,Karaj,2023-04-06,Regular
103949,64.0,Isfahan,2023-01-03,New
103950,26.0,Tehran,2025-12-09,Regular
103951,36.0,Mashhad,2024-12-04,New
103952,28.0,Isfahan,2023-06-13,New
103953,52.0,Mashhad,2025-12-22,Regular
103954,40.0,Kerman,2023-02-15,VIP
103955,46.0,Isfahan,2024-01-02,Regular
103956,63.0,Mashhad,2025-03-31,New
103957,43.0,Tabriz,2023-02-28,Regular
103958,53.0,Tabriz,2025-09-18,Regular
103959,22.0,Tehran,2025-01-12,Regular
103960,28.0,Tabriz,2025-11-06,New
103961,63.0,Tehran,2025-07-05,New
103962,59.0,Mashhad,2025-06-22,Regular
103963,49.0,Karaj,2023-09-07,Regular
103964,36.0,Shiraz,2023-08-13,Regular
103965,27.0,Mashhad,2023-09-23,Regular
103966,58.0,Tehran,2023-06-18,Regular
103967,55.0,tehran,2024-12-28,Regular
103968,29.0,Mashhad,2023-03-06,Regular
103969,46.0,Rasht,2024-04-14,Regular
103970,,Shiraz,2024-09-29,New
103971,40.0,Ahvaz,2024-08-13,VIP
103972,62.0,Mashhad,2024-06-17,New
103973,23.0,Qom,2023-09-02,Regular
103974,30.0,Tehran,2023-04-30,Regular
103975,22.0,Mashhad,2025-12-18,Regular
103976,51.0,Tehran,2024-05-23,New
103977,48.0,Tehran,2024-10-13,Regular
103978,65.0,Rasht,2024-09-13,New
103979,44.0,Karaj,2024-02-08,New
103980,25.0,Tabriz,2025-03-02,Regular
103981,39.0,Shiraz,2024-02-16,New
103982,22.0,Shiraz,2024-03-29,Regular
103983,50.0,Tabriz,2025-05-29,Regular
103984,50.0,Qom,2023-12-15,VIP
103985,59.0,Shiraz,2025-02-04,Regular
103986,34.0,,2024-12-29,New
103987,32.0,Mashhad,2023-02-03,Regular
103988,21.0,Kerman,2025-01-19,New
103989,37.0,Tehran,2025-05-27,Regular
103990,40.0,Mashhad,2023-10-24,Regular
103991,54.0,Ahvaz,2025-09-28,Regular
103992,54.0,Tehran,2023-01-22,Regular
103993,24.0,Tehran,2023-07-16,Regular
103994,31.0,Mashhad,2025-11-01,Regular
103995,42.0,Isfahan,2025-07-25,VIP
103996,34.0,Rasht,2025-04-07,New
103997,19.0,Ahvaz,2024-10-23,Regular
103998,58.0,Isfahan,2023-08-09,Regular
103999,53.0,,2024-06-19,New
104000,42.0,Tabriz,2024-09-11,Regular
104001,33.0,Ahvaz,2023-04-09,Regular
104002,58.0,Tehran,2024-10-13,Regular
104003,19.0,Isfahan,2023-04-08,New
104004,39.0,Tehran,2023-05-18,New
104005,56.0,Tehran,2023-07-06,New
104006,63.0,Karaj,2023-07-29,New
104007,30.0,Tehran,2023-03-31,New
104008,49.0,Shiraz,2025-11-13,Regular
104009,27.0,Karaj,2025-05-28,New
104010,23.0,Tehran,2024-07-10,Regular
104011,34.0,Isfahan,2024-02-08,VIP
104012,60.0,Karaj,2023-07-29,New
104013,51.0,Ahvaz,2025-11-05,VIP
104014,41.0,Mashhad,2025-05-23,New
104015,31.0,Kerman,2025-04-03,Regular
104016,24.0,Ahvaz,2024-05-30,VIP
104017,30.0,Tabriz,2023-01-31,Regular
104018,25.0,Mashhad,2024-11-30,New
104019,26.0,Karaj,2024-06-17,New
104020,51.0,Qom,2023-11-22,New
104021,24.0,Mashhad,2023-12-12,VIP
104022,20.0,Kerman,2023-03-05,New
104023,44.0,Rasht,2025-08-12,Regular
104024,31.0,Isfahan,2023-06-30,New
104025,39.0,Karaj,2025-06-09,Regular
104026,24.0,Shiraz,2025-12-01,Regular
104027,28.0,Karaj,2023-02-20,New
104028,39.0,Qom,2024-11-13,Regular
104029,51.0,Tehran,2023-03-15,Regular
104030,37.0,Tehran,2025-06-29,Regular
104031,44.0,Mashhad,2024-07-09,Regular
104032,43.0,Rasht,2023-01-24,Regular
104033,30.0,Mashhad,2025-04-25,Regular
104034,31.0,Ahvaz,2025-04-18,Regular
104035,38.0,Isfahan,2025-10-09,Regular
104036,19.0,Mashhad,2024-06-15,New
104037,50.0,Rasht,2025-10-18,New
104038,47.0,Shiraz,2024-12-29,Regular
104039,32.0,Mashhad,2024-07-29,Regular
104040,35.0,Tehran,2024-01-28,New
104041,33.0,Tehran,2023-11-17,Regular
104042,49.0,Tehran,2024-11-10,Regular
104043,54.0,Mashhad,2025-03-20,Regular
104044,23.0,Tabriz,2023-02-09,New
104045,37.0,Mashhad,2024-03-27,VIP
104046,18.0,Tehran,2023-02-19,New
104047,39.0,Tehran,2024-03-10,VIP
104048,29.0,Mashhad,2025-05-24,New
104049,34.0,Kerman,2025-01-26,New
104050,39.0,Mashhad,2023-05-17,New
104051,33.0,Tehran,2025-02-23,New
104052,36.0,Shiraz,2023-01-16,VIP
104053,54.0,Rasht,2023-01-14,Regular
104054,56.0,Qom,2025-09-26,New
104055,18.0,Ahvaz,2023-02-05,VIP
104056,36.0,Rasht,2023-10-18,New
104057,58.0,Tabriz,2023-05-25,New
104058,43.0,Kerman,2024-09-29,New
104059,27.0,Tehran,2024-07-25,Regular
104060,46.0,Ahvaz,2025-07-07,VIP
104061,24.0,Ahvaz,2025-12-16,New
104062,19.0,Rasht,2025-03-27,Regular
104063,48.0,Isfahan,2024-05-26,New
104064,42.0,Qom,2023-02-21,New
104065,54.0,Tehran,2025-10-07,Regular
104066,34.0,Tabriz,2024-09-06,Regular
104067,59.0,Mashhad,2023-08-27,Regular
104068,38.0,Shiraz,2024-08-16,New
104069,53.0,Tabriz,2024-03-05,New
104070,22.0,Mashhad,2024-01-19,Regular
104071,22.0,Tehran,2024-05-11,Regular
104072,55.0,Mashhad,2025-04-05,Regular
104073,58.0,Tabriz,2023-06-29,New
104074,63.0,Tabriz,2025-11-21,Regular
104075,33.0,Karaj,2023-03-10,New
104076,19.0,Tehran,2023-06-11,Regular
104077,65.0,Qom,2025-01-10,Regular
104078,46.0,Karaj,2023-06-09,New
104079,29.0,Tehran,2025-05-01,Regular
104080,54.0,Mashhad,2025-03-15,Regular
104081,61.0,Isfahan,2024-04-15,Regular
104082,31.0,Mashhad,2024-05-12,VIP
104083,54.0,Tehran,2025-12-30,Regular
104084,55.0,Tehran,2025-05-20,New
104085,42.0,Tehran,2024-11-23,New
104086,48.0,Tehran,2023-06-04,Regular
104087,30.0,Tehran,2024-10-07,New
104088,62.0,Qom,2023-02-13,Regular
104089,65.0,Shiraz,2023-10-03,New
104090,65.0,Isfahan,2025-02-03,New
104091,53.0,Tabriz,2024-03-22,New
104092,20.0,Shiraz,2025-12-25,Regular
104093,35.0,Tehran,2025-10-25,Regular
104094,39.0,Tehran,2023-04-14,Regular
104095,64.0,Tehran,2025-08-25,New
104096,44.0,Shiraz,2025-08-04,VIP
104097,43.0,Isfahan,2023-04-27,Regular
104098,25.0,Mashhad,2024-02-26,Regular
104099,56.0,Shiraz,2025-11-04,Regular
104100,34.0,Kerman,2023-01-19,VIP
104101,22.0,Mashhad,2023-03-06,New
104102,65.0,Shiraz,2024-07-12,New
104103,27.0,Isfahan,2025-11-09,Regular
104104,18.0,Karaj,2023-11-02,Regular
104105,21.0,Karaj,2025-04-26,Regular
104106,39.0,Karaj,2025-01-29,Regular
104107,22.0,Tehran,2023-06-09,New
104108,58.0,Isfahan,2023-11-12,Regular
104109,42.0,Qom,2024-11-14,Regular
104110,33.0,Mashhad,2024-06-11,New
104111,18.0,Kerman,2023-09-17,New
104112,41.0,Mashhad,2023-08-08,New
104113,25.0,Isfahan,2024-09-02,Regular
104114,64.0,Isfahan,2025-06-25,New
104115,31.0,Isfahan,2024-03-28,New
104116,40.0,Ahvaz,2025-10-10,Regular
104117,18.0,Tehran,2024-12-31,New
104118,24.0,Shiraz,2024-03-17,Regular
104119,27.0,Tabriz,2025-02-13,Regular
104120,20.0,Ahvaz,2024-05-06,Regular
104121,52.0,Tabriz,2025-04-08,New
104122,63.0,Kerman,2025-12-12,New
104123,65.0,tehran,2025-05-12,New
104124,30.0,Mashhad,2023-06-05,VIP
104125,55.0,Ahvaz,2023-03-20,Regular
104126,42.0,Kerman,2025-06-04,New
104127,20.0,Tehran,2025-07-16,New
104128,22.0,Tabriz,2024-09-13,New
104129,44.0,Mashhad,2023-09-26,New
104130,38.0,Tabriz,2025-08-22,New
104131,18.0,Tehran,2024-05-06,Regular
104132,62.0,Karaj,2023-11-17,New
104133,53.0,Isfahan,2024-02-06,Regular
104134,42.0,Shiraz,2023-11-21,New
104135,65.0,Tehran,2023-11-06,Regular
104136,64.0,Karaj,2023-12-23,Regular
104137,,Isfahan,2025-01-08,New
104138,30.0,Tabriz,2023-01-19,Regular
104139,60.0,Mashhad,2024-02-02,New
104140,42.0,Tehran,2023-07-06,Regular
104141,52.0,Isfahan,2024-12-10,Regular
104142,59.0,,2025-12-25,VIP
104143,25.0,Tehran,2025-05-12,Regular
104144,39.0,Tabriz,2023-09-30,New
104145,24.0,Tehran,2024-07-15,Regular
104146,31.0,Karaj,2023-01-22,Regular
104147,37.0,Tehran,2024-03-28,New
104148,59.0,Isfahan,2023-11-02,Regular
104149,59.0,Mashhad,2024-07-03,New
104150,36.0,Tehran,2024-03-23,Regular
104151,33.0,Mashhad,2025-01-17,New
104152,43.0,Mashhad,2024-08-22,New
104153,61.0,Shiraz,2025-10-25,VIP
104154,64.0,Kerman,2023-03-17,Regular
104155,28.0,Isfahan,2025-10-31,New
104156,26.0,Rasht,2025-05-15,New
104157,51.0,Isfahan,2025-02-19,Regular
104158,32.0,Tehran,2025-06-22,New
104159,27.0,Tehran,2023-02-25,Regular
104160,19.0,Mashhad,2023-08-22,Regular
104161,37.0,Mashhad,2023-01-01,New
104162,36.0,Ahvaz,2025-05-24,New
104163,45.0,Tabriz,2024-01-24,New
104164,27.0,tehran,2024-01-31,New
104165,52.0,Isfahan,2024-10-30,Regular
104166,50.0,Mashhad,2024-04-08,New
104167,40.0,Tabriz,2024-11-28,VIP
104168,26.0,Tehran,2025-10-22,Regular
104169,42.0,Tehran,2023-12-30,New
104170,50.0,Mashhad,2025-09-03,Regular
104171,35.0,Tehran,2024-08-05,Regular
104172,30.0,Tabriz,2024-02-15,Regular
104173,42.0,Tehran,2025-10-03,Regular
104174,35.0,Tehran,2024-06-18,New
104175,37.0,Rasht,2023-05-20,New
104176,34.0,Kerman,2023-11-10,New
104177,32.0,Isfahan,2025-07-14,New
104178,52.0,Isfahan,2024-07-18,Regular
104179,40.0,Karaj,2024-09-05,VIP
104180,40.0,Tehran,2025-01-16,Regular
104181,49.0,Isfahan,2023-08-01,VIP
104182,35.0,Tehran,2023-04-12,Regular
104183,22.0,Mashhad,2024-04-27,New
104184,58.0,Kerman,2025-10-04,Regular
104185,20.0,Karaj,2023-05-20,New
104186,45.0,Kerman,2025-02-26,New
104187,30.0,Karaj,2025-12-08,VIP
104188,28.0,Tabriz,2023-04-16,Regular
104189,20.0,Karaj,2023-05-26,VIP
104190,61.0,Tabriz,2025-08-09,New
104191,38.0,Isfahan,2023-04-29,Regular
104192,34.0,Mashad,2025-03-25,New
104193,,Shiraz,2025-05-22,New
104194,19.0,Tehran,2023-12-09,Regular
104195,45.0,Isfahan,2023-11-16,Regular
104196,41.0,Tehran,2024-07-24,Regular
104197,44.0,Shiraz,2024-07-08,Regular
104198,23.0,Tehran,2025-07-30,Regular
104199,63.0,Mashhad,2024-10-10,New
104200,29.0,Isfahan,2025-11-26,New
104201,50.0,Tehran,2023-09-20,VIP
104202,53.0,Kerman,2023-11-04,Regular
104203,34.0,Isfahan,2023-09-21,Regular
104204,24.0,Mashhad,2024-12-13,New
104205,32.0,Tehran,2023-02-06,New
104206,56.0,Ahvaz,2025-07-30,VIP
104207,61.0,Tabriz,2025-04-25,Regular
104208,62.0,Isfahan,2025-12-18,Regular
104209,28.0,Tehran,2025-11-15,New
104210,47.0,Karaj,2023-03-19,New
104211,25.0,Rasht,2025-03-29,Regular
104212,52.0,Mashhad,2024-07-05,Regular
104213,37.0,Tehran,2025-03-16,New
104214,52.0,Tehran,2025-08-14,New
104215,50.0,Tehran,2024-09-30,Regular
104216,65.0,Karaj,2023-01-04,New
104217,41.0,Kerman,2025-08-04,Regular
104218,34.0,Kerman,2024-04-23,Regular
104219,43.0,Qom,2024-05-17,New
104220,25.0,Tehran,2024-10-01,Regular
104221,23.0,Kerman,2025-09-25,New
104222,42.0,Mashhad,2024-07-30,Regular
104223,57.0,Mashhad,2023-08-16,Regular
104224,43.0,Karaj,2025-03-13,Regular
104225,55.0,Tehran,2024-11-24,Regular
104226,26.0,Qom,2023-03-13,Regular
104227,39.0,Kerman,2024-08-06,New
104228,47.0,Karaj,2025-05-10,Regular
104229,34.0,Qom,2025-08-26,New
104230,18.0,Mashhad,2023-11-07,Regular
104231,21.0,Tehran,2024-07-26,New
104232,62.0,Qom,2025-06-21,Regular
104233,47.0,Shiraz,2024-10-01,Regular
104234,30.0,Rasht,2024-04-04,Regular
104235,30.0,Tehran,2023-07-21,New
104236,19.0,Mashhad,2023-02-16,Regular
104237,63.0,Mashhad,2025-01-25,Regular
104238,23.0,Karaj,2025-11-21,VIP
104239,54.0,Qom,2024-10-19,Regular
104240,29.0,Kerman,2025-05-04,New
104241,34.0,Mashhad,2025-01-11,Regular
104242,31.0,Isfahan,2024-01-16,New
104243,57.0,Tehran,2024-07-26,New
104244,19.0,Tehran,2023-10-23,New
104245,34.0,Mashhad,2023-09-02,Regular
104246,31.0,Shiraz,2024-10-06,Regular
104247,31.0,Isfahan,2024-12-08,Regular
104248,27.0,Mashhad,2025-12-17,Regular
104249,61.0,Tabriz,2023-09-16,Regular
104250,36.0,Qom,2023-11-14,New
104251,38.0,Tehran,2023-07-01,Regular
104252,36.0,Mashhad,2025-11-04,Regular
104253,65.0,Karaj,2025-05-05,Regular
104254,34.0,Karaj,2023-12-28,Regular
104255,34.0,Qom,2025-11-26,Regular
104256,33.0,Tehran,2025-02-09,Regular
104257,33.0,tehran,2024-06-05,New
104258,22.0,Rasht,2024-02-22,Regular
104259,,Mashhad,2024-09-15,New
104260,19.0,Isfahan,2023-04-04,New
104261,28.0,Kerman,2023-07-08,Regular
104262,27.0,Tehran,2025-10-22,Regular
104263,31.0,Karaj,2023-08-15,Regular
104264,54.0,Ahvaz,2023-06-29,Regular
104265,46.0,Tehran,2025-07-30,VIP
104266,65.0,Karaj,2025-10-31,Regular
104267,,Isfahan,2025-06-14,Regular
104268,62.0,Ahvaz,2023-04-24,Regular
104269,20.0,Rasht,2025-07-07,Regular
104270,42.0,Ahvaz,2023-10-20,Regular
104271,56.0,Tehran,2023-01-13,VIP
104272,43.0,Karaj,2025-10-05,New
104273,62.0,Rasht,2023-10-21,New
104274,33.0,Tabriz,2024-12-22,Regular
104275,19.0,Tabriz,2023-03-22,Regular
104276,55.0,Tehran,2023-07-27,Regular
104277,21.0,Ahvaz,2025-08-22,VIP
104278,54.0,Tehran,2024-10-10,Regular
104279,53.0,Mashhad,2025-12-29,VIP
104280,58.0,Rasht,2023-07-17,New
104281,,Rasht,2025-09-02,New
104282,60.0,Kerman,2025-08-15,New
104283,26.0,Isfahan,2025-10-08,Regular
104284,38.0,Tehran,2023-02-24,New
104285,23.0,Isfahan,2023-04-25,New
104286,54.0,Tehran,2024-08-03,Regular
104287,52.0,Ahvaz,2023-05-07,New
104288,56.0,Shiraz,2023-03-11,Regular
104289,54.0,Mashhad,2025-06-07,Regular
104290,32.0,Tehran,2025-01-31,New
104291,21.0,Mashhad,2025-07-13,Regular
104292,62.0,Ahvaz,2025-10-21,New
104293,41.0,,2023-06-06,New
104294,22.0,Tehran,2025-06-29,New
104295,62.0,Tehran,2023-02-17,Regular
104296,65.0,Mashhad,2024-02-12,Regular
104297,39.0,Tehran,2023-11-22,Regular
104298,54.0,Rasht,2023-09-17,Regular
104299,19.0,Tabriz,2025-02-25,New
104300,22.0,Tehran,2023-05-13,Regular
104301,31.0,Qom,2025-06-04,Regular
104302,49.0,Mashhad,2025-08-14,New
104303,24.0,Tehran,2024-12-29,New
104304,19.0,Shiraz,2023-03-30,New
104305,50.0,Tehran,2024-10-15,New
104306,54.0,,2024-11-19,New
104307,53.0,Ahvaz,2024-02-13,New
104308,56.0,Rasht,2024-02-07,VIP
104309,56.0,Mashhad,2024-05-28,Regular
104310,46.0,Tabriz,2025-12-26,Regular
104311,42.0,Tehran,2023-01-04,Regular
104312,59.0,Shiraz,2024-07-11,VIP
104313,34.0,Tehran,2023-12-14,Regular
104314,22.0,Shiraz,2024-08-23,Regular
104315,54.0,Tehran,2023-01-05,Regular
104316,31.0,Rasht,2025-10-02,VIP
104317,64.0,Ahvaz,2024-05-15,Regular
104318,37.0,Mashhad,2025-11-27,New
104319,58.0,Karaj,2023-06-18,Regular
104320,20.0,Tehran,2024-10-01,New
104321,49.0,Karaj,2025-01-14,New
104322,39.0,Mashhad,2025-05-21,Regular
104323,40.0,Tehran,2023-01-10,Regular
104324,30.0,Tabriz,2024-11-26,New
104325,64.0,Isfahan,2023-06-11,New
104326,36.0,Shiraz,2024-04-13,Regular
104327,58.0,Shiraz,2023-02-28,New
104328,38.0,Tehran,2023-03-04,Regular
104329,20.0,Tehran,2025-04-19,Regular
104330,60.0,Tabriz,2025-02-24,Regular
104331,26.0,Tabriz,2025-09-07,New
104332,30.0,Tehran,2025-02-05,VIP
104333,59.0,Mashhad,2024-10-14,VIP
104334,60.0,Tabriz,2023-05-08,New
104335,62.0,Tabriz,2025-04-17,Regular
104336,38.0,Qom,2023-09-09,Regular
104337,54.0,Isfahan,2023-04-27,New
104338,33.0,Shiraz,2025-03-12,Regular
104339,53.0,Shiraz,2024-10-05,Regular
104340,42.0,Mashhad,2023-06-13,Regular
104341,20.0,Tehran,2024-08-24,VIP
104342,38.0,Tehran,2025-01-26,New
104343,40.0,Ahvaz,2024-06-30,VIP
104344,30.0,Tehran,2025-02-25,VIP
104345,35.0,Tabriz,2024-07-06,New
104346,42.0,Shiraz,2024-01-22,Regular
104347,20.0,Mashhad,2023-09-02,Regular
104348,25.0,Ahvaz,2023-10-10,Regular
104349,54.0,Karaj,2025-06-04,New
104350,34.0,Tehran,2024-02-13,New
104351,47.0,Karaj,2025-02-23,Regular
104352,45.0,Isfahan,2024-01-29,Regular
104353,44.0,Mashhad,2024-07-29,Regular
104354,37.0,Karaj,2024-10-26,Regular
104355,41.0,Karaj,2024-06-07,VIP
104356,57.0,Mashhad,2025-03-25,New
104357,64.0,Kerman,2025-10-08,VIP
104358,30.0,Tabriz,2025-08-01,Regular
104359,50.0,Tabriz,2025-10-05,VIP
104360,64.0,Tehran,2023-02-02,New
104361,18.0,Tehran,2025-04-11,Regular
104362,55.0,Isfahan,2025-03-06,Regular
104363,41.0,Tabriz,2024-03-27,Regular
104364,64.0,Shiraz,2023-12-11,New
104365,45.0,Karaj,2023-02-28,Regular
104366,58.0,Tehran,2025-07-07,New
104367,25.0,Karaj,2025-07-09,New
104368,24.0,Qom,2023-03-24,Regular
104369,62.0,Karaj,2024-09-29,VIP
104370,43.0,Karaj,2024-08-26,Regular
104371,44.0,Ahvaz,2023-07-08,New
104372,26.0,Tehran,2024-08-23,New
104373,28.0,Karaj,2025-06-07,Regular
104374,57.0,Kerman,2023-12-24,New
104375,32.0,Shiraz,2025-03-05,Regular
104376,46.0,Tehran,2025-11-28,New
104377,33.0,Kerman,2024-05-12,New
104378,30.0,Tehran,2023-04-28,Regular
104379,25.0,Mashhad,2023-11-22,New
104380,62.0,Tehran,2023-05-30,Regular
104381,63.0,Isfahan,2024-01-22,Regular
104382,23.0,Isfahan,2024-12-06,New
104383,34.0,Isfahan,2023-08-10,Regular
104384,45.0,Rasht,2024-07-17,Regular
104385,36.0,Isfahan,2025-12-28,Regular
104386,52.0,Shiraz,2023-10-17,New
104387,30.0,Ahvaz,2025-08-21,Regular
104388,20.0,Qom,2023-11-30,Regular
104389,34.0,Tehran,2024-11-03,New
104390,46.0,Tehran,2023-06-21,New
104391,26.0,Tabriz,2023-10-21,New
104392,57.0,Ahvaz,2025-08-08,New
104393,18.0,Shiraz,2024-10-07,New
104394,21.0,Tehran,2024-09-15,VIP
104395,42.0,Karaj,2024-07-13,Regular
104396,42.0,Tabriz,2023-09-26,Regular
104397,32.0,Shiraz,2025-10-14,New
104398,30.0,Ahvaz,2024-03-06,New
104399,21.0,Qom,2023-01-13,Regular
104400,49.0,Tabriz,2025-09-19,Regular
104401,36.0,Tabriz,2023-02-20,VIP
104402,23.0,Tabriz,2025-08-29,New
104403,37.0,Shiraz,2023-10-19,New
104404,62.0,Isfahan,2023-03-17,Regular
104405,30.0,Karaj,2023-08-30,New
104406,60.0,Tabriz,2024-12-17,New
104407,30.0,Isfahan,2024-08-20,New
104408,26.0,Tehran,2023-06-17,New
104409,30.0,Karaj,2023-11-25,Regular
104410,33.0,Tabriz,2023-08-19,Regular
104411,23.0,Mashhad,2024-12-16,Regular
104412,46.0,Mashhad,2025-08-04,Regular
104413,34.0,Tehran,2023-10-07,Regular
104414,52.0,Kerman,2025-09-07,Regular
104415,41.0,Ahvaz,2024-03-22,Regular
104416,39.0,Shiraz,2023-04-01,Regular
104417,40.0,Mashhad,2023-12-20,VIP
104418,25.0,Karaj,2025-08-14,New
104419,52.0,Shiraz,2025-06-04,Regular
104420,22.0,Kerman,2025-03-08,Regular
104421,52.0,Tehran,2024-03-12,Regular
104422,65.0,Tehran,2025-04-29,VIP
104423,54.0,Shiraz,2025-02-16,Regular
104424,39.0,Tehran,2025-05-17,Regular
104425,33.0,Tabriz,2024-09-02,New
104426,59.0,Qom,2024-07-09,Regular
104427,30.0,Tehran,2025-11-24,New
104428,41.0,Isfahan,2025-11-02,Regular
104429,55.0,Karaj,2024-08-10,VIP
104430,62.0,Ahvaz,2023-08-08,Regular
104431,62.0,Isfahan,2024-03-23,Regular
104432,22.0,Tehran,2024-07-06,New
104433,61.0,Shiraz,2025-01-11,Regular
104434,23.0,Isfahan,2023-12-15,New
104435,46.0,Karaj,2023-02-19,New
104436,62.0,Shiraz,2025-06-19,VIP
104437,49.0,Tehran,2025-11-05,Regular
104438,63.0,Karaj,2023-04-01,New
104439,34.0,Shiraz,2023-12-15,Regular
104440,33.0,Tehran,2024-04-19,New
104441,33.0,Shiraz,2025-04-12,Regular
104442,35.0,Rasht,2025-04-26,New
104443,50.0,Karaj,2024-01-11,New
104444,39.0,Mashhad,2023-12-09,Regular
104445,53.0,Karaj,2024-03-19,Regular
104446,37.0,Mashhad,2023-09-21,Regular
104447,32.0,Shiraz,2024-04-22,Regular
104448,27.0,Shiraz,2023-10-15,VIP
104449,44.0,Tehran,2023-03-07,Regular
104450,61.0,Mashhad,2025-02-20,VIP
104451,59.0,Rasht,2025-05-11,VIP
104452,30.0,Tehran,2023-11-11,Regular
104453,40.0,Qom,2024-03-14,New
104454,51.0,Tabriz,2024-03-16,New
104455,47.0,Shiraz,2023-01-25,Regular
104456,21.0,Tehran,2024-08-20,Regular
104457,46.0,Tehran,2024-05-16,Regular
104458,19.0,Tehran,2025-10-27,Regular
104459,23.0,Shiraz,2024-02-12,Regular
104460,49.0,Kerman,2025-05-19,Regular
104461,22.0,Ahvaz,2024-03-03,Regular
104462,34.0,Tehran,2023-07-22,New
104463,46.0,Tehran,2024-01-17,Regular
104464,49.0,Tehran,2025-08-24,New
104465,39.0,Kerman,2023-10-08,New
104466,22.0,Tehran,2025-07-14,Regular
104467,56.0,Tehran,2024-12-29,New
104468,63.0,Tabriz,2025-03-27,VIP
104469,60.0,Shiraz,2025-04-03,Regular
104470,53.0,Tehran,2024-07-20,Regular
104471,37.0,Tabriz,2024-10-21,New
104472,60.0,Tehran,2023-03-18,Regular
104473,41.0,Tehran,2025-02-04,Regular
104474,24.0,Tehran,2025-02-18,Regular
104475,58.0,Mashhad,2023-04-24,Regular
104476,33.0,Kerman,2024-07-21,Regular
104477,63.0,Shiraz,2024-07-11,Regular
104478,35.0,Karaj,2023-12-06,Regular
104479,59.0,Mashhad,2023-03-14,Regular
104480,43.0,Karaj,2023-01-11,New
104481,40.0,Kerman,2023-08-17,VIP
104482,32.0,Mashhad,2023-09-10,Regular
104483,58.0,Kerman,2023-08-21,New
104484,20.0,Tabriz,2024-10-25,New
104485,40.0,Karaj,2024-04-06,Regular
104486,35.0,Tehran,2023-05-03,New
104487,44.0,Tabriz,2023-04-02,Regular
104488,30.0,Shiraz,2024-12-18,Regular
104489,49.0,Kerman,2025-10-20,VIP
104490,36.0,Rasht,2025-06-16,New
104491,27.0,Mashhad,2025-04-09,Regular
104492,27.0,Rasht,2023-12-15,New
104493,51.0,Ahvaz,2025-02-09,Regular
104494,30.0,Shiraz,2023-03-31,Regular
104495,32.0,Tehran,2023-07-07,Regular
104496,48.0,Tehran,2023-06-02,Regular
104497,33.0,Tehran,2023-07-21,New
104498,36.0,Tehran,2024-01-27,New
104499,29.0,Kerman,2023-02-17,Regular
104500,34.0,Tehran,2025-06-09,New
104501,51.0,Karaj,2025-02-21,Regular
104502,43.0,Tabriz,2024-11-25,Regular
104503,65.0,Tabriz,2023-07-12,Regular
104504,55.0,Tehran,2025-08-08,VIP
104505,18.0,Shiraz,2023-01-07,Regular
104506,36.0,Tabriz,2025-12-24,VIP
104507,31.0,Shiraz,2025-03-06,Regular
104508,46.0,Tehran,2023-08-10,New
104509,30.0,Karaj,2023-08-04,Regular
104510,64.0,Tehran,2025-01-30,Regular
104511,32.0,Shiraz,2025-06-03,Regular
104512,43.0,Isfahan,2024-05-25,Regular
104513,23.0,Tehran,2023-03-07,Regular
104514,61.0,Qom,2024-06-24,Regular
104515,61.0,Tehran,2024-06-08,Regular
104516,56.0,Rasht,2023-12-23,New
104517,34.0,Ahvaz,2025-09-15,VIP
104518,20.0,Mashhad,2024-01-11,Regular
104519,52.0,Mashhad,2023-09-24,Regular
104520,38.0,Tehran,2025-01-10,Regular
104521,65.0,Rasht,2024-11-08,New
104522,51.0,Tabriz,2024-11-10,New
104523,43.0,Tehran,2024-07-05,Regular
104524,65.0,Shiraz,2023-12-15,VIP
104525,56.0,Tehran,2023-10-10,Regular
104526,40.0,Shiraz,2023-05-10,Regular
104527,18.0,Isfahan,2023-07-23,New
104528,22.0,,2024-09-25,Regular
104529,39.0,Qom,2024-03-20,Regular
104530,44.0,Tehran,2025-03-20,Regular
104531,19.0,Shiraz,2025-05-30,Regular
104532,24.0,Tabriz,2024-09-03,Regular
104533,,Kerman,2023-04-25,Regular
104534,54.0,Isfahan,2023-01-04,VIP
104535,19.0,Rasht,2023-09-08,Regular
104536,42.0,Mashhad,2023-11-06,New
104537,21.0,Ahvaz,2023-03-22,Regular
104538,52.0,Tehran,2025-05-02,Regular
104539,58.0,Karaj,2024-02-06,New
104540,59.0,Tehran,2025-03-24,Regular
104541,46.0,Kerman,2023-08-17,New
104542,48.0,Kerman,2023-01-12,Regular
104543,62.0,Isfahan,2023-05-30,Regular
104544,47.0,Shiraz,2024-05-29,Regular
104545,39.0,Shiraz,2024-06-09,Regular
104546,54.0,Tehran,2024-04-23,Regular
104547,46.0,Tabriz,2025-11-16,New
104548,58.0,Karaj,2024-12-15,New
104549,43.0,Shiraz,2025-03-12,Regular
104550,59.0,Tehran,2023-05-17,VIP
104551,20.0,Rasht,2024-05-24,New
104552,19.0,Tehran,2024-11-11,New
104553,22.0,Tabriz,2024-10-02,VIP
104554,44.0,Tehran,2025-11-02,New
104555,52.0,,2024-06-04,VIP
104556,28.0,Tehran,2024-02-12,Regular
104557,25.0,Mashhad,2025-10-31,New
104558,59.0,Tabriz,2024-01-05,New
104559,54.0,Shiraz,2024-09-16,VIP
104560,49.0,Tabriz,2023-01-31,New
104561,41.0,Tabriz,2023-07-01,Regular
104562,38.0,Tehran,2023-03-04,New
104563,18.0,Tehran,2024-04-02,Regular
104564,27.0,Tabriz,2025-10-17,Regular
104565,61.0,Tabriz,2023-03-20,Regular
104566,34.0,Shiraz,2025-12-04,New
104567,51.0,Tehran,2025-08-09,Regular
104568,51.0,Qom,2023-01-07,Regular
104569,32.0,Tehran,2023-01-17,New
104570,27.0,Tabriz,2025-09-13,Regular
104571,51.0,Tehran,2024-10-02,Regular
104572,22.0,Tabriz,2023-07-10,New
104573,41.0,Isfahan,2025-11-10,VIP
104574,60.0,Karaj,2024-09-06,Regular
104575,52.0,Tehran,2024-11-26,New
104576,54.0,Shiraz,2025-01-12,New
104577,21.0,Tehran,2023-08-09,Regular
104578,27.0,Karaj,2024-01-29,New
104579,31.0,Tehran,2023-05-21,New
104580,32.0,Tehran,2024-08-02,Regular
104581,27.0,Karaj,2025-12-17,Regular
104582,64.0,Tehran,2024-11-18,New
104583,25.0,Tehran,2025-01-27,Regular
104584,51.0,Qom,2023-08-01,Regular
104585,46.0,Qom,2024-08-16,Regular
104586,47.0,Ahvaz,2025-12-24,VIP
104587,28.0,Mashhad,2023-04-07,New
104588,32.0,Shiraz,2023-08-12,New
104589,47.0,Karaj,2025-02-27,New
104590,32.0,Tehran,2023-01-12,New
104591,51.0,Karaj,2023-08-15,Regular
104592,19.0,Tehran,2025-10-30,New
104593,21.0,Rasht,2023-01-21,Regular
104594,52.0,Tabriz,2024-04-14,VIP
104595,47.0,Isfahan,2023-12-28,Regular
104596,20.0,Isfahan,2024-03-12,Regular
104597,61.0,Tehran,2023-10-10,Regular
104598,18.0,Mashhad,2023-10-29,Regular
104599,63.0,Karaj,2025-04-13,Regular
104600,53.0,Shiraz,2023-01-29,Regular
104601,65.0,Mashad,2023-05-22,New
104602,63.0,Tehran,2023-10-17,New
104603,33.0,Karaj,2025-06-24,Regular
104604,54.0,Mashhad,2024-03-06,Regular
104605,28.0,Tehran,2023-02-08,New
104606,40.0,Rasht,2024-07-23,New
104607,29.0,Isfahan,2024-11-17,Regular
104608,41.0,Shiraz,2024-05-16,New
104609,59.0,Kerman,2023-04-08,Regular
104610,38.0,Mashhad,2025-08-20,New
104611,22.0,Rasht,2025-07-28,New
104612,33.0,Karaj,2025-09-24,Regular
104613,55.0,Tabriz,2025-11-21,New
104614,43.0,Tehran,2023-12-14,New
104615,44.0,Tehran,2024-04-06,VIP
104616,38.0,Isfahan,2025-11-16,Regular
104617,32.0,Tehran,2024-05-07,Regular
104618,46.0,Tehran,2025-08-05,Regular
104619,48.0,Shiraz,2024-12-10,New
104620,61.0,Karaj,2025-10-12,Regular
104621,47.0,Tehran,2023-01-12,Regular
104622,65.0,Karaj,2025-02-12,New
104623,57.0,Rasht,2025-05-26,New
104624,21.0,Karaj,2023-08-06,Regular
104625,36.0,Qom,2025-03-16,New
104626,36.0,Karaj,2023-08-02,New
104627,18.0,Tehran,2025-09-17,Regular
104628,26.0,Mashhad,2025-09-21,Regular
104629,54.0,Rasht,2023-01-05,Regular
104630,34.0,Tabriz,2024-07-09,New
104631,25.0,Qom,2024-02-23,Regular
104632,31.0,Kerman,2025-09-02,Regular
104633,31.0,tehran,2023-12-17,Regular
104634,26.0,Mashhad,2025-02-27,Regular
104635,,Tabriz,2023-05-08,Regular
104636,54.0,Tehran,2023-08-21,New
104637,57.0,Shiraz,2025-12-14,Regular
104638,41.0,Qom,2024-02-26,Regular
104639,47.0,,2025-04-18,Regular
104640,62.0,Mashhad,2025-11-25,New
104641,58.0,Karaj,2025-11-22,New
104642,19.0,Tehran,2023-01-22,Regular
104643,63.0,Rasht,2023-09-12,New
104644,21.0,Tehran,2025-02-21,Regular
104645,19.0,Ahvaz,2025-10-11,New
104646,37.0,Isfahan,2025-12-07,VIP
104647,53.0,Isfahan,2025-02-27,New
104648,21.0,Isfahan,2023-04-25,Regular
104649,32.0,Tehran,2025-03-24,Regular
104650,30.0,Isfahan,2023-10-25,VIP
104651,37.0,Ahvaz,2025-06-04,VIP
104652,65.0,Qom,2024-08-21,Regular
104653,33.0,Tehran,2023-07-21,New
104654,28.0,Tabriz,2025-07-12,Regular
104655,23.0,Ahvaz,2025-12-18,Regular
104656,27.0,Qom,2024-07-08,Regular
104657,24.0,Isfahan,2025-06-08,Regular
104658,45.0,Tehran,2023-03-07,Regular
104659,38.0,Rasht,2023-10-24,New
104660,41.0,Mashhad,2023-05-20,New
104661,57.0,Mashhad,2023-11-07,New
104662,45.0,Karaj,2024-02-16,Regular
104663,25.0,Tehran,2024-04-17,Regular
104664,36.0,Ahvaz,2023-12-20,New
104665,33.0,Tehran,2024-08-19,Regular
104666,57.0,Karaj,2023-08-29,New
104667,32.0,Kerman,2024-01-16,Regular
104668,24.0,Kerman,2025-07-08,Regular
104669,53.0,Rasht,2024-09-07,Regular
104670,38.0,Ahvaz,2023-01-30,New
104671,22.0,Tehran,2023-12-26,Regular
104672,51.0,Kerman,2025-06-27,Regular
104673,28.0,Rasht,2023-07-17,Regular
104674,59.0,Shiraz,2025-10-06,VIP
104675,,Mashhad,2023-11-20,New
104676,35.0,Tehran,2024-11-20,New
104677,44.0,Shiraz,2024-06-04,New
104678,45.0,Karaj,2024-11-15,Regular
104679,49.0,Mashhad,2025-05-23,New
104680,21.0,Mashhad,2023-06-13,VIP
104681,33.0,Shiraz,2024-01-21,Regular
104682,26.0,Tehran,2024-09-14,Regular
104683,51.0,Kerman,2023-10-13,Regular
104684,21.0,Mashhad,2024-02-15,Regular
104685,42.0,Tehran,2025-08-27,Regular
104686,52.0,Tehran,2023-09-08,Regular
104687,63.0,Ahvaz,2023-07-27,Regular
104688,31.0,Ahvaz,2024-09-30,New
104689,18.0,Tehran,2023-04-20,Regular
104690,52.0,Tehran,2023-01-02,Regular
104691,18.0,Isfahan,2025-08-10,Regular
104692,21.0,Tehran,2023-10-30,New
104693,65.0,Karaj,2023-05-12,New
104694,59.0,Tehran,2024-12-19,New
104695,51.0,Shiraz,2024-06-10,Regular
104696,58.0,Mashhad,2024-05-13,New
104697,21.0,Isfahan,2024-04-25,VIP
104698,22.0,Isfahan,2023-06-09,VIP
104699,32.0,Tehran,2025-07-29,New
104700,19.0,Tehran,2023-01-02,Regular
104701,60.0,Tehran,2024-06-13,New
104702,20.0,Tehran,2023-10-24,New
104703,44.0,Kerman,2024-12-03,New
104704,58.0,Tehran,2024-08-24,Regular
104705,53.0,Mashhad,2024-02-26,Regular
104706,29.0,Tehran,2024-08-08,New
104707,40.0,Karaj,2023-09-06,New
104708,44.0,Rasht,2023-05-24,Regular
104709,54.0,Qom,2025-09-18,Regular
104710,38.0,Tabriz,2024-11-02,New
104711,31.0,Qom,2024-12-16,Regular
104712,56.0,Mashhad,2025-12-29,VIP
104713,60.0,Ahvaz,2025-09-17,Regular
104714,41.0,Qom,2024-10-02,Regular
104715,19.0,Tehran,2025-05-17,Regular
104716,42.0,Isfahan,2024-07-31,Regular
104717,60.0,Tehran,2023-09-18,Regular
104718,65.0,Tehran,2024-11-12,Regular
104719,37.0,Ahvaz,2025-09-26,Regular
104720,25.0,Tehran,2025-08-21,New
104721,45.0,Karaj,2024-07-07,Regular
104722,57.0,Kerman,2025-11-01,New
104723,63.0,Isfahan,2023-08-05,New
104724,20.0,Mashhad,2023-02-14,Regular
104725,31.0,Tabriz,2024-03-17,Regular
104726,40.0,Qom,2023-08-13,New
104727,22.0,Tehran,2025-11-14,New
104728,60.0,Tehran,2023-05-07,Regular
104729,23.0,Tabriz,2024-08-08,Regular
104730,49.0,Rasht,2025-04-25,Regular
104731,62.0,Mashhad,2023-05-02,Regular
104732,50.0,Mashhad,2023-02-19,Regular
104733,54.0,Kerman,2024-08-29,New
104734,30.0,Tehran,2025-09-15,Regular
104735,,Tehran,2023-01-18,New
104736,38.0,Shiraz,2023-01-23,Regular
104737,20.0,Tehran,2025-10-10,Regular
104738,35.0,Tehran,2024-10-21,New
104739,34.0,,2025-02-07,Regular
104740,43.0,Tabriz,2023-10-29,New
104741,30.0,Shiraz,2023-12-09,Regular
104742,40.0,Mashhad,2024-05-30,New
104743,38.0,Shiraz,2023-08-23,Regular
104744,33.0,Tabriz,2024-04-28,Regular
104745,51.0,Qom,2025-11-10,New
104746,32.0,Qom,2025-03-31,Regular
104747,54.0,Tabriz,2025-08-09,New
104748,30.0,Rasht,2024-06-27,Regular
104749,59.0,Ahvaz,2025-05-12,Regular
104750,35.0,Tehran,2024-04-06,New
104751,19.0,Kerman,2024-11-07,New
104752,25.0,Rasht,2025-03-10,New
104753,56.0,Mashhad,2025-06-22,Regular
104754,59.0,Tehran,2025-10-10,Regular
104755,28.0,Tabriz,2023-04-26,New
104756,46.0,Isfahan,2025-05-19,New
104757,45.0,Karaj,2025-02-16,Regular
104758,24.0,Shiraz,2025-03-17,New
104759,39.0,Tehran,2023-01-17,New
104760,51.0,Tehran,2024-06-18,Regular
104761,64.0,Ahvaz,2025-11-18,New
104762,58.0,Tehran,2025-09-12,VIP
104763,22.0,Karaj,2023-09-10,New
104764,29.0,Mashhad,2024-06-16,Regular
104765,38.0,Isfahan,2025-08-03,Regular
104766,25.0,Shiraz,2025-10-15,New
104767,45.0,Tehran,2023-12-29,Regular
104768,18.0,Tabriz,2025-05-29,VIP
104769,23.0,Karaj,2025-07-03,Regular
104770,20.0,Tehran,2023-06-14,New
104771,32.0,Mashhad,2023-02-04,VIP
104772,54.0,Karaj,2023-02-21,New
104773,26.0,Karaj,2023-06-09,New
104774,65.0,Shiraz,2025-03-22,New
104775,30.0,Karaj,2024-03-02,Regular
104776,20.0,Tehran,2025-01-20,New
104777,34.0,Tehran,2023-04-09,New
104778,53.0,Tabriz,2024-10-21,VIP
104779,23.0,Karaj,2025-03-26,Regular
104780,21.0,Qom,2025-12-04,New
104781,58.0,Tehran,2023-12-16,Regular
104782,46.0,Shiraz,2024-08-20,New
104783,34.0,Tabriz,2024-06-12,Regular
104784,54.0,Tehran,2024-01-16,New
104785,58.0,Shiraz,2024-12-01,Regular
104786,35.0,Tabriz,2024-09-10,Regular
104787,44.0,Tehran,2025-07-01,New
104788,18.0,Mashhad,2023-02-01,New
104789,32.0,Tehran,2023-08-31,Regular
104790,46.0,Rasht,2024-09-26,Regular
104791,27.0,Tehran,2024-09-20,Regular
104792,65.0,Tehran,2025-09-15,Regular
104793,64.0,Tehran,2025-01-08,VIP
104794,30.0,Tehran,2023-01-05,Regular
104795,37.0,Tehran,2024-06-19,VIP
104796,27.0,Tabriz,2025-07-14,Regular
104797,42.0,Tehran,2025-08-14,New
104798,23.0,Mashhad,2025-05-28,Regular
104799,36.0,Tehran,2024-06-06,New
104800,44.0,Mashhad,2023-04-27,New
104801,47.0,Tehran,2023-08-22,New
104802,46.0,Tabriz,2025-07-16,Regular
104803,28.0,Karaj,2024-01-08,Regular
104804,56.0,Karaj,2025-04-16,Regular
104805,51.0,Tehran,2023-02-09,New
104806,54.0,Ahvaz,2024-06-21,VIP
104807,40.0,Karaj,2025-11-06,Regular
104808,60.0,Tehran,2023-09-26,New
104809,,Isfahan,2023-02-03,New
104810,56.0,Karaj,2023-11-12,New
104811,27.0,Mashhad,2023-03-11,VIP
104812,29.0,Mashhad,2024-11-01,New
104813,43.0,Tabriz,2023-07-29,VIP
104814,44.0,Tehran,2023-09-27,New
104815,53.0,Kerman,2024-10-05,Regular
104816,32.0,Tehran,2023-12-23,New
104817,59.0,Tehran,2024-12-13,Regular
104818,33.0,Tehran,2025-10-16,Regular
104819,43.0,Mashhad,2025-10-16,New
104820,62.0,Ahvaz,2025-03-09,VIP
104821,43.0,Qom,2025-11-26,Regular
104822,50.0,Rasht,2025-03-17,New
104823,61.0,Shiraz,2023-03-16,Regular
104824,64.0,Isfahan,2025-11-12,New
104825,41.0,Mashhad,2024-09-12,VIP
104826,38.0,Tehran,2023-01-07,Regular
104827,27.0,Rasht,2024-11-10,New
104828,43.0,Isfahan,2023-09-25,New
104829,62.0,Isfahan,2024-08-08,New
104830,41.0,Shiraz,2024-12-21,VIP
104831,34.0,Qom,2023-01-31,New
104832,23.0,Tehran,2024-04-24,New
104833,36.0,Karaj,2023-03-02,Regular
104834,29.0,Karaj,2023-05-04,New
104835,64.0,Ahvaz,2023-08-20,New
104836,43.0,Tehran,2025-05-05,Regular
104837,24.0,Tehran,2024-03-28,New
104838,21.0,Isfahan,2023-02-21,Regular
104839,58.0,Ahvaz,2025-03-29,Regular
104840,62.0,Kerman,2024-08-18,New
104841,54.0,Shiraz,2023-06-05,Regular
104842,23.0,Tehran,2024-09-07,New
104843,22.0,Tehran,2023-09-30,Regular
104844,27.0,Tabriz,2024-11-27,Regular
104845,54.0,Tehran,2025-11-03,Regular
104846,54.0,Shiraz,2023-12-12,Regular
104847,58.0,Ahvaz,2025-03-27,Regular
104848,22.0,Mashhad,2023-01-26,New
104849,25.0,Mashhad,2024-03-21,VIP
104850,61.0,Tehran,2025-08-31,New
104851,62.0,Tehran,2023-03-23,Regular
104852,52.0,Karaj,2025-10-14,Regular
104853,23.0,Mashhad,2023-04-13,New
104854,21.0,Tehran,2024-06-11,Regular
104855,20.0,Tehran,2023-07-18,VIP
104856,51.0,Tehran,2023-01-23,Regular
104857,58.0,Tabriz,2024-01-18,Regular
104858,48.0,Tabriz,2024-09-28,Regular
104859,30.0,Shiraz,2025-03-02,Regular
104860,54.0,Isfahan,2023-12-12,New
104861,20.0,Tehran,2024-06-23,Regular
104862,57.0,Isfahan,2023-07-19,New
104863,60.0,Tehran,2025-03-09,Regular
104864,52.0,Rasht,2023-07-05,Regular
104865,60.0,Tehran,2025-07-31,Regular
104866,46.0,Isfahan,2023-07-16,Regular
104867,40.0,Tehran,2024-12-28,New
104868,33.0,Qom,2023-12-29,New
104869,62.0,Tehran,2025-12-27,New
104870,51.0,Rasht,2023-11-04,New
104871,27.0,Tehran,2025-11-04,New
104872,63.0,Qom,2025-07-04,Regular
104873,20.0,Tabriz,2024-05-27,Regular
104874,46.0,Tehran,2024-06-26,Regular
104875,27.0,Tehran,2024-01-23,VIP
104876,49.0,Mashhad,2024-04-13,Regular
104877,,Qom,2024-05-25,New
104878,38.0,Ahvaz,2023-06-09,Regular
104879,50.0,Tehran,2023-12-20,VIP
104880,54.0,Mashhad,2025-08-17,New
104881,36.0,Tehran,2025-12-07,Regular
104882,65.0,Tehran,2023-03-02,VIP
104883,,Tabriz,2025-03-12,Regular
104884,25.0,Mashhad,2023-09-20,Regular
104885,18.0,Tehran,2024-12-17,Regular
104886,27.0,Ahvaz,2024-11-11,New
104887,51.0,Karaj,2025-08-20,Regular
104888,43.0,Karaj,2025-02-08,Regular
104889,34.0,Tehran,2025-06-20,New
104890,41.0,Rasht,2025-05-27,New
104891,58.0,Shiraz,2024-12-09,New
104892,45.0,Isfahan,2024-03-25,Regular
104893,20.0,Tehran,2024-01-05,Regular
104894,20.0,Rasht,2024-01-15,Regular
104895,41.0,Shiraz,2024-01-28,New
104896,37.0,Qom,2023-11-12,Regular
104897,58.0,Tabriz,2023-12-07,New
104898,45.0,Qom,2024-09-14,VIP
104899,54.0,Karaj,2023-10-23,Regular
104900,46.0,Rasht,2024-01-17,Regular
104901,34.0,Tehran,2025-02-15,New
104902,49.0,Tehran,2023-12-26,New
104903,,Karaj,2023-04-27,New
104904,52.0,Isfahan,2023-01-19,Regular
104905,27.0,Shiraz,2025-04-17,New
104906,48.0,Karaj,2025-11-04,Regular
104907,31.0,Shiraz,2025-01-17,New
104908,55.0,Qom,2023-03-08,Regular
104909,56.0,Mashhad,2024-09-08,New
104910,47.0,Ahvaz,2023-10-24,New
104911,63.0,Tehran,2023-12-18,Regular
104912,43.0,Tabriz,2025-10-05,Regular
104913,19.0,Rasht,2025-06-21,Regular
104914,47.0,Tehran,2025-03-16,Regular
104915,55.0,Mashhad,2024-07-02,New
104916,22.0,Mashhad,2024-09-25,Regular
104917,23.0,Shiraz,2025-09-29,Regular
104918,31.0,Isfahan,2024-12-24,New
104919,58.0,Tehran,2024-09-25,Regular
104920,43.0,Rasht,2023-04-17,New
104921,64.0,Tehran,2025-12-27,New
104922,59.0,Shiraz,2025-06-04,New
104923,44.0,Shiraz,2024-02-04,Regular
104924,50.0,Tehran,2023-10-01,New
104925,33.0,Tehran,2025-11-25,Regular
104926,22.0,Kerman,2025-11-13,Regular
104927,37.0,Tabriz,2024-04-05,New
104928,46.0,Tehran,2023-09-11,Regular
104929,26.0,Qom,2025-05-23,New
104930,28.0,Isfahan,2024-11-15,New
104931,18.0,Tehran,2025-09-12,VIP
104932,53.0,Karaj,2024-08-20,Regular
104933,61.0,Isfahan,2024-08-27,New
104934,57.0,Tehran,2023-06-06,Regular
104935,36.0,Ahvaz,2024-10-22,VIP
104936,46.0,Mashhad,2024-02-02,Regular
104937,64.0,Mashhad,2023-08-13,Regular
104938,46.0,Tehran,2025-05-05,Regular
104939,32.0,Karaj,2024-01-14,Regular
104940,34.0,Karaj,2023-08-21,Regular
104941,52.0,Rasht,2025-11-17,Regular
104942,39.0,Tehran,2025-11-20,Regular
104943,58.0,Qom,2024-06-25,New
104944,59.0,Shiraz,2023-11-20,New
104945,19.0,Mashhad,2023-06-27,Regular
104946,52.0,,2024-11-17,New
104947,35.0,Qom,2024-10-30,New
104948,42.0,Tehran,2024-11-08,Regular
104949,30.0,Tabriz,2025-04-20,VIP
104950,35.0,Shiraz,2024-05-30,New
104951,33.0,Tehran,2025-01-18,New
104952,20.0,Kerman,2024-12-18,Regular
104953,55.0,Qom,2025-05-21,Regular
104954,24.0,Isfahan,2025-03-25,Regular
104955,36.0,Karaj,2023-02-09,Regular
104956,27.0,Isfahan,2024-11-08,Regular
104957,25.0,Karaj,2025-12-04,New
104958,35.0,Tehran,2024-09-05,Regular
104959,62.0,Isfahan,2024-08-03,Regular
104960,63.0,Mashhad,2024-10-26,New
104961,36.0,Isfahan,2024-09-05,New
104962,42.0,Isfahan,2024-03-16,Regular
104963,65.0,Tehran,2025-12-24,Regular
104964,29.0,Kerman,2023-03-19,Regular
104965,63.0,Tehran,2025-06-10,Regular
104966,23.0,Tehran,2023-06-24,Regular
104967,28.0,Mashhad,2023-08-15,New
104968,34.0,Tabriz,2024-10-26,VIP
104969,19.0,Tehran,2024-11-29,Regular
104970,57.0,Shiraz,2025-10-12,New
104971,59.0,Karaj,2023-11-19,Regular
104972,36.0,Tehran,2023-01-29,New
104973,58.0,Kerman,2023-10-07,VIP
104974,55.0,Mashhad,2024-08-18,Regular
104975,56.0,Tabriz,2024-01-27,Regular
104976,56.0,Tehran,2023-10-04,VIP
104977,45.0,Karaj,2025-09-27,Regular
104978,23.0,Ahvaz,2024-09-07,New
104979,62.0,Tehran,2025-01-05,Regular
104980,47.0,Tehran,2025-03-31,Regular
104981,61.0,Mashhad,2024-03-24,New
104982,64.0,Tehran,2025-03-16,Regular
104983,26.0,Kerman,2025-11-21,Regular
104984,37.0,Shiraz,2025-03-04,Regular
104985,27.0,Tabriz,2023-11-22,VIP
104986,20.0,Kerman,2025-05-02,Regular
104987,64.0,Ahvaz,2023-09-16,Regular
104988,62.0,Qom,2023-03-21,Regular
104989,62.0,Mashhad,2024-05-01,New
104990,60.0,Mashhad,2024-07-11,New
104991,49.0,Mashhad,2024-05-29,VIP
104992,43.0,tehran,2023-10-14,Regular
104993,65.0,Mashhad,2023-10-26,Regular
104994,44.0,Tehran,2025-10-05,New
104995,48.0,Mashhad,2023-11-16,New
104996,28.0,Isfahan,2025-05-07,New
104997,53.0,Mashhad,2023-10-10,Regular
104998,57.0,Tehran,2023-04-28,Regular
104999,50.0,tehran,2023-03-11,New
105000,,Isfahan,2023-09-24,Regular
105001,27.0,Karaj,2025-07-10,VIP
105002,19.0,Karaj,2024-05-13,VIP
105003,48.0,Tehran,2025-01-31,Regular
105004,50.0,Tehran,2025-11-20,Regular
105005,55.0,Mashhad,2023-02-22,Regular
105006,63.0,Tehran,2023-05-01,Regular
105007,41.0,Mashhad,2025-10-04,New
105008,57.0,Kerman,2024-09-13,Regular
105009,52.0,Tehran,2024-11-07,Regular
105010,31.0,Mashhad,2024-01-09,Regular
105011,58.0,tehran,2025-06-24,New
105012,20.0,Isfahan,2024-12-08,New
105013,46.0,Tehran,2023-10-10,Regular
105014,63.0,Tehran,2024-12-11,New
105015,49.0,Rasht,2023-01-05,New
105016,62.0,Tehran,2023-09-21,Regular
105017,20.0,Tabriz,2023-08-12,Regular
105018,43.0,Qom,2025-05-10,New
105019,55.0,Tehran,2025-03-15,New
105020,48.0,Karaj,2023-04-10,Regular
105021,60.0,Tehran,2025-09-19,VIP
105022,40.0,Mashhad,2025-06-14,Regular
105023,50.0,Mashhad,2024-04-21,Regular
105024,38.0,Kerman,2023-08-21,New
105025,59.0,Tehran,2024-04-05,Regular
105026,23.0,Tehran,2024-10-07,Regular
105027,30.0,Rasht,2024-11-20,Regular
105028,22.0,Tehran,2024-01-16,Regular
105029,51.0,Ahvaz,2023-04-22,New
105030,29.0,Tabriz,2024-10-29,New
105031,33.0,Shiraz,2025-02-11,Regular
105032,58.0,,2023-10-20,New
105033,35.0,Karaj,2024-12-01,Regular
105034,24.0,Tehran,2024-09-15,Regular
105035,19.0,Kerman,2024-07-02,New
105036,28.0,Rasht,2023-01-09,Regular
105037,61.0,Rasht,2023-12-03,Regular
105038,44.0,Tabriz,2024-02-15,Regular
105039,65.0,Shiraz,2025-07-02,New
105040,28.0,Shiraz,2025-06-23,New
105041,34.0,Tehran,2025-08-14,New
105042,25.0,Isfahan,2024-05-21,New
105043,37.0,Tabriz,2023-12-24,Regular
105044,45.0,Tabriz,2024-06-30,Regular
105045,56.0,Mashhad,2025-05-16,New
105046,35.0,Isfahan,2024-11-11,VIP
105047,55.0,Tabriz,2024-10-20,New
105048,,Isfahan,2024-04-20,Regular
105049,32.0,Kerman,2025-02-01,Regular
105050,61.0,Karaj,2025-08-07,Regular
105051,38.0,Tehran,2025-01-01,New
105052,25.0,Tehran,2024-03-17,VIP
105053,64.0,Karaj,2025-07-08,Regular
105054,61.0,Isfahan,2025-10-29,New
105055,20.0,Ahvaz,2025-05-22,New
105056,61.0,Tehran,2025-08-18,VIP
105057,63.0,Tehran,2023-10-18,New
105058,57.0,Mashhad,2024-04-06,Regular
105059,30.0,Karaj,2023-10-01,New
105060,48.0,Kerman,2024-02-05,New
105061,43.0,Ahvaz,2025-03-14,Regular
105062,47.0,Isfahan,2025-01-10,VIP
105063,47.0,Qom,2023-01-04,New
105064,48.0,Tehran,2025-04-07,New
105065,,Shiraz,2023-07-30,Regular
105066,51.0,Rasht,2023-07-23,Regular
105067,43.0,Mashhad,2024-08-18,Regular
105068,18.0,Kerman,2023-09-21,New
105069,19.0,Tehran,2025-11-20,VIP
105070,63.0,Tehran,2023-06-10,New
105071,61.0,Shiraz,2023-06-16,New
105072,46.0,Rasht,2025-04-12,New
105073,26.0,Mashhad,2023-11-10,New
105074,55.0,Qom,2025-02-21,Regular
105075,24.0,Tehran,2025-01-16,New
105076,36.0,Karaj,2023-07-27,Regular
105077,33.0,Shiraz,2024-09-26,Regular
105078,18.0,Tehran,2024-08-10,New
105079,56.0,Karaj,2023-04-14,Regular
105080,42.0,Karaj,2025-04-16,Regular
105081,33.0,Shiraz,2025-07-27,New
105082,42.0,Tehran,2025-11-02,New
105083,18.0,Tehran,2023-04-07,Regular
105084,38.0,Kerman,2023-07-15,Regular
105085,42.0,Tabriz,2025-06-22,Regular
105086,34.0,Qom,2023-11-30,Regular
105087,57.0,Karaj,2024-11-15,New
105088,29.0,Qom,2024-01-17,VIP
105089,24.0,Tehran,2023-08-27,New
105090,43.0,Isfahan,2024-11-15,New
105091,60.0,Tabriz,2023-08-14,Regular
105092,36.0,Tehran,2023-05-30,New
105093,20.0,Tehran,2024-08-03,Regular
105094,64.0,Tabriz,2023-07-31,New
105095,39.0,Ahvaz,2023-07-30,Regular
105096,26.0,Tabriz,2025-05-04,Regular
105097,47.0,Tehran,2024-08-01,Regular
105098,33.0,tehran,2024-08-16,Regular
105099,63.0,Tehran,2023-06-07,New
105100,32.0,Tehran,2023-06-25,Regular
105101,44.0,Kerman,2024-03-03,Regular
105102,44.0,Karaj,2024-03-01,Regular
105103,29.0,Rasht,2024-05-09,New
105104,41.0,Qom,2023-05-28,New
105105,23.0,Tabriz,2025-09-10,Regular
105106,48.0,Mashhad,2024-02-02,Regular
105107,54.0,Mashhad,2025-06-12,Regular
105108,63.0,Rasht,2024-03-14,VIP
105109,33.0,Ahvaz,2024-06-01,Regular
105110,31.0,Mashhad,2023-05-03,Regular
105111,44.0,Mashhad,2025-01-10,Regular
105112,51.0,Mashhad,2023-03-07,New
105113,65.0,Mashhad,2025-03-29,Regular
105114,19.0,Ahvaz,2025-08-23,Regular
105115,29.0,Tehran,2024-01-31,New
105116,30.0,Isfahan,2025-08-29,New
105117,30.0,Rasht,2025-02-04,Regular
105118,40.0,Shiraz,2023-01-03,Regular
105119,59.0,Isfahan,2023-08-11,New
105120,19.0,Mashhad,2024-12-03,New
105121,57.0,Tehran,2025-02-07,New
105122,47.0,Tehran,2023-04-13,Regular
105123,47.0,Tehran,2025-01-19,Regular
105124,50.0,Tehran,2025-06-06,VIP
105125,23.0,Tehran,2023-04-11,Regular
105126,53.0,Mashhad,2025-08-21,New
105127,29.0,Tehran,2024-08-06,New
105128,42.0,Kerman,2024-11-06,Regular
105129,50.0,Tehran,2023-02-25,Regular
105130,46.0,Mashhad,2024-11-02,Regular
105131,33.0,Mashad,2024-05-12,New
105132,37.0,Tehran,2024-02-11,VIP
105133,40.0,Isfahan,2025-05-04,New
105134,19.0,Ahvaz,2023-10-01,Regular
105135,52.0,Shiraz,2023-03-07,Regular
105136,22.0,Tehran,2024-06-30,Regular
105137,40.0,Karaj,2025-03-25,Regular
105138,49.0,Karaj,2023-05-27,Regular
105139,21.0,Mashhad,2025-12-14,Regular
105140,65.0,Tehran,2025-01-06,Regular
105141,36.0,Tehran,2025-10-19,Regular
105142,18.0,Qom,2024-05-29,Regular
105143,49.0,Mashhad,2023-05-15,Regular
105144,44.0,Tehran,2023-07-14,Regular
105145,48.0,Shiraz,2024-07-02,Regular
105146,54.0,Rasht,2024-10-06,Regular
105147,40.0,Tehran,2025-03-14,New
105148,57.0,Tehran,2025-05-20,Regular
105149,35.0,Isfahan,2025-04-15,VIP
105150,44.0,Tabriz,2024-10-06,New
105151,25.0,Isfahan,2023-01-20,New
105152,47.0,Rasht,2024-08-02,New
105153,30.0,Tehran,2025-06-16,Regular
105154,51.0,Mashhad,2025-07-17,New
105155,56.0,Mashhad,2025-07-02,Regular
105156,59.0,Mashhad,2023-01-12,New
105157,62.0,,2024-04-21,New
105158,23.0,Qom,2024-11-06,New
105159,24.0,Mashhad,2023-09-29,New
105160,62.0,Karaj,2024-03-24,Regular
105161,36.0,Tehran,2023-04-17,VIP
105162,19.0,Shiraz,2023-07-31,Regular
105163,31.0,Mashhad,2023-01-07,Regular
105164,58.0,Shiraz,2025-12-08,New
105165,35.0,Tehran,2025-07-30,Regular
105166,21.0,Kerman,2024-03-18,Regular
105167,52.0,Rasht,2023-01-05,Regular
105168,27.0,Qom,2024-01-03,Regular
105169,34.0,Rasht,2024-04-20,New
105170,18.0,Tehran,2023-07-05,New
105171,46.0,Isfahan,2024-12-25,New
105172,39.0,Mashhad,2025-12-28,Regular
105173,59.0,Ahvaz,2025-07-13,Regular
105174,34.0,Tehran,2025-07-26,VIP
105175,27.0,Tehran,2025-06-28,New
105176,25.0,Karaj,2023-03-18,Regular
105177,27.0,Tehran,2024-08-26,Regular
105178,39.0,Karaj,2024-09-11,New
105179,22.0,Tehran,2023-04-21,New
105180,37.0,Tabriz,2023-06-11,Regular
105181,59.0,Ahvaz,2024-09-10,Regular
105182,54.0,Tabriz,2025-02-22,New
105183,48.0,Tehran,2023-08-17,New
105184,60.0,Tehran,2024-06-14,New
105185,55.0,Tehran,2023-03-24,Regular
105186,49.0,Tehran,2023-05-01,Regular
105187,59.0,Shiraz,2024-09-27,New
105188,23.0,Mashhad,2024-09-01,Regular
105189,57.0,Tehran,2025-04-01,VIP
105190,32.0,Tehran,2025-09-24,New
105191,53.0,Rasht,2023-07-28,New
105192,61.0,Tehran,2024-01-09,New
105193,41.0,Mashhad,2025-07-26,New
105194,22.0,Isfahan,2023-02-25,Regular
105195,35.0,Tehran,2025-06-25,Regular
105196,37.0,Rasht,2025-11-01,Regular
105197,62.0,Tehran,2023-04-20,New
105198,63.0,Karaj,2023-06-05,Regular
105199,45.0,Tabriz,2025-01-19,New
105200,63.0,Qom,2024-06-04,New
105201,38.0,Tabriz,2025-12-17,New
105202,37.0,Karaj,2024-08-19,Regular
105203,58.0,Isfahan,2024-12-18,Regular
105204,50.0,Isfahan,2023-09-17,Regular
105205,43.0,Karaj,2023-12-22,Regular
105206,39.0,Shiraz,2023-07-14,New
105207,51.0,Shiraz,2023-06-10,Regular
105208,54.0,Tehran,2023-05-04,Regular
105209,41.0,Tehran,2025-09-04,VIP
105210,19.0,Mashhad,2023-03-18,Regular
105211,22.0,Tehran,2024-07-19,New
105212,24.0,Isfahan,2024-07-10,VIP
105213,40.0,Tehran,2023-03-03,Regular
105214,47.0,Shiraz,2025-07-11,New
105215,,Karaj,2024-07-02,New
105216,29.0,Shiraz,2023-05-19,New
105217,55.0,Karaj,2023-05-21,Regular
105218,49.0,Tehran,2025-02-06,Regular
105219,20.0,Tehran,2024-11-09,New
105220,34.0,Karaj,2024-03-27,New
105221,32.0,Qom,2024-03-19,Regular
105222,60.0,Karaj,2023-02-08,Regular
105223,62.0,Tabriz,2023-02-04,New
105224,57.0,Karaj,2024-08-09,New
105225,43.0,Karaj,2024-02-03,Regular
105226,41.0,Karaj,2023-10-03,VIP
105227,32.0,Karaj,2024-02-20,Regular
105228,55.0,Tehran,2024-10-24,Regular
105229,22.0,Tehran,2023-11-18,Regular
105230,31.0,Mashhad,2024-01-18,New
105231,24.0,Shiraz,2023-11-06,VIP
105232,41.0,,2024-12-30,Regular
105233,32.0,Mashhad,2023-03-01,Regular
105234,27.0,Tehran,2025-10-02,Regular
105235,36.0,Qom,2024-08-30,New
105236,59.0,Tehran,2023-09-25,Regular
105237,44.0,Qom,2025-04-11,Regular
105238,57.0,Tehran,2025-10-26,New
105239,61.0,Mashhad,2023-03-05,Regular
105240,61.0,Mashhad,2023-08-12,VIP
105241,34.0,Mashhad,2023-06-07,Regular
105242,60.0,Tehran,2023-03-19,Regular
105243,61.0,Tehran,2025-03-19,New
105244,64.0,Mashhad,2023-07-31,New
105245,34.0,Mashhad,2024-02-24,New
105246,28.0,Qom,2025-06-11,Regular
105247,46.0,Tehran,2024-10-31,Regular
105248,62.0,Mashhad,2025-01-11,VIP
105249,61.0,Tehran,2023-04-17,New
105250,45.0,Rasht,2025-11-29,VIP
105251,25.0,Qom,2023-04-01,VIP
105252,38.0,Kerman,2025-02-16,Regular
105253,52.0,Rasht,2024-12-01,Regular
105254,44.0,Mashhad,2024-03-27,Regular
105255,34.0,Karaj,2025-07-06,New
105256,34.0,Mashhad,2025-09-04,New
105257,20.0,Ahvaz,2023-03-18,New
105258,31.0,Isfahan,2025-11-15,New
105259,50.0,Mashhad,2023-09-22,Regular
105260,29.0,Rasht,2025-05-16,New
105261,65.0,Ahvaz,2025-06-17,New
105262,21.0,Kerman,2024-09-01,New
105263,46.0,Tehran,2025-08-03,Regular
105264,41.0,Tehran,2025-06-23,VIP
105265,57.0,Mashhad,2024-07-26,Regular
105266,60.0,Isfahan,2023-07-16,Regular
105267,44.0,Mashad,2024-04-20,VIP
105268,48.0,Mashhad,2025-09-12,Regular
105269,51.0,Qom,2023-08-10,Regular
105270,43.0,Tehran,2025-12-30,Regular
105271,26.0,Karaj,2023-07-18,VIP
105272,38.0,Ahvaz,2024-12-29,New
105273,29.0,Tabriz,2024-12-02,Regular
105274,,Mashhad,2023-08-03,Regular
105275,47.0,Tehran,2024-06-01,New
105276,,Tehran,2023-06-08,Regular
105277,29.0,Karaj,2024-02-04,Regular
105278,57.0,Isfahan,2025-11-16,Regular
105279,36.0,Tehran,2023-03-01,VIP
105280,27.0,Kerman,2025-08-12,Regular
105281,52.0,Tabriz,2025-01-11,Regular
105282,52.0,Ahvaz,2025-03-30,VIP
105283,57.0,Isfahan,2023-11-05,New
105284,54.0,Kerman,2025-11-05,New
105285,65.0,Tehran,2023-10-05,Regular
105286,45.0,Tehran,2024-07-05,Regular
105287,31.0,Rasht,2023-02-10,Regular
105288,59.0,Rasht,2025-08-30,Regular
105289,30.0,Isfahan,2025-02-10,New
105290,31.0,Tehran,2023-06-28,Regular
105291,57.0,Mashhad,2024-12-26,Regular
105292,60.0,tehran,2023-07-20,VIP
105293,34.0,Ahvaz,2024-05-01,New
105294,53.0,Mashhad,2024-07-15,Regular
105295,62.0,Tehran,2025-10-16,Regular
105296,56.0,Tabriz,2023-12-31,Regular
105297,18.0,Karaj,2023-01-15,New
105298,49.0,Isfahan,2024-04-18,New
105299,26.0,Shiraz,2025-10-11,New
105300,,Kerman,2025-05-24,Regular
105301,21.0,Tehran,2023-03-06,Regular
105302,65.0,Shiraz,2023-02-28,Regular
105303,26.0,Tabriz,2025-04-08,Regular
105304,38.0,Shiraz,2025-02-28,New
105305,29.0,Ahvaz,2024-09-02,New
105306,57.0,Tabriz,2023-04-07,Regular
105307,36.0,Isfahan,2023-11-03,Regular
105308,53.0,Tehran,2025-07-17,Regular
105309,21.0,Karaj,2023-06-02,Regular
105310,39.0,Tehran,2023-08-10,VIP
105311,61.0,Tehran,2024-05-10,VIP
105312,62.0,Isfahan,2025-03-15,Regular
105313,28.0,Shiraz,2025-06-25,New
105314,36.0,Kerman,2024-10-10,New
105315,37.0,Karaj,2024-06-23,Regular
105316,45.0,Ahvaz,2024-02-27,Regular
105317,43.0,Mashhad,2023-02-17,New
105318,23.0,tehran,2023-10-20,New
105319,54.0,Kerman,2023-08-24,VIP
105320,28.0,Isfahan,2023-03-04,New
105321,33.0,Qom,2025-03-26,Regular
105322,58.0,Shiraz,2024-01-22,VIP
105323,51.0,,2024-07-12,Regular
105324,37.0,Shiraz,2023-08-08,New
105325,61.0,Tehran,2024-10-09,Regular
105326,36.0,Tehran,2023-05-29,Regular
105327,45.0,Tehran,2025-01-12,New
105328,29.0,Tehran,2025-03-19,Regular
105329,26.0,Mashhad,2023-12-08,New
105330,41.0,Ahvaz,2023-08-21,Regular
105331,45.0,Mashhad,2025-05-04,VIP
105332,56.0,Ahvaz,2023-09-02,Regular
105333,36.0,Shiraz,2023-07-15,VIP
105334,60.0,Tehran,2024-01-08,Regular
105335,47.0,Tehran,2025-11-24,Regular
105336,21.0,Rasht,2024-05-21,Regular
105337,53.0,Tabriz,2023-10-15,New
105338,45.0,Rasht,2024-07-16,VIP
105339,36.0,Mashhad,2024-01-17,VIP
105340,40.0,Karaj,2024-12-28,Regular
105341,32.0,Karaj,2024-04-25,Regular
105342,47.0,Kerman,2024-10-06,New
105343,45.0,Tehran,2024-04-22,New
105344,39.0,Kerman,2024-06-11,New
105345,31.0,Mashhad,2024-05-04,Regular
105346,37.0,Ahvaz,2024-03-07,New
105347,41.0,Shiraz,2025-11-21,New
105348,40.0,Shiraz,2023-10-19,VIP
105349,32.0,Mashhad,2025-05-31,Regular
105350,45.0,Qom,2025-02-16,Regular
105351,28.0,Tehran,2024-08-01,New
105352,42.0,Isfahan,2023-12-14,New
105353,23.0,Shiraz,2024-06-13,Regular
105354,40.0,Karaj,2025-07-19,New
105355,55.0,Isfahan,2023-07-19,Regular
105356,57.0,Karaj,2024-10-03,VIP
105357,51.0,Isfahan,2025-04-17,New
105358,53.0,Tabriz,2024-11-25,Regular
105359,21.0,Tabriz,2023-06-07,Regular
105360,34.0,Karaj,2024-07-11,New
105361,49.0,Qom,2023-07-20,Regular
105362,56.0,Shiraz,2025-10-13,Regular
105363,45.0,Tehran,2024-01-21,New
105364,58.0,Tabriz,2024-04-06,Regular
105365,,Tehran,2025-07-27,Regular
105366,25.0,Tehran,2024-04-12,Regular
105367,22.0,Qom,2023-08-01,VIP
105368,45.0,Isfahan,2025-09-04,Regular
105369,49.0,Isfahan,2024-12-10,Regular
105370,31.0,Kerman,2024-10-24,VIP
105371,55.0,Tehran,2023-03-24,Regular
105372,,Tehran,2024-05-06,New
105373,35.0,Tehran,2024-05-17,New
105374,29.0,Tehran,2023-10-15,New
105375,53.0,Karaj,2024-09-10,New
105376,50.0,Karaj,2023-09-26,Regular
105377,26.0,Shiraz,2024-05-30,New
105378,30.0,Tehran,2025-05-27,VIP
105379,41.0,Shiraz,2025-03-16,Regular
105380,42.0,Tehran,2023-11-03,New
105381,25.0,Karaj,2023-08-16,VIP
105382,63.0,Tabriz,2023-01-07,Regular
105383,36.0,Tehran,2024-01-14,New
105384,36.0,Qom,2023-01-22,New
105385,20.0,Karaj,2023-05-21,Regular
105386,60.0,Mashhad,2025-12-07,Regular
105387,29.0,Tabriz,2025-07-25,Regular
105388,65.0,Tabriz,2024-09-05,Regular
105389,41.0,Tehran,2025-04-28,Regular
105390,59.0,Tehran,2024-06-19,Regular
105391,26.0,Karaj,2024-10-20,Regular
105392,25.0,Rasht,2025-10-02,Regular
105393,56.0,Shiraz,2023-03-28,New
105394,57.0,Shiraz,2024-01-21,Regular
105395,44.0,Tabriz,2023-05-11,Regular
105396,19.0,Isfahan,2025-05-20,Regular
105397,63.0,Tehran,2025-06-19,Regular
105398,36.0,Mashhad,2025-03-01,Regular
105399,62.0,Rasht,2024-10-28,Regular
105400,59.0,Qom,2024-06-06,Regular
105401,58.0,Rasht,2023-01-26,Regular
105402,51.0,Tehran,2025-04-28,VIP
105403,50.0,Isfahan,2025-09-05,Regular
105404,43.0,Shiraz,2025-11-23,Regular
105405,19.0,Tehran,2024-01-10,Regular
105406,36.0,Tehran,2023-08-08,Regular
105407,53.0,Qom,2024-12-17,Regular
105408,56.0,Tabriz,2023-01-20,VIP
105409,44.0,Tabriz,2023-03-07,Regular
105410,52.0,,2025-06-18,VIP
105411,19.0,Isfahan,2025-11-13,Regular
105412,40.0,Tehran,2024-03-17,VIP
105413,42.0,Tehran,2024-07-10,Regular
105414,60.0,Shiraz,2024-08-19,Regular
105415,32.0,Mashhad,2023-06-01,Regular
105416,29.0,Kerman,2023-09-01,Regular
105417,34.0,Isfahan,2023-11-23,Regular
105418,26.0,Tehran,2025-07-10,Regular
105419,44.0,Tehran,2024-04-24,Regular
105420,48.0,Karaj,2025-02-28,Regular
105421,56.0,Tehran,2023-08-01,New
105422,64.0,Tehran,2025-11-09,Regular
105423,21.0,Isfahan,2025-08-25,Regular
105424,29.0,Tehran,2024-06-04,Regular
105425,32.0,,2023-09-05,New
105426,29.0,Isfahan,2025-12-05,New
105427,57.0,Tehran,2025-06-03,Regular
105428,24.0,Qom,2024-07-13,Regular
105429,19.0,Isfahan,2023-10-20,New
105430,59.0,Tabriz,2024-11-11,New
105431,64.0,Tehran,2024-02-10,Regular
105432,28.0,tehran,2025-01-08,New
105433,33.0,Mashhad,2025-06-30,New
105434,42.0,Isfahan,2024-06-20,Regular
105435,43.0,Mashhad,2023-02-22,Regular
105436,65.0,Kerman,2024-09-08,VIP
105437,37.0,Tehran,2025-07-29,New
105438,18.0,Rasht,2023-09-02,New
105439,38.0,Rasht,2025-11-16,New
105440,44.0,Isfahan,2024-02-01,Regular
105441,42.0,Mashhad,2025-01-19,New
105442,42.0,Mashhad,2025-02-07,New
105443,62.0,Kerman,2023-07-19,Regular
105444,56.0,Tabriz,2023-02-12,Regular
105445,30.0,Shiraz,2025-11-04,Regular
105446,35.0,Tehran,2025-02-05,Regular
105447,50.0,Ahvaz,2024-11-22,Regular
105448,37.0,Tehran,2023-11-29,Regular
105449,38.0,Tehran,2023-04-29,New
105450,26.0,Tehran,2023-10-25,Regular
105451,30.0,Isfahan,2024-08-22,New
105452,53.0,Rasht,2025-01-29,New
105453,58.0,Qom,2023-12-16,Regular
105454,55.0,Tehran,2023-08-24,New
105455,32.0,Mashhad,2023-10-01,New
105456,24.0,Qom,2025-11-19,Regular
105457,25.0,Shiraz,2024-11-21,Regular
105458,36.0,Tehran,2025-12-20,New
105459,42.0,Mashhad,2023-01-07,Regular
105460,60.0,Tabriz,2024-05-16,VIP
105461,61.0,Kerman,2024-05-15,New
105462,18.0,Tabriz,2024-03-15,Regular
105463,51.0,Tehran,2024-03-04,New
105464,32.0,Karaj,2023-03-28,VIP
105465,27.0,Tehran,2023-02-05,New
105466,44.0,Ahvaz,2025-05-02,New
105467,19.0,Mashhad,2024-04-27,VIP
105468,34.0,Tehran,2023-06-28,Regular
105469,44.0,Isfahan,2024-01-16,New
105470,31.0,Tehran,2025-10-18,Regular
105471,46.0,Tehran,2024-05-27,Regular
105472,40.0,Shiraz,2025-12-20,Regular
105473,56.0,Karaj,2023-06-26,New
105474,26.0,Ahvaz,2023-05-15,New
105475,20.0,Mashhad,2024-09-09,VIP
105476,43.0,Tehran,2025-01-17,New
105477,30.0,Isfahan,2025-12-10,New
105478,,Isfahan,2024-05-25,New
105479,22.0,Tehran,2023-08-08,New
105480,45.0,Rasht,2024-08-15,Regular
105481,65.0,Kerman,2023-12-03,Regular
105482,22.0,Tehran,2023-07-16,New
105483,32.0,Qom,2023-04-07,New
105484,58.0,Tabriz,2025-03-03,New
105485,43.0,Tehran,2024-12-04,New
105486,26.0,Tabriz,2023-07-02,New
105487,28.0,Tehran,2024-09-03,Regular
105488,54.0,Tehran,2025-08-27,New
105489,59.0,Kerman,2025-06-14,New
105490,35.0,Tabriz,2024-05-12,Regular
105491,40.0,Tehran,2023-03-04,Regular
105492,55.0,Isfahan,2024-11-26,Regular
105493,26.0,Kerman,2024-07-19,VIP
105494,27.0,Isfahan,2025-10-06,New
105495,55.0,Rasht,2024-08-28,New
105496,26.0,Ahvaz,2025-03-19,New
105497,54.0,Mashhad,2024-08-01,New
105498,41.0,Karaj,2024-08-15,VIP
105499,65.0,Tabriz,2023-12-14,Regular
105500,19.0,Karaj,2024-03-16,Regular
105501,63.0,Mashhad,2023-11-21,VIP
105502,28.0,Tehran,2024-05-21,Regular
105503,19.0,Tehran,2025-11-07,Regular
105504,,Tabriz,2024-01-10,Regular
105505,43.0,Karaj,2024-05-22,Regular
105506,58.0,Karaj,2025-11-02,New
105507,23.0,Shiraz,2023-06-15,Regular
105508,21.0,Tehran,2023-10-04,VIP
105509,45.0,Tehran,2024-06-24,Regular
105510,60.0,Qom,2024-03-24,Regular
105511,37.0,Shiraz,2024-01-09,Regular
105512,56.0,Qom,2025-05-02,Regular
105513,61.0,Tehran,2024-06-30,Regular
105514,59.0,Mashhad,2024-02-03,New
105515,42.0,Rasht,2024-06-08,New
105516,51.0,Tehran,2025-08-28,New
105517,43.0,Tehran,2025-12-13,Regular
105518,50.0,Tabriz,2023-09-24,VIP
105519,45.0,Shiraz,2023-02-14,New
105520,43.0,Kerman,2023-02-04,New
105521,38.0,Rasht,2024-05-02,New
105522,49.0,Karaj,2024-11-19,Regular
105523,54.0,Tehran,2023-02-26,Regular
105524,62.0,Isfahan,2024-07-10,Regular
105525,47.0,Rasht,2024-03-13,New
105526,22.0,Isfahan,2025-10-18,New
105527,46.0,Kerman,2024-10-22,VIP
105528,33.0,Tabriz,2024-04-08,Regular
105529,19.0,Tehran,2024-10-04,New
105530,21.0,Isfahan,2023-05-29,New
105531,46.0,Karaj,2024-06-04,New
105532,63.0,Tehran,2023-12-28,New
105533,42.0,Mashhad,2023-07-18,New
105534,39.0,Karaj,2024-03-06,Regular
105535,22.0,tehran,2024-11-30,New
105536,50.0,Mashhad,2024-09-30,Regular
105537,20.0,Karaj,2025-11-21,Regular
105538,58.0,Karaj,2023-10-28,New
105539,57.0,Shiraz,2025-02-05,Regular
105540,65.0,Kerman,2024-08-25,Regular
105541,31.0,Rasht,2025-08-14,New
105542,25.0,Isfahan,2025-09-21,Regular
105543,32.0,Tehran,2025-02-13,New
105544,56.0,Karaj,2024-04-08,New
105545,28.0,Tehran,2024-08-07,New
105546,60.0,Ahvaz,2024-12-14,Regular
105547,25.0,Shiraz,2025-06-01,Regular
105548,20.0,Mashhad,2023-09-08,Regular
105549,28.0,Shiraz,2025-08-13,New
105550,54.0,Shiraz,2025-05-27,Regular
105551,46.0,Rasht,2023-04-07,New
105552,35.0,Tehran,2023-10-23,New
105553,49.0,Rasht,2023-09-16,Regular
105554,49.0,Tehran,2024-09-26,New
105555,44.0,Karaj,2023-08-17,Regular
105556,42.0,Rasht,2023-11-25,Regular
105557,22.0,Mashhad,2023-07-27,Regular
105558,30.0,Tehran,2023-03-15,Regular
105559,43.0,Qom,2024-05-17,New
105560,24.0,Ahvaz,2023-12-17,New
105561,40.0,Mashhad,2024-07-06,Regular
105562,23.0,Shiraz,2023-08-21,New
105563,55.0,Qom,2023-11-10,New
105564,22.0,Tehran,2025-09-04,New
105565,22.0,Tabriz,2025-05-31,Regular
105566,48.0,Isfahan,2023-10-19,Regular
105567,28.0,Tehran,2023-06-27,New
105568,34.0,Ahvaz,2025-12-02,New
105569,33.0,Mashhad,2025-01-15,New
105570,28.0,Rasht,2024-06-23,New
105571,54.0,Shiraz,2025-02-04,Regular
105572,51.0,Shiraz,2023-08-31,New
105573,29.0,Isfahan,2024-04-13,New
105574,,Mashhad,2024-03-04,Regular
105575,52.0,Qom,2025-02-28,Regular
105576,43.0,Tabriz,2023-07-20,New
105577,45.0,Karaj,2024-06-19,Regular
105578,62.0,Isfahan,2025-07-01,Regular
105579,39.0,Tehran,2023-08-03,VIP
105580,36.0,Tehran,2023-05-12,Regular
105581,43.0,Karaj,2025-06-18,Regular
105582,58.0,Isfahan,2025-08-14,New
105583,52.0,Isfahan,2024-04-16,Regular
105584,21.0,Isfahan,2023-02-20,New
105585,40.0,Isfahan,2024-08-15,Regular
105586,53.0,Karaj,2023-11-25,VIP
105587,28.0,Tabriz,2024-10-05,New
105588,65.0,Kerman,2023-06-03,Regular
105589,56.0,Tehran,2025-05-31,Regular
105590,58.0,Shiraz,2025-01-20,New
105591,21.0,Tehran,2024-12-07,Regular
105592,45.0,Qom,2024-07-14,Regular
105593,43.0,Tabriz,2023-08-30,Regular
105594,48.0,Isfahan,2025-10-25,Regular
105595,58.0,Qom,2023-10-19,New
105596,34.0,Isfahan,2024-02-05,New
105597,43.0,Tehran,2025-10-11,Regular
105598,50.0,Isfahan,2023-02-14,Regular
105599,54.0,Tehran,2023-05-17,Regular
105600,54.0,Rasht,2025-04-14,Regular
105601,34.0,Karaj,2024-02-07,Regular
105602,65.0,Karaj,2024-09-26,New
105603,18.0,Ahvaz,2024-09-27,Regular
105604,41.0,Qom,2025-06-25,Regular
105605,47.0,Isfahan,2024-11-10,New
105606,20.0,Tehran,2024-04-11,Regular
105607,39.0,,2024-08-24,Regular
105608,46.0,Rasht,2025-03-19,VIP
105609,47.0,Rasht,2024-02-20,VIP
105610,23.0,Karaj,2023-07-07,Regular
105611,31.0,Tehran,2024-06-16,Regular
105612,29.0,Tehran,2025-12-30,Regular
105613,48.0,Ahvaz,2023-05-03,Regular
105614,33.0,Tehran,2023-07-10,Regular
105615,45.0,Shiraz,2025-12-25,VIP
105616,53.0,Mashhad,2025-06-27,VIP
105617,56.0,Mashhad,2023-05-09,New
105618,26.0,Tabriz,2023-08-21,VIP
105619,61.0,Kerman,2025-01-26,Regular
105620,25.0,Karaj,2025-05-06,New
105621,19.0,Isfahan,2025-03-14,New
105622,20.0,Isfahan,2025-08-01,Regular
105623,27.0,Rasht,2024-07-08,New
105624,59.0,Shiraz,2025-08-17,New
105625,27.0,Isfahan,2024-10-14,Regular
105626,51.0,Karaj,2024-06-04,New
105627,38.0,Tehran,2024-11-27,Regular
105628,19.0,Tehran,2024-04-14,Regular
105629,39.0,Ahvaz,2024-10-26,New
105630,19.0,Tabriz,2025-07-02,Regular
105631,40.0,,2025-11-15,New
105632,44.0,Mashhad,2024-09-26,Regular
105633,43.0,Kerman,2023-01-07,Regular
105634,31.0,Tabriz,2024-11-11,Regular
105635,54.0,Tabriz,2023-10-03,Regular
105636,46.0,Tehran,2023-09-16,Regular
105637,30.0,Kerman,2025-08-22,Regular
105638,38.0,Rasht,2024-05-03,Regular
105639,23.0,Shiraz,2025-05-15,New
105640,62.0,Mashhad,2024-02-09,Regular
105641,54.0,Karaj,2024-10-26,Regular
105642,31.0,Ahvaz,2024-12-29,Regular
105643,50.0,Qom,2025-09-05,New
105644,50.0,Kerman,2023-08-04,Regular
105645,47.0,Tabriz,2024-09-06,Regular
105646,20.0,Mashhad,2024-03-20,Regular
105647,60.0,Isfahan,2024-05-22,Regular
105648,63.0,Qom,2025-07-18,Regular
105649,64.0,Tehran,2023-05-29,Regular
105650,65.0,Tehran,2024-08-21,Regular
105651,62.0,Karaj,2024-02-29,Regular
105652,53.0,Isfahan,2025-09-08,Regular
105653,20.0,Qom,2023-08-25,New
105654,40.0,Tehran,2023-09-12,New
105655,29.0,Mashhad,2023-04-10,Regular
105656,28.0,Tehran,2024-04-26,Regular
105657,57.0,Karaj,2023-01-12,New
105658,57.0,,2024-07-01,Regular
105659,43.0,Isfahan,2023-09-02,New
105660,53.0,Isfahan,2024-03-14,Regular
105661,24.0,Tehran,2024-10-24,New
105662,28.0,Karaj,2025-01-19,Regular
105663,59.0,Kerman,2023-03-09,Regular
105664,39.0,Karaj,2023-06-12,Regular
105665,44.0,Tehran,2023-12-14,VIP
105666,40.0,Tabriz,2024-07-22,Regular
105667,27.0,Mashhad,2025-08-25,Regular
105668,57.0,Tehran,2023-06-01,Regular
105669,54.0,Tehran,2023-03-16,Regular
105670,50.0,Tehran,2024-11-19,Regular
105671,34.0,Tehran,2025-12-07,New
105672,48.0,Qom,2025-06-28,VIP
105673,63.0,Mashhad,2024-09-11,New
105674,49.0,Karaj,2023-01-22,VIP
105675,41.0,Rasht,2024-09-22,New
105676,30.0,Shiraz,2024-05-15,Regular
105677,43.0,Isfahan,2024-05-04,VIP
105678,35.0,Karaj,2024-06-23,Regular
105679,47.0,Tehran,2024-09-06,Regular
105680,20.0,Isfahan,2025-02-27,New
105681,27.0,Isfahan,2023-07-30,New
105682,55.0,Ahvaz,2023-03-23,New
105683,36.0,Qom,2023-02-26,Regular
105684,38.0,Ahvaz,2024-03-20,Regular
105685,44.0,Karaj,2024-07-10,New
105686,39.0,,2025-05-10,Regular
105687,54.0,Qom,2024-04-19,VIP
105688,29.0,Ahvaz,2024-08-05,Regular
105689,54.0,Isfahan,2025-12-05,Regular
105690,28.0,Kerman,2025-04-01,VIP
105691,35.0,Ahvaz,2025-01-26,Regular
105692,46.0,Shiraz,2024-02-03,New
105693,60.0,Tehran,2023-06-16,Regular
105694,29.0,Tehran,2025-10-04,Regular
105695,46.0,Karaj,2024-08-29,New
105696,21.0,Tehran,2023-03-26,New
105697,21.0,Isfahan,2024-06-12,VIP
105698,54.0,Tabriz,2023-04-10,Regular
105699,52.0,Ahvaz,2025-12-10,Regular
105700,36.0,Ahvaz,2024-08-01,Regular
105701,47.0,Karaj,2025-05-09,Regular
105702,,Mashhad,2024-05-30,New
105703,31.0,Tehran,2023-01-22,Regular
105704,38.0,Tabriz,2024-11-30,New
105705,32.0,Tehran,2024-12-16,New
105706,57.0,Shiraz,2023-09-08,VIP
105707,37.0,Kerman,2025-02-23,New
105708,33.0,Shiraz,2023-09-05,New
105709,43.0,Tabriz,2025-01-27,New
105710,54.0,Tabriz,2025-03-31,Regular
105711,31.0,Ahvaz,2023-05-31,VIP
105712,63.0,Isfahan,2023-11-16,New
105713,40.0,Isfahan,2023-06-28,Regular
105714,49.0,Tehran,2025-03-07,Regular
105715,63.0,Tabriz,2023-09-15,Regular
105716,38.0,Mashhad,2024-12-02,New
105717,27.0,Isfahan,2024-04-02,New
105718,53.0,Karaj,2023-04-02,Regular
105719,18.0,Tehran,2025-08-24,New
105720,39.0,Shiraz,2025-02-17,Regular
105721,65.0,Tehran,2023-10-14,New
105722,37.0,Tehran,2025-08-21,Regular
105723,50.0,Tehran,2025-02-15,Regular
105724,,Tehran,2025-06-13,Regular
105725,28.0,Kerman,2023-07-15,Regular
105726,33.0,Kerman,2023-01-10,New
105727,43.0,Karaj,2023-03-09,New
105728,23.0,Tabriz,2024-08-13,Regular
105729,37.0,Karaj,2025-05-11,Regular
105730,37.0,Rasht,2025-09-27,Regular
105731,58.0,Shiraz,2025-11-18,Regular
105732,23.0,Tehran,2024-10-17,Regular
105733,58.0,Karaj,2024-11-22,New
105734,37.0,Kerman,2023-11-14,New
105735,49.0,Tehran,2023-01-02,New
105736,44.0,Isfahan,2023-08-02,VIP
105737,32.0,Mashhad,2023-03-02,Regular
105738,62.0,Mashhad,2025-01-20,Regular
105739,28.0,Karaj,2024-07-04,Regular
105740,19.0,Mashhad,2025-04-24,New
105741,54.0,,2023-06-12,New
105742,47.0,Qom,2025-09-26,New
105743,60.0,Tehran,2025-02-26,New
105744,39.0,Qom,2025-09-18,Regular
105745,18.0,Karaj,2024-12-11,New
105746,18.0,Shiraz,2024-01-07,Regular
105747,38.0,Isfahan,2024-11-16,Regular
105748,29.0,Ahvaz,2024-10-23,VIP
105749,62.0,Isfahan,2023-07-18,New
105750,23.0,Tehran,2023-04-22,Regular
105751,60.0,Mashhad,2024-12-13,New
105752,28.0,Tehran,2023-04-14,New
105753,23.0,Karaj,2023-04-20,Regular
105754,31.0,Tehran,2023-03-20,Regular
105755,24.0,Tabriz,2024-11-12,Regular
105756,37.0,Isfahan,2025-10-12,Regular
105757,33.0,Ahvaz,2024-06-28,New
105758,43.0,Isfahan,2023-06-16,VIP
105759,43.0,Rasht,2024-07-15,New
105760,18.0,Rasht,2024-06-12,VIP
105761,23.0,Tehran,2024-10-11,Regular
105762,25.0,Karaj,2024-04-19,New
105763,27.0,Tehran,2024-08-05,Regular
105764,22.0,Qom,2023-12-22,New
105765,33.0,Tabriz,2025-09-19,Regular
105766,44.0,Mashhad,2024-08-11,New
105767,32.0,Tehran,2023-12-07,Regular
105768,33.0,Isfahan,2023-01-04,New
105769,40.0,Qom,2025-01-13,VIP
105770,44.0,Qom,2024-02-21,New
105771,33.0,Tehran,2023-09-30,Regular
105772,28.0,Mashhad,2024-06-08,Regular
105773,37.0,Isfahan,2024-06-15,New
105774,19.0,Shiraz,2025-05-29,New
105775,41.0,Tehran,2024-08-17,Regular
105776,63.0,Mashhad,2025-02-06,Regular
105777,37.0,Ahvaz,2024-12-09,Regular
105778,23.0,Isfahan,2025-07-19,New
105779,51.0,Karaj,2023-01-07,Regular
105780,24.0,Isfahan,2024-02-17,VIP
105781,27.0,Isfahan,2025-02-22,Regular
105782,25.0,Tabriz,2023-06-04,New
105783,60.0,Tehran,2024-04-28,New
105784,65.0,Tehran,2024-03-15,VIP
105785,45.0,Kerman,2025-06-01,Regular
105786,47.0,Ahvaz,2025-11-20,Regular
105787,48.0,Karaj,2023-04-27,VIP
105788,47.0,Tehran,2023-08-23,New
105789,44.0,Tehran,2025-04-27,Regular
105790,65.0,Tehran,2023-07-11,Regular
105791,53.0,Rasht,2024-06-28,Regular
105792,22.0,Qom,2025-10-31,Regular
105793,36.0,Shiraz,2025-12-03,Regular
105794,64.0,Kerman,2025-11-06,New
105795,37.0,Tehran,2023-05-28,VIP
105796,27.0,Shiraz,2023-06-13,Regular
105797,59.0,Tehran,2023-07-12,Regular
105798,47.0,Mashhad,2025-04-22,VIP
105799,45.0,Rasht,2023-07-16,New
105800,38.0,Ahvaz,2024-04-15,Regular
105801,23.0,Tehran,2025-06-15,VIP
105802,36.0,Tehran,2024-06-22,Regular
105803,,Shiraz,2025-10-26,Regular
105804,62.0,Tehran,2024-06-30,Regular
105805,32.0,Shiraz,2024-02-20,Regular
105806,25.0,Shiraz,2025-11-26,New
105807,38.0,Mashhad,2024-08-22,Regular
105808,65.0,Mashhad,2023-07-22,Regular
105809,41.0,Tehran,2024-11-25,Regular
105810,36.0,Rasht,2025-04-26,Regular
105811,50.0,Mashhad,2025-07-07,New
105812,49.0,Shiraz,2023-01-07,New
105813,32.0,Mashhad,2023-04-29,Regular
105814,64.0,Karaj,2024-11-19,Regular
105815,46.0,Tehran,2025-03-23,Regular
105816,20.0,Tehran,2024-12-15,New
105817,37.0,tehran,2024-02-24,Regular
105818,62.0,Karaj,2025-04-05,Regular
105819,36.0,Tehran,2024-09-26,New
105820,45.0,Mashhad,2025-10-10,Regular
105821,47.0,Kerman,2024-02-07,Regular
105822,51.0,Tehran,2025-04-05,Regular
105823,,Tehran,2023-06-07,Regular
105824,25.0,Isfahan,2025-03-12,Regular
105825,42.0,Mashhad,2025-03-12,New
105826,43.0,Tabriz,2023-10-05,New
105827,25.0,Karaj,2023-03-09,New
105828,50.0,Shiraz,2025-12-23,Regular
105829,23.0,Tabriz,2023-03-25,VIP
105830,39.0,Isfahan,2024-05-27,Regular
105831,33.0,Karaj,2023-01-02,VIP
105832,25.0,Tehran,2024-04-02,Regular
105833,57.0,Mashhad,2025-06-17,New
105834,29.0,Karaj,2024-07-03,New
105835,30.0,Mashhad,2023-09-20,Regular
105836,,Tehran,2024-03-07,Regular
105837,60.0,Mashhad,2023-04-12,Regular
105838,19.0,Karaj,2024-10-12,Regular
105839,31.0,Tehran,2023-01-05,Regular
105840,52.0,Karaj,2024-01-18,New
105841,55.0,Karaj,2023-03-08,Regular
105842,65.0,Tabriz,2023-09-20,Regular
105843,44.0,Tehran,2023-03-15,Regular
105844,18.0,Qom,2025-10-13,New
105845,59.0,Tehran,2025-04-25,Regular
105846,25.0,Rasht,2025-10-12,New
105847,23.0,Karaj,2025-01-17,New
105848,50.0,Tehran,2024-06-27,Regular
105849,46.0,Qom,2023-07-10,VIP
105850,20.0,Isfahan,2025-11-19,VIP
105851,26.0,Isfahan,2025-10-01,New
105852,46.0,Isfahan,2024-03-31,New
105853,30.0,Tabriz,2023-09-05,Regular
105854,50.0,Karaj,2024-02-29,Regular
105855,37.0,Rasht,2024-03-07,Regular
105856,46.0,Tehran,2025-10-01,New
105857,40.0,Tabriz,2023-03-15,Regular
105858,35.0,Karaj,2024-11-24,New
105859,34.0,Tabriz,2025-04-21,New
105860,51.0,,2025-04-14,Regular
105861,42.0,Mashhad,2023-07-31,New
105862,46.0,Karaj,2024-03-27,Regular
105863,45.0,Mashhad,2024-01-10,Regular
105864,27.0,Tehran,2024-03-21,Regular
105865,61.0,Shiraz,2023-04-06,Regular
105866,45.0,Tehran,2023-04-02,VIP
105867,52.0,Tehran,2023-01-27,Regular
105868,60.0,Tehran,2025-11-24,Regular
105869,62.0,Karaj,2024-04-01,Regular
105870,50.0,Kerman,2023-09-07,Regular
105871,55.0,Isfahan,2025-05-23,VIP
105872,40.0,Tehran,2024-06-25,New
105873,53.0,Qom,2024-02-04,New
105874,33.0,Tehran,2023-05-06,VIP
105875,52.0,Kerman,2024-02-27,Regular
105876,22.0,Shiraz,2024-12-09,New
105877,61.0,Tehran,2024-11-13,VIP
105878,29.0,Isfahan,2024-03-04,New
105879,49.0,Mashhad,2024-11-02,Regular
105880,18.0,Karaj,2025-04-20,Regular
105881,25.0,Tehran,2025-10-15,Regular
105882,65.0,Ahvaz,2024-08-01,Regular
105883,58.0,Karaj,2023-09-07,New
105884,28.0,Ahvaz,2023-05-22,Regular
105885,24.0,Rasht,2023-06-22,Regular
105886,57.0,Tehran,2023-01-12,New
105887,65.0,Shiraz,2024-09-03,New
105888,26.0,Ahvaz,2023-08-21,Regular
105889,49.0,Mashhad,2023-09-05,New
105890,31.0,Tehran,2025-03-04,Regular
105891,53.0,Mashhad,2023-12-17,VIP
105892,38.0,Tehran,2025-06-26,New
105893,24.0,Ahvaz,2023-05-31,VIP
105894,33.0,Isfahan,2024-01-09,Regular
105895,43.0,Karaj,2023-02-26,Regular
105896,56.0,Kerman,2024-08-09,VIP
105897,19.0,Mashhad,2023-05-17,New
105898,63.0,Karaj,2023-09-20,VIP
105899,49.0,Tehran,2025-03-16,New
105900,60.0,Tehran,2025-08-22,Regular
105901,62.0,Tehran,2024-08-20,Regular
105902,25.0,Mashhad,2025-11-22,New
105903,22.0,Mashhad,2025-04-08,Regular
105904,55.0,Isfahan,2025-04-04,Regular
105905,27.0,Tehran,2025-12-20,Regular
105906,25.0,Tehran,2023-04-08,Regular
105907,40.0,Tabriz,2023-09-12,New
105908,61.0,Tehran,2024-04-23,New
105909,56.0,Qom,2024-11-08,New
105910,42.0,Rasht,2025-12-20,VIP
105911,,Karaj,2023-04-19,Regular
105912,34.0,Shiraz,2023-09-09,Regular
105913,51.0,Tabriz,2023-11-23,Regular
105914,25.0,Tabriz,2025-01-04,Regular
105915,43.0,Rasht,2025-11-08,New
105916,18.0,Kerman,2025-10-24,New
105917,33.0,Isfahan,2025-03-29,Regular
105918,29.0,Tabriz,2025-04-26,New
105919,50.0,Qom,2024-03-31,Regular
105920,61.0,Tehran,2024-10-28,New
105921,25.0,Shiraz,2023-07-07,Regular
105922,56.0,Tabriz,2024-07-08,Regular
105923,49.0,Karaj,2023-11-17,Regular
105924,64.0,Mashhad,2025-10-14,VIP
105925,61.0,Mashhad,2024-02-07,Regular
105926,22.0,Tehran,2024-03-08,New
105927,53.0,Shiraz,2024-03-17,Regular
105928,46.0,Rasht,2025-09-13,New
105929,23.0,Rasht,2025-10-18,New
105930,30.0,Mashhad,2024-04-17,Regular
105931,62.0,Tehran,2025-12-26,New
105932,44.0,Qom,2025-04-08,New
105933,34.0,Karaj,2025-07-15,Regular
105934,33.0,,2025-09-29,Regular
105935,58.0,Mashhad,2023-12-31,VIP
105936,31.0,Tehran,2024-08-25,New
105937,25.0,Qom,2023-11-09,Regular
105938,45.0,Tabriz,2023-12-06,Regular
105939,65.0,Mashhad,2024-05-23,Regular
105940,26.0,Rasht,2023-02-25,New
105941,30.0,Tabriz,2023-08-24,Regular
105942,40.0,Rasht,2025-06-05,Regular
105943,27.0,Isfahan,2023-07-01,New
105944,49.0,Isfahan,2024-11-12,New
105945,30.0,Rasht,2025-04-18,Regular
105946,24.0,Kerman,2023-10-16,New
105947,30.0,Kerman,2024-05-16,New
105948,62.0,Qom,2025-08-18,Regular
105949,62.0,Isfahan,2025-07-03,New
105950,42.0,Tehran,2025-10-04,New
105951,37.0,Mashhad,2024-11-19,Regular
105952,57.0,Rasht,2025-08-29,Regular
105953,27.0,Mashhad,2024-03-12,Regular
105954,49.0,Karaj,2024-10-20,New
105955,50.0,Rasht,2024-12-31,New
105956,52.0,Kerman,2025-12-05,VIP
105957,28.0,Rasht,2024-02-08,Regular
105958,52.0,Shiraz,2025-08-15,Regular
105959,47.0,Isfahan,2024-07-11,New
105960,60.0,,2023-04-25,New
105961,26.0,Tehran,2024-12-18,New
105962,,Tehran,2025-12-10,Regular
105963,57.0,Kerman,2024-05-11,VIP
105964,31.0,Karaj,2024-08-23,New
105965,53.0,Shiraz,2025-10-12,Regular
105966,22.0,Tehran,2025-10-04,Regular
105967,52.0,Shiraz,2024-03-14,Regular
105968,47.0,Rasht,2025-04-12,Regular
105969,27.0,Tabriz,2024-11-21,New
105970,21.0,Mashhad,2024-12-10,VIP
105971,53.0,Shiraz,2025-02-27,New
105972,29.0,Ahvaz,2023-12-24,New
105973,41.0,Rasht,2023-11-30,New
105974,20.0,,2023-01-30,Regular
105975,64.0,Tabriz,2025-07-26,New
105976,44.0,Tehran,2023-10-31,Regular
105977,62.0,Isfahan,2025-01-08,VIP
105978,25.0,Tehran,2025-01-20,Regular
105979,27.0,Shiraz,2025-02-09,VIP
105980,47.0,,2025-08-03,VIP
105981,47.0,Mashhad,2025-08-08,Regular
105982,55.0,Tehran,2023-01-03,Regular
105983,62.0,Tehran,2025-07-08,Regular
105984,57.0,Tehran,2023-08-16,Regular
105985,24.0,Karaj,2024-12-07,New
105986,32.0,Tehran,2025-01-07,VIP
105987,61.0,Tehran,2023-02-28,Regular
105988,44.0,Kerman,2023-11-07,VIP
105989,59.0,Tehran,2025-09-23,Regular
105990,45.0,Rasht,2023-06-05,New
105991,20.0,Tabriz,2023-09-11,Regular
105992,40.0,,2023-03-31,Regular
105993,57.0,Shiraz,2023-07-02,Regular
105994,49.0,Tehran,2024-11-29,Regular
105995,24.0,Ahvaz,2025-07-10,Regular
105996,28.0,Qom,2024-10-13,New
105997,59.0,Mashhad,2023-11-08,Regular
105998,65.0,Karaj,2025-07-29,New
105999,54.0,Shiraz,2024-02-07,Regular
106000,22.0,Rasht,2023-12-11,New
106001,47.0,Qom,2024-07-07,New
106002,57.0,Tehran,2023-05-30,VIP
106003,48.0,Ahvaz,2024-01-26,New
106004,46.0,Kerman,2025-05-25,Regular
106005,40.0,Karaj,2024-10-28,Regular
106006,29.0,Tehran,2025-12-18,New
106007,31.0,Qom,2025-04-29,VIP
106008,53.0,Tabriz,2024-01-30,New
106009,21.0,Mashhad,2025-04-19,Regular
106010,22.0,Ahvaz,2025-08-05,Regular
106011,37.0,Shiraz,2024-11-21,Regular
106012,55.0,Ahvaz,2025-04-14,New
106013,49.0,Tabriz,2024-07-05,Regular
106014,46.0,Mashhad,2025-09-25,VIP
106015,43.0,Kerman,2023-09-18,Regular
106016,23.0,Shiraz,2024-04-09,Regular
106017,33.0,Shiraz,2023-10-06,Regular
106018,21.0,Mashhad,2023-04-21,Regular
106019,54.0,Tehran,2024-11-05,Regular
106020,54.0,Karaj,2023-05-10,New
106021,,Isfahan,2023-09-05,Regular
106022,32.0,Rasht,2025-04-15,New
106023,33.0,Kerman,2023-09-21,New
106024,60.0,Karaj,2025-08-03,Regular
106025,41.0,Tehran,2023-02-23,New
106026,54.0,Karaj,2024-05-15,Regular
106027,39.0,Tehran,2023-03-15,Regular
106028,51.0,Qom,2023-03-07,New
106029,43.0,tehran,2025-05-16,New
106030,31.0,Rasht,2023-03-15,New
106031,60.0,Mashhad,2025-09-04,Regular
106032,52.0,Tehran,2024-10-17,New
106033,54.0,Kerman,2024-06-12,Regular
106034,63.0,Shiraz,2025-10-02,Regular
106035,29.0,Ahvaz,2024-02-29,Regular
106036,22.0,Rasht,2024-03-13,New
106037,45.0,Shiraz,2024-03-24,New
106038,33.0,Isfahan,2024-12-13,New
106039,38.0,Shiraz,2025-07-16,New
106040,29.0,Ahvaz,2024-08-16,VIP
106041,37.0,Kerman,2023-11-04,New
106042,36.0,Mashhad,2025-09-01,New
106043,34.0,Karaj,2024-10-17,Regular
106044,53.0,Mashhad,2025-06-30,VIP
106045,46.0,Tabriz,2024-04-18,Regular
106046,40.0,Qom,2023-08-07,Regular
106047,23.0,Ahvaz,2025-10-31,New
106048,45.0,Isfahan,2025-01-11,Regular
106049,26.0,Mashhad,2023-12-04,Regular
106050,33.0,Tehran,2025-07-17,Regular
106051,37.0,Tehran,2023-01-10,New
106052,24.0,Mashhad,2025-10-15,Regular
106053,36.0,Ahvaz,2024-09-25,Regular
106054,30.0,Isfahan,2024-10-07,New
106055,58.0,Mashhad,2023-01-15,Regular
106056,59.0,Karaj,2023-07-12,New
106057,18.0,Tehran,2025-02-28,Regular
106058,46.0,Tehran,2024-09-03,New
106059,48.0,Rasht,2023-05-20,VIP
106060,36.0,Tehran,2024-12-30,Regular
106061,40.0,Isfahan,2025-03-28,Regular
106062,55.0,Shiraz,2023-10-26,Regular
106063,36.0,Tehran,2025-01-24,Regular
106064,21.0,Mashhad,2025-12-01,New
106065,35.0,Tehran,2024-06-12,Regular
106066,30.0,Mashhad,2023-09-09,New
106067,36.0,Rasht,2025-11-19,New
106068,29.0,Isfahan,2025-09-24,Regular
106069,25.0,Isfahan,2024-05-15,New
106070,65.0,Mashhad,2024-04-10,Regular
106071,24.0,Kerman,2025-07-02,Regular
106072,51.0,Tehran,2023-01-01,Regular
106073,52.0,Ahvaz,2023-12-08,New
106074,47.0,Mashhad,2024-08-17,Regular
106075,61.0,Kerman,2024-12-17,Regular
106076,18.0,Mashhad,2024-11-18,Regular
106077,32.0,Tehran,2024-02-10,New
106078,26.0,Shiraz,2025-08-09,New
106079,45.0,Tehran,2024-12-12,Regular
106080,48.0,Karaj,2024-08-14,New
106081,61.0,Tabriz,2025-10-24,New
106082,36.0,Karaj,2023-04-14,Regular
106083,29.0,,2025-02-16,Regular
106084,62.0,Karaj,2025-10-11,New
106085,50.0,Mashhad,2024-12-25,VIP
106086,54.0,Kerman,2024-09-11,New
106087,39.0,Karaj,2024-02-04,New
106088,39.0,Shiraz,2023-10-25,New
106089,36.0,Ahvaz,2024-08-20,New
106090,53.0,Shiraz,2025-09-11,Regular
106091,28.0,Shiraz,2024-05-21,New
106092,64.0,Tehran,2023-05-13,Regular
106093,26.0,Tabriz,2024-06-13,Regular
106094,40.0,Mashhad,2023-04-17,New
106095,33.0,Tehran,2025-10-22,Regular
106096,48.0,Qom,2024-08-08,Regular
106097,50.0,Tehran,2023-08-23,Regular
106098,62.0,Tabriz,2024-11-15,New
106099,55.0,Tehran,2024-08-11,Regular
106100,29.0,Isfahan,2024-07-13,New
106101,27.0,Ahvaz,2024-10-10,New
106102,60.0,Tehran,2025-10-14,Regular
106103,41.0,Tabriz,2025-07-26,New
106104,22.0,Tabriz,2023-10-15,Regular
106105,57.0,Ahvaz,2023-09-20,New
106106,49.0,Tehran,2025-12-20,Regular
106107,19.0,Qom,2024-12-07,Regular
106108,55.0,Isfahan,2023-01-22,New
106109,47.0,Isfahan,2024-08-02,Regular
106110,47.0,Mashhad,2023-05-10,New
106111,59.0,Mashhad,2023-02-02,New
106112,41.0,Shiraz,2023-07-23,Regular
106113,40.0,Tehran,2023-10-06,VIP
106114,47.0,Isfahan,2023-03-29,Regular
106115,27.0,Tabriz,2025-07-03,New
106116,25.0,Isfahan,2024-04-24,New
106117,58.0,Tehran,2024-08-27,Regular
106118,28.0,Mashhad,2025-08-05,New
106119,42.0,Isfahan,2025-07-05,Regular
106120,30.0,Tabriz,2025-06-17,Regular
106121,29.0,Rasht,2023-08-03,Regular
106122,46.0,Shiraz,2025-03-26,Regular
106123,56.0,Tabriz,2025-12-26,VIP
106124,39.0,Tehran,2023-01-09,Regular
106125,24.0,Kerman,2025-08-08,Regular
106126,29.0,Mashhad,2025-08-05,New
106127,25.0,Mashhad,2025-07-10,Regular
106128,60.0,Tehran,2024-03-10,New
106129,33.0,Tehran,2023-08-06,New
106130,35.0,Qom,2025-03-12,Regular
106131,21.0,Tehran,2024-11-13,New
106132,39.0,Mashhad,2025-03-06,VIP
106133,61.0,Tehran,2023-10-08,Regular
106134,37.0,Kerman,2023-07-14,Regular
106135,49.0,Qom,2025-09-14,Regular
106136,26.0,Rasht,2024-07-18,New
106137,24.0,Ahvaz,2025-07-21,New
106138,53.0,Rasht,2025-10-11,New
106139,21.0,Isfahan,2024-05-17,Regular
106140,39.0,Tehran,2023-10-16,Regular
106141,33.0,Mashhad,2025-09-07,New
106142,18.0,Mashhad,2025-02-21,New
106143,43.0,Karaj,2024-12-30,New
106144,64.0,Tehran,2025-11-15,Regular
106145,21.0,Tehran,2023-09-27,New
106146,57.0,Karaj,2024-01-30,Regular
106147,43.0,Tehran,2023-02-12,New
106148,52.0,Tehran,2024-02-29,New
106149,22.0,Tehran,2024-05-03,Regular
106150,59.0,Karaj,2024-05-10,VIP
106151,18.0,Tehran,2023-06-15,New
106152,61.0,Tehran,2025-06-04,New
106153,49.0,Tehran,2024-06-19,New
106154,34.0,Karaj,2024-04-26,Regular
106155,18.0,,2025-08-04,Regular
106156,47.0,Tehran,2024-06-16,Regular
106157,22.0,Rasht,2025-09-03,Regular
106158,,Ahvaz,2023-09-01,VIP
106159,55.0,Tehran,2025-07-20,New
106160,30.0,Tehran,2025-12-18,New
106161,29.0,Tehran,2025-04-01,Regular
106162,28.0,Karaj,2025-09-04,Regular
106163,28.0,Tehran,2025-03-21,New
106164,23.0,Rasht,2024-10-19,Regular
106165,29.0,Qom,2025-04-16,Regular
106166,49.0,Shiraz,2025-11-17,VIP
106167,32.0,Tehran,2024-10-24,VIP
106168,55.0,Ahvaz,2025-01-22,Regular
106169,57.0,Karaj,2023-03-28,Regular
106170,54.0,Qom,2025-11-16,Regular
106171,43.0,Tehran,2025-05-01,Regular
106172,33.0,Karaj,2023-06-26,Regular
106173,62.0,Qom,2023-11-14,VIP
106174,27.0,Kerman,2023-09-04,Regular
106175,40.0,Shiraz,2023-12-16,Regular
106176,39.0,Isfahan,2025-08-27,New
106177,53.0,Isfahan,2024-05-23,Regular
106178,44.0,Karaj,2024-04-04,Regular
106179,56.0,Rasht,2025-05-02,Regular
106180,62.0,Shiraz,2024-02-11,Regular
106181,36.0,Tehran,2025-08-27,Regular
106182,59.0,Tehran,2025-04-05,New
106183,26.0,Tabriz,2023-10-09,Regular
106184,61.0,Ahvaz,2024-11-21,New
106185,26.0,Tehran,2024-06-12,New
106186,58.0,Mashhad,2024-01-12,New
106187,36.0,Rasht,2025-09-19,Regular
106188,64.0,Isfahan,2024-03-11,New
106189,24.0,Tehran,2023-05-08,New
106190,40.0,Mashhad,2024-03-23,Regular
106191,61.0,Mashad,2024-07-19,Regular
106192,20.0,Tehran,2023-05-19,Regular
106193,30.0,Tabriz,2025-03-24,Regular
106194,22.0,Shiraz,2023-09-09,New
106195,33.0,Tabriz,2023-04-12,Regular
106196,36.0,Tabriz,2024-08-11,Regular
106197,47.0,Tehran,2023-06-26,VIP
106198,30.0,,2025-05-06,New
106199,25.0,Tehran,2023-03-16,Regular
106200,26.0,Tehran,2024-04-03,Regular
106201,63.0,Karaj,2023-02-26,Regular
106202,63.0,Tehran,2024-02-24,New
106203,28.0,Tabriz,2025-10-18,Regular
106204,27.0,Tehran,2024-12-13,New
106205,20.0,Tehran,2024-08-08,Regular
106206,64.0,Tehran,2023-06-22,New
106207,51.0,Isfahan,2023-12-09,Regular
106208,54.0,Tabriz,2024-02-21,Regular
106209,31.0,Qom,2024-09-25,Regular
106210,48.0,Tehran,2023-08-16,Regular
106211,20.0,Tabriz,2025-12-30,Regular
106212,50.0,Karaj,2024-12-14,New
106213,45.0,Mashhad,2023-12-08,Regular
106214,33.0,Tehran,2023-05-04,Regular
106215,52.0,Tehran,2024-10-13,Regular
106216,,Tehran,2024-05-05,New
106217,39.0,Ahvaz,2025-01-07,Regular
106218,26.0,Mashhad,2024-10-14,Regular
106219,19.0,Shiraz,2024-12-02,VIP
106220,63.0,Karaj,2025-07-01,VIP
106221,,Mashhad,2024-07-29,Regular
106222,32.0,Tabriz,2025-03-04,New
106223,50.0,Tehran,2024-01-29,Regular
106224,30.0,Isfahan,2025-10-29,New
106225,,Tehran,2024-03-22,Regular
106226,52.0,Tehran,2025-01-14,New
106227,46.0,Mashhad,2025-12-29,VIP
106228,49.0,Karaj,2024-01-18,New
106229,18.0,Tabriz,2023-04-22,New
106230,39.0,Karaj,2023-09-11,Regular
106231,40.0,Tehran,2023-09-24,New
106232,48.0,Kerman,2023-03-03,New
106233,25.0,Tehran,2024-08-18,Regular
106234,25.0,Qom,2023-10-31,VIP
106235,54.0,Karaj,2023-04-17,New
106236,50.0,Shiraz,2023-05-30,Regular
106237,56.0,Isfahan,2023-10-27,New
106238,30.0,Karaj,2024-02-09,Regular
106239,65.0,Karaj,2025-12-03,New
106240,31.0,Tehran,2025-02-08,Regular
106241,49.0,Qom,2025-02-21,Regular
106242,25.0,Tehran,2025-01-27,VIP
106243,62.0,Isfahan,2025-05-29,Regular
106244,33.0,Tabriz,2023-12-15,Regular
106245,56.0,Qom,2023-04-19,Regular
106246,,Isfahan,2024-07-10,New
106247,55.0,Tehran,2023-01-02,New
106248,39.0,Isfahan,2023-08-26,Regular
106249,20.0,Tehran,2025-04-04,New
106250,27.0,Shiraz,2024-07-04,New
106251,50.0,Isfahan,2025-01-26,Regular
106252,27.0,Qom,2024-07-12,New
106253,31.0,Tehran,2024-08-17,New
106254,44.0,Tehran,2023-11-26,Regular
106255,30.0,Isfahan,2023-08-28,Regular
106256,24.0,Tehran,2023-10-12,New
106257,47.0,Tehran,2025-05-23,Regular
106258,51.0,Mashhad,2025-12-08,New
106259,53.0,Isfahan,2023-03-31,VIP
106260,63.0,Tehran,2024-08-11,Regular
106261,23.0,Shiraz,2024-05-30,Regular
106262,38.0,Ahvaz,2024-09-07,Regular
106263,29.0,tehran,2023-09-13,Regular
106264,61.0,Mashhad,2023-01-09,Regular
106265,43.0,Tehran,2023-08-11,Regular
106266,22.0,Tehran,2023-07-19,VIP
106267,51.0,Shiraz,2023-02-27,Regular
106268,20.0,Karaj,2024-01-26,Regular
106269,31.0,Tehran,2025-01-18,Regular
106270,52.0,Tehran,2025-11-23,New
106271,42.0,Mashhad,2024-12-20,Regular
106272,54.0,Mashhad,2023-07-11,Regular
106273,45.0,Kerman,2024-02-01,New
106274,58.0,Tehran,2023-11-29,VIP
106275,45.0,Tehran,2023-08-21,Regular
106276,20.0,Mashhad,2025-12-20,VIP
106277,21.0,Tehran,2024-12-18,Regular
106278,55.0,Tehran,2024-06-10,Regular
106279,19.0,Mashhad,2024-04-23,Regular
106280,36.0,Mashhad,2023-12-15,New
106281,18.0,Tehran,2024-04-01,Regular
106282,32.0,Tabriz,2024-11-25,New
106283,46.0,Isfahan,2025-10-13,Regular
106284,26.0,Tehran,2024-06-27,Regular
106285,40.0,Ahvaz,2023-07-22,New
106286,65.0,Mashhad,2025-11-14,New
106287,21.0,Kerman,2023-12-11,Regular
106288,21.0,Rasht,2023-04-02,New
106289,31.0,Isfahan,2024-08-18,Regular
106290,57.0,Tehran,2025-05-15,New
106291,37.0,Ahvaz,2023-10-10,Regular
106292,48.0,Mashhad,2023-11-02,New
106293,19.0,Tehran,2023-11-13,New
106294,,Shiraz,2025-06-02,New
106295,21.0,Isfahan,2025-11-14,Regular
106296,52.0,Ahvaz,2025-07-17,Regular
106297,,Karaj,2023-09-05,VIP
106298,59.0,Ahvaz,2025-07-18,Regular
106299,32.0,Karaj,2023-12-06,New
106300,26.0,Tabriz,2025-08-07,New
106301,34.0,Isfahan,2025-12-21,Regular
106302,18.0,Kerman,2025-02-25,New
106303,25.0,Kerman,2025-11-11,New
106304,46.0,Ahvaz,2023-06-05,Regular
106305,32.0,Karaj,2024-12-18,New
106306,34.0,Shiraz,2023-02-26,Regular
106307,56.0,Tehran,2024-12-15,Regular
106308,23.0,Ahvaz,2024-01-09,Regular
106309,37.0,Tehran,2025-11-28,Regular
106310,26.0,Tehran,2024-06-26,Regular
106311,41.0,Mashhad,2025-04-14,Regular
106312,33.0,Shiraz,2023-11-28,New
106313,20.0,Shiraz,2023-03-23,New
106314,21.0,Tehran,2025-03-23,New
106315,58.0,Tehran,2023-08-31,Regular
106316,20.0,Tehran,2025-03-02,Regular
106317,55.0,Mashhad,2024-05-23,Regular
106318,61.0,Tehran,2025-11-30,New
106319,40.0,Karaj,2024-01-22,New
106320,32.0,Tehran,2024-03-14,New
106321,55.0,Mashhad,2025-03-21,VIP
106322,65.0,Mashhad,2025-05-10,New
106323,23.0,Shiraz,2023-05-18,Regular
106324,64.0,Ahvaz,2025-03-22,New
106325,63.0,Tehran,2024-06-22,Regular
106326,24.0,Mashhad,2025-12-18,Regular
106327,20.0,Karaj,2024-11-21,New
106328,52.0,Tehran,2025-04-27,Regular
106329,21.0,Qom,2024-01-12,Regular
106330,46.0,Kerman,2023-11-07,Regular
106331,21.0,Tabriz,2025-05-09,VIP
106332,51.0,Kerman,2023-01-17,Regular
106333,29.0,Isfahan,2024-09-27,Regular
106334,22.0,Isfahan,2025-11-26,VIP
106335,21.0,Tehran,2025-12-21,Regular
106336,27.0,Tehran,2025-02-23,Regular
106337,43.0,Tehran,2024-06-28,Regular
106338,21.0,Isfahan,2025-06-08,Regular
106339,56.0,Isfahan,2023-01-17,Regular
106340,46.0,Tehran,2025-05-18,Regular
106341,32.0,Tabriz,2023-07-28,Regular
106342,65.0,Tehran,2025-03-16,VIP
106343,49.0,Mashhad,2024-01-17,New
106344,50.0,Tehran,2025-04-02,Regular
106345,26.0,Karaj,2024-10-22,Regular
106346,52.0,Shiraz,2025-10-14,Regular
106347,44.0,Karaj,2025-05-12,Regular
106348,65.0,Tehran,2025-09-27,New
106349,40.0,Isfahan,2023-06-15,New
106350,50.0,Kerman,2024-02-20,New
106351,34.0,Tehran,2024-04-23,New
106352,19.0,Isfahan,2023-02-03,New
106353,24.0,Tehran,2023-01-25,New
106354,59.0,Tehran,2023-02-12,Regular
106355,53.0,Isfahan,2025-04-20,Regular
106356,35.0,Tehran,2024-05-04,Regular
106357,51.0,Shiraz,2025-04-03,Regular
106358,18.0,Rasht,2025-07-03,New
106359,19.0,Tehran,2023-02-09,Regular
106360,42.0,Tehran,2025-07-17,Regular
106361,47.0,Qom,2023-09-05,Regular
106362,62.0,Isfahan,2024-03-18,Regular
106363,54.0,Ahvaz,2025-11-20,New
106364,30.0,Mashhad,2023-11-27,Regular
106365,57.0,Tabriz,2025-10-26,Regular
106366,41.0,Rasht,2024-07-08,New
106367,57.0,Tehran,2023-01-15,Regular
106368,26.0,Qom,2025-06-30,Regular
106369,19.0,Tabriz,2023-02-18,New
106370,20.0,Qom,2024-11-27,New
106371,65.0,Tehran,2024-05-16,Regular
106372,21.0,Isfahan,2023-06-03,New
106373,63.0,Tehran,2024-07-17,Regular
106374,52.0,Kerman,2024-02-01,VIP
106375,25.0,Tehran,2023-04-18,Regular
106376,59.0,Mashad,2024-08-31,New
106377,24.0,Rasht,2023-02-18,Regular
106378,24.0,Mashhad,2024-08-12,Regular
106379,45.0,Shiraz,2023-09-05,Regular
106380,31.0,Mashhad,2025-06-28,VIP
106381,,Tabriz,2025-11-06,Regular
106382,27.0,Tehran,2025-10-17,New
106383,47.0,Isfahan,2025-10-23,Regular
106384,19.0,Shiraz,2023-04-21,VIP
106385,29.0,Mashhad,2024-07-12,Regular
106386,44.0,Tehran,2023-09-03,Regular
106387,41.0,Tehran,2023-04-16,Regular
106388,51.0,Karaj,2024-03-05,VIP
106389,28.0,Tehran,2024-04-15,Regular
106390,49.0,Mashhad,2023-11-21,VIP
106391,54.0,Mashhad,2023-05-06,Regular
106392,36.0,Isfahan,2024-03-23,Regular
106393,30.0,Karaj,2023-06-20,VIP
106394,44.0,Isfahan,2023-02-14,Regular
106395,45.0,Ahvaz,2024-05-09,Regular
106396,,Tabriz,2023-03-14,Regular
106397,45.0,Ahvaz,2025-11-23,Regular
106398,25.0,Karaj,2025-07-07,Regular
106399,45.0,Tehran,2025-10-10,Regular
106400,62.0,Kerman,2023-04-23,Regular
106401,43.0,Qom,2024-05-24,Regular
106402,54.0,Shiraz,2025-06-21,Regular
106403,32.0,Tehran,2024-09-22,Regular
106404,62.0,Tehran,2023-12-02,Regular
106405,57.0,Tabriz,2025-06-29,Regular
106406,62.0,Isfahan,2023-12-05,Regular
106407,53.0,Tabriz,2025-12-02,Regular
106408,49.0,Mashhad,2023-04-21,Regular
106409,43.0,Shiraz,2025-02-12,Regular
106410,62.0,Tehran,2023-01-15,Regular
106411,58.0,Tehran,2025-09-28,New
106412,38.0,Tehran,2024-01-25,New
106413,22.0,Qom,2023-01-23,Regular
106414,18.0,Shiraz,2025-07-03,VIP
106415,29.0,Rasht,2025-11-25,Regular
106416,21.0,Karaj,2025-10-04,VIP
106417,28.0,Karaj,2024-06-15,Regular
106418,23.0,Isfahan,2023-03-09,New
106419,65.0,Qom,2023-09-07,Regular
106420,22.0,Rasht,2023-02-03,New
106421,48.0,Karaj,2023-02-18,New
106422,34.0,Tehran,2023-06-23,VIP
106423,26.0,Tabriz,2024-09-08,Regular
106424,51.0,Tehran,2025-04-19,New
106425,64.0,Tehran,2024-10-02,Regular
106426,55.0,Karaj,2023-08-13,Regular
106427,64.0,Ahvaz,2024-10-20,Regular
106428,46.0,Tehran,2023-09-10,New
106429,50.0,Tehran,2024-05-19,Regular
106430,25.0,Ahvaz,2025-08-31,Regular
106431,58.0,Tehran,2023-05-28,Regular
106432,53.0,Tehran,2025-08-16,VIP
106433,30.0,Karaj,2023-10-24,Regular
106434,35.0,Ahvaz,2025-01-03,Regular
106435,47.0,Shiraz,2023-10-14,VIP
106436,18.0,Shiraz,2023-06-29,New
106437,57.0,Mashhad,2024-05-08,New
106438,31.0,Tehran,2024-02-22,Regular
106439,21.0,Karaj,2024-07-09,VIP
106440,33.0,Ahvaz,2023-09-16,New
106441,58.0,Mashhad,2025-12-07,New
106442,,Tehran,2025-01-05,Regular
106443,43.0,Tehran,2025-07-09,Regular
106444,56.0,Tehran,2025-05-04,New
106445,19.0,Mashhad,2025-03-03,Regular
106446,,Tehran,2023-06-05,New
106447,31.0,Qom,2024-10-05,VIP
106448,51.0,Tehran,2025-09-10,Regular
106449,27.0,Karaj,2023-04-16,Regular
106450,24.0,Shiraz,2024-05-21,Regular
106451,55.0,Ahvaz,2023-07-21,Regular
106452,56.0,Kerman,2025-05-20,VIP
106453,65.0,Mashhad,2025-10-16,New
106454,50.0,Tehran,2023-02-26,New
106455,40.0,Karaj,2025-05-27,Regular
106456,27.0,Tehran,2024-01-30,New
106457,32.0,Tehran,2025-11-21,Regular
106458,49.0,Tehran,2023-01-17,Regular
106459,34.0,Rasht,2023-07-29,New
106460,41.0,Tehran,2025-02-25,Regular
106461,26.0,Isfahan,2025-05-02,Regular
106462,39.0,Isfahan,2023-03-28,Regular
106463,29.0,Tabriz,2023-06-25,New
106464,23.0,Mashhad,2024-01-06,VIP
106465,24.0,Ahvaz,2023-02-08,Regular
106466,42.0,Karaj,2025-05-06,Regular
106467,35.0,Isfahan,2025-01-03,Regular
106468,22.0,Mashhad,2025-03-31,Regular
106469,42.0,Qom,2024-05-29,New
106470,25.0,Karaj,2024-12-02,Regular
106471,18.0,Mashhad,2024-09-19,New
106472,24.0,Mashhad,2025-01-29,VIP
106473,39.0,Tehran,2024-05-08,New
106474,63.0,Tehran,2024-12-14,Regular
106475,29.0,Tehran,2024-12-07,Regular
106476,31.0,Tehran,2024-12-03,Regular
106477,29.0,Tehran,2025-08-13,Regular
106478,35.0,Ahvaz,2024-01-18,Regular
106479,52.0,Qom,2025-08-20,Regular
106480,33.0,Ahvaz,2023-01-31,VIP
106481,49.0,Tabriz,2024-06-16,Regular
106482,61.0,Tabriz,2024-04-28,Regular
106483,63.0,Tehran,2025-08-08,Regular
106484,45.0,Karaj,2023-02-19,New
106485,52.0,Mashhad,2023-08-26,New
106486,62.0,Shiraz,2024-05-28,New
106487,55.0,Kerman,2025-06-11,Regular
106488,32.0,Ahvaz,2024-05-23,Regular
106489,24.0,Tehran,2024-11-30,New
106490,23.0,Karaj,2023-07-15,New
106491,60.0,Tehran,2025-10-29,New
106492,44.0,Tehran,2025-05-08,Regular
106493,32.0,Tehran,2023-02-17,New
106494,34.0,Tehran,2025-02-10,Regular
106495,31.0,Karaj,2023-05-22,VIP
106496,56.0,Mashhad,2024-09-04,Regular
106497,47.0,Tehran,2025-02-14,Regular
106498,60.0,Kerman,2025-10-10,VIP
106499,32.0,Shiraz,2023-03-19,Regular
106500,40.0,Mashhad,2023-11-11,Regular
106501,23.0,Shiraz,2025-01-25,Regular
106502,64.0,Shiraz,2023-10-14,Regular
106503,42.0,Isfahan,2025-02-19,Regular
106504,44.0,,2023-07-20,New
106505,37.0,Ahvaz,2023-06-29,Regular
106506,31.0,Mashhad,2024-08-19,Regular
106507,63.0,Isfahan,2025-01-24,Regular
106508,41.0,Tehran,2023-08-13,Regular
106509,50.0,Ahvaz,2025-08-14,Regular
106510,19.0,Mashhad,2025-08-09,Regular
106511,,Tehran,2023-03-30,Regular
106512,56.0,Kerman,2023-11-30,Regular
106513,22.0,Shiraz,2024-08-31,Regular
106514,22.0,Tehran,2024-06-21,Regular
106515,56.0,Tehran,2023-10-07,VIP
106516,32.0,tehran,2024-08-02,New
106517,31.0,Kerman,2025-11-20,Regular
106518,45.0,Isfahan,2023-12-03,New
106519,27.0,Tehran,2023-08-28,VIP
106520,20.0,Shiraz,2025-03-19,Regular
106521,18.0,Mashhad,2024-09-16,Regular
106522,21.0,Tehran,2025-01-27,Regular
106523,25.0,Ahvaz,2024-12-08,Regular
106524,51.0,Tehran,2025-04-13,Regular
106525,32.0,Rasht,2025-03-09,New
106526,21.0,Qom,2024-10-25,New
106527,18.0,Tehran,2024-05-12,New
106528,40.0,Karaj,2024-05-18,Regular
106529,58.0,Karaj,2023-10-18,Regular
106530,34.0,Tabriz,2024-05-06,New
106531,21.0,Shiraz,2024-10-24,Regular
106532,28.0,Tehran,2025-02-23,New
106533,41.0,Tehran,2025-04-26,New
106534,27.0,Karaj,2024-02-17,Regular
106535,64.0,Tehran,2025-03-13,Regular
106536,54.0,Tehran,2024-04-23,New
106537,34.0,Isfahan,2024-01-28,VIP
106538,63.0,Tehran,2023-06-29,Regular
106539,33.0,Qom,2023-10-19,Regular
106540,24.0,Qom,2025-01-14,New
106541,63.0,Ahvaz,2023-08-25,Regular
106542,64.0,Tehran,2023-03-26,Regular
106543,33.0,Isfahan,2023-10-25,Regular
106544,46.0,Ahvaz,2025-12-20,New
106545,26.0,Mashhad,2023-06-14,Regular
106546,48.0,Karaj,2023-06-07,Regular
106547,51.0,Shiraz,2024-03-17,New
106548,52.0,Mashhad,2024-02-24,Regular
106549,45.0,Tehran,2025-10-04,New
106550,51.0,Tabriz,2023-09-18,Regular
106551,44.0,Tehran,2024-04-01,Regular
106552,57.0,Ahvaz,2023-11-15,Regular
106553,26.0,Shiraz,2023-10-01,VIP
106554,41.0,Tehran,2023-12-20,Regular
106555,37.0,Karaj,2023-10-09,New
106556,43.0,Isfahan,2025-02-25,Regular
106557,24.0,Tehran,2025-05-15,Regular
106558,33.0,Kerman,2023-07-13,Regular
106559,63.0,Karaj,2024-06-27,Regular
106560,23.0,Shiraz,2023-10-16,Regular
106561,48.0,Ahvaz,2025-08-08,VIP
106562,49.0,Shiraz,2023-04-21,New
106563,40.0,Isfahan,2024-03-24,New
106564,19.0,Tehran,2023-12-29,New
106565,19.0,Tehran,2024-02-02,Regular
106566,31.0,Isfahan,2025-10-27,New
106567,22.0,Isfahan,2024-08-15,New
106568,22.0,Karaj,2024-02-21,VIP
106569,25.0,Isfahan,2025-06-03,New
106570,27.0,Shiraz,2025-05-01,New
106571,58.0,Ahvaz,2023-06-08,Regular
106572,48.0,Kerman,2024-05-20,New
106573,19.0,Mashhad,2024-03-27,New
106574,48.0,Rasht,2024-05-07,New
106575,24.0,Qom,2024-01-18,New
106576,38.0,Tehran,2025-06-21,Regular
106577,19.0,Mashhad,2025-12-26,Regular
106578,22.0,Tehran,2023-01-30,Regular
106579,24.0,Tabriz,2025-07-27,Regular
106580,38.0,Shiraz,2025-08-05,Regular
106581,40.0,Isfahan,2024-02-05,VIP
106582,,Karaj,2024-06-15,Regular
106583,47.0,Mashhad,2023-04-22,New
106584,52.0,Mashhad,2024-01-20,New
106585,52.0,Ahvaz,2023-09-18,New
106586,45.0,Kerman,2025-09-19,Regular
106587,44.0,Karaj,2023-04-28,Regular
106588,41.0,Tehran,2024-01-08,New
106589,29.0,Tehran,2024-06-10,New
106590,41.0,Tehran,2025-12-06,Regular
106591,18.0,Isfahan,2025-06-13,Regular
106592,64.0,Tehran,2025-10-22,New
106593,35.0,Rasht,2023-12-06,Regular
106594,54.0,Tabriz,2023-10-21,Regular
106595,63.0,Isfahan,2024-09-17,Regular
106596,41.0,Tehran,2024-01-08,Regular
106597,59.0,Mashhad,2023-01-18,Regular
106598,41.0,Isfahan,2025-06-08,New
106599,24.0,Karaj,2023-04-14,VIP
106600,19.0,Tehran,2023-08-03,Regular
106601,24.0,Ahvaz,2025-10-29,Regular
106602,63.0,Tehran,2025-03-12,Regular
106603,40.0,Tehran,2024-12-04,VIP
106604,33.0,Kerman,2023-05-22,New
106605,39.0,Tehran,2023-10-02,New
106606,30.0,Tehran,2023-08-14,Regular
106607,59.0,Tabriz,2024-12-03,New
106608,65.0,Mashhad,2024-07-02,Regular
106609,,Tehran,2024-01-30,Regular
106610,52.0,Tehran,2025-03-27,New
106611,34.0,Tehran,2025-05-01,New
106612,20.0,Shiraz,2025-03-20,Regular
106613,62.0,Tehran,2023-04-26,New
106614,20.0,Karaj,2024-10-28,New
106615,27.0,Ahvaz,2023-08-18,Regular
106616,19.0,Tehran,2023-10-25,New
106617,40.0,Mashhad,2025-12-07,Regular
106618,46.0,Tehran,2024-03-30,VIP
106619,33.0,Mashhad,2025-05-12,Regular
106620,21.0,Tehran,2023-09-27,Regular
106621,23.0,Qom,2025-11-30,Regular
106622,62.0,Mashhad,2023-10-31,VIP
106623,56.0,Isfahan,2023-07-19,Regular
106624,62.0,Tabriz,2023-12-20,Regular
106625,43.0,Qom,2023-07-09,New
106626,44.0,Mashhad,2024-10-17,New
106627,55.0,Tehran,2023-06-07,New
106628,47.0,Kerman,2023-08-16,New
106629,38.0,Mashhad,2025-02-07,New
106630,32.0,Tabriz,2023-02-16,Regular
106631,41.0,Tabriz,2024-04-27,New
106632,21.0,Shiraz,2025-01-28,New
106633,27.0,Tehran,2024-05-02,Regular
106634,53.0,Tehran,2023-01-24,VIP
106635,59.0,Isfahan,2023-06-23,New
106636,22.0,Shiraz,2025-11-29,New
106637,22.0,Karaj,2025-04-25,Regular
106638,22.0,Karaj,2024-01-19,VIP
106639,55.0,Rasht,2025-08-14,Regular
106640,32.0,Kerman,2023-01-08,Regular
106641,33.0,Karaj,2023-02-21,Regular
106642,18.0,Tehran,2025-08-26,Regular
106643,64.0,Mashhad,2025-01-08,New
106644,38.0,Tabriz,2024-10-18,Regular
106645,56.0,Shiraz,2024-01-13,Regular
106646,51.0,Tehran,2025-06-14,Regular
106647,24.0,Shiraz,2024-10-27,New
106648,56.0,Mashhad,2024-04-21,Regular
106649,44.0,Mashhad,2024-02-21,Regular
106650,47.0,Ahvaz,2024-01-23,New
106651,27.0,Isfahan,2024-09-21,New
106652,58.0,Shiraz,2024-12-18,New
106653,62.0,Shiraz,2025-05-31,VIP
106654,37.0,Shiraz,2024-03-20,New
106655,22.0,Tehran,2023-10-05,Regular
106656,58.0,Shiraz,2024-09-01,Regular
106657,60.0,Mashhad,2024-09-30,Regular
106658,42.0,Tabriz,2023-11-01,VIP
106659,45.0,Tehran,2023-03-22,VIP
106660,28.0,Kerman,2023-12-31,Regular
106661,21.0,Karaj,2023-03-19,Regular
106662,63.0,Isfahan,2023-03-31,New
106663,41.0,Mashhad,2025-11-23,New
106664,31.0,Mashhad,2025-05-05,Regular
106665,51.0,Karaj,2023-02-08,New
106666,19.0,Tabriz,2024-01-17,Regular
106667,,Karaj,2023-10-06,New
106668,29.0,Ahvaz,2025-12-03,Regular
106669,39.0,Isfahan,2024-04-24,New
106670,35.0,Tabriz,2023-10-12,New
106671,26.0,Isfahan,2024-11-26,Regular
106672,34.0,Tabriz,2024-06-04,Regular
106673,34.0,Isfahan,2023-07-25,Regular
106674,43.0,Karaj,2023-12-01,Regular
106675,45.0,Tehran,2023-05-20,Regular
106676,60.0,Tehran,2025-01-29,New
106677,56.0,Mashhad,2025-11-28,New
106678,32.0,Rasht,2025-06-04,Regular
106679,61.0,Isfahan,2024-02-16,New
106680,42.0,Mashhad,2024-06-17,Regular
106681,27.0,Mashhad,2023-03-08,VIP
106682,34.0,Isfahan,2024-02-06,New
106683,53.0,,2023-02-05,Regular
106684,57.0,Kerman,2025-03-26,Regular
106685,35.0,Ahvaz,2025-09-22,New
106686,25.0,Ahvaz,2023-07-29,Regular
106687,27.0,Tehran,2025-01-08,Regular
106688,22.0,Tehran,2024-10-18,VIP
106689,51.0,Shiraz,2024-04-02,New
106690,42.0,Tabriz,2025-03-14,Regular
106691,39.0,Tehran,2025-01-14,New
106692,50.0,Karaj,2023-10-22,New
106693,57.0,Tehran,2025-05-24,Regular
106694,56.0,Tehran,2024-12-18,Regular
106695,24.0,Mashhad,2023-12-09,Regular
106696,46.0,Ahvaz,2025-03-16,VIP
106697,60.0,Karaj,2024-12-02,New
106698,55.0,Shiraz,2023-05-09,Regular
106699,33.0,Qom,2023-07-02,New
106700,36.0,Qom,2023-12-21,Regular
106701,60.0,Mashhad,2023-02-18,New
106702,19.0,Qom,2024-03-20,New
106703,43.0,Tehran,2024-05-20,Regular
106704,23.0,Isfahan,2025-04-29,Regular
106705,60.0,Tehran,2023-07-07,Regular
106706,19.0,Isfahan,2024-09-13,VIP
106707,19.0,Shiraz,2024-12-28,Regular
106708,33.0,Tehran,2024-05-07,Regular
106709,27.0,Isfahan,2025-09-20,VIP
106710,41.0,Tabriz,2023-12-16,Regular
106711,32.0,Tabriz,2024-03-22,New
106712,35.0,Tehran,2023-01-05,Regular
106713,,Tehran,2024-03-25,Regular
106714,44.0,Mashhad,2023-01-23,Regular
106715,62.0,Ahvaz,2025-12-13,Regular
106716,41.0,Ahvaz,2023-09-21,New
106717,45.0,Mashhad,2025-06-08,Regular
106718,50.0,Karaj,2023-05-08,New
106719,26.0,Shiraz,2023-10-28,Regular
106720,50.0,Kerman,2023-05-11,Regular
106721,59.0,Tehran,2024-02-08,VIP
106722,,Shiraz,2024-10-21,New
106723,26.0,Shiraz,2024-04-04,Regular
106724,34.0,Mashhad,2024-10-24,New
106725,31.0,Tehran,2025-06-01,Regular
106726,46.0,Tehran,2023-02-19,Regular
106727,59.0,Isfahan,2024-04-09,Regular
106728,46.0,Karaj,2024-10-12,Regular
106729,24.0,Karaj,2024-07-27,VIP
106730,33.0,Tehran,2023-06-09,New
106731,51.0,,2023-08-15,Regular
106732,33.0,Mashhad,2024-02-18,Regular
106733,46.0,Kerman,2024-12-14,New
106734,51.0,Tehran,2025-12-19,Regular
106735,33.0,Ahvaz,2024-02-08,Regular
106736,,Rasht,2024-07-25,Regular
106737,37.0,Qom,2023-12-02,Regular
106738,24.0,Qom,2023-02-07,Regular
106739,35.0,Mashhad,2024-03-12,VIP
106740,39.0,Karaj,2024-01-16,New
106741,18.0,Shiraz,2023-06-14,Regular
106742,60.0,Isfahan,2025-01-04,Regular
106743,43.0,Kerman,2023-10-11,New
106744,19.0,Mashhad,2023-09-03,Regular
106745,59.0,Isfahan,2024-03-02,Regular
106746,59.0,Rasht,2025-11-22,New
106747,18.0,Mashhad,2024-11-27,Regular
106748,25.0,Tehran,2024-04-10,Regular
106749,35.0,Mashhad,2025-06-17,New
106750,42.0,Karaj,2023-01-24,New
106751,52.0,Ahvaz,2024-01-04,Regular
106752,38.0,Tehran,2024-08-14,Regular
106753,47.0,Tabriz,2024-06-19,Regular
106754,18.0,Shiraz,2025-01-10,Regular
106755,49.0,Tabriz,2025-02-07,New
106756,61.0,Tabriz,2024-05-14,Regular
106757,43.0,Kerman,2025-10-14,New
106758,39.0,Mashhad,2025-10-13,VIP
106759,32.0,Mashhad,2024-06-04,Regular
106760,63.0,Shiraz,2025-09-14,New
106761,19.0,Isfahan,2024-12-02,Regular
106762,31.0,Isfahan,2023-06-02,VIP
106763,24.0,Tehran,2023-05-11,Regular
106764,59.0,Tehran,2023-03-29,Regular
106765,41.0,Mashad,2023-08-20,New
106766,62.0,Mashad,2023-12-08,Regular
106767,49.0,Shiraz,2023-03-17,Regular
106768,44.0,Karaj,2024-10-27,Regular
106769,42.0,Tehran,2024-03-26,New
106770,27.0,Tehran,2024-10-20,VIP
106771,44.0,Mashhad,2024-07-04,Regular
106772,50.0,Isfahan,2023-10-25,New
106773,64.0,Mashhad,2024-11-04,New
106774,44.0,Tabriz,2025-11-07,New
106775,63.0,Tehran,2023-12-13,Regular
106776,63.0,Tehran,2023-12-03,New
106777,43.0,Tehran,2024-07-19,Regular
106778,39.0,Mashhad,2025-05-30,New
106779,24.0,Mashhad,2024-08-04,New
106780,,Rasht,2025-06-30,New
106781,60.0,Tehran,2023-03-23,Regular
106782,24.0,Shiraz,2023-04-18,Regular
106783,37.0,Shiraz,2024-03-20,Regular
106784,51.0,Karaj,2023-09-12,Regular
106785,29.0,Tabriz,2023-01-26,Regular
106786,64.0,Tehran,2023-08-24,Regular
106787,49.0,Tabriz,2023-10-24,New
106788,19.0,Mashhad,2025-10-04,Regular
106789,29.0,Karaj,2025-05-06,New
106790,53.0,Tehran,2024-01-20,Regular
106791,59.0,Karaj,2025-11-15,Regular
106792,62.0,Tabriz,2025-07-04,Regular
106793,58.0,Tabriz,2023-10-02,Regular
106794,21.0,Tehran,2024-06-07,Regular
106795,53.0,Tabriz,2025-10-06,New
106796,23.0,Karaj,2024-05-15,VIP
106797,21.0,Isfahan,2024-02-11,New
106798,51.0,Mashhad,2025-09-16,New
106799,40.0,Tehran,2024-12-24,New
106800,49.0,Mashhad,2024-04-27,VIP
106801,58.0,Karaj,2025-08-10,VIP
106802,21.0,Mashhad,2025-03-26,New
106803,43.0,Karaj,2024-01-16,New
106804,58.0,Karaj,2024-04-09,Regular
106805,39.0,Tabriz,2023-02-21,New
106806,43.0,Tabriz,2023-04-22,New
106807,41.0,Tabriz,2025-11-11,Regular
106808,61.0,Shiraz,2023-02-28,Regular
106809,20.0,Tehran,2025-07-05,Regular
106810,60.0,Ahvaz,2023-08-17,Regular
106811,57.0,Kerman,2024-08-16,Regular
106812,57.0,Isfahan,2025-03-01,Regular
106813,37.0,Rasht,2025-12-21,New
106814,42.0,Kerman,2024-02-14,New
106815,35.0,Isfahan,2025-10-09,Regular
106816,30.0,Karaj,2024-05-12,New
106817,60.0,Tabriz,2025-08-07,Regular
106818,,Tehran,2023-04-22,New
106819,52.0,Tehran,2023-10-21,New
106820,22.0,Isfahan,2024-11-13,Regular
106821,55.0,Qom,2025-02-12,New
106822,49.0,Mashhad,2025-05-29,Regular
106823,65.0,Qom,2024-01-27,Regular
106824,24.0,Tabriz,2024-11-15,Regular
106825,43.0,Karaj,2024-11-10,Regular
106826,42.0,Mashhad,2025-12-14,New
106827,43.0,Isfahan,2023-05-09,Regular
106828,20.0,Tehran,2023-01-18,VIP
106829,40.0,Tehran,2024-09-21,New
106830,32.0,Tehran,2023-01-18,Regular
106831,47.0,Tehran,2023-08-03,Regular
106832,29.0,Tehran,2024-07-01,Regular
106833,38.0,Shiraz,2023-10-21,New
106834,47.0,Isfahan,2023-10-19,New
106835,21.0,Tehran,2024-01-15,New
106836,55.0,Ahvaz,2025-01-21,New
106837,52.0,Shiraz,2024-02-05,Regular
106838,20.0,,2025-05-18,Regular
106839,21.0,Tabriz,2023-06-24,Regular
106840,58.0,Tehran,2023-04-23,Regular
106841,31.0,Rasht,2023-07-02,New
106842,59.0,Ahvaz,2025-10-01,Regular
106843,41.0,Tabriz,2023-10-31,Regular
106844,34.0,Shiraz,2023-02-02,Regular
106845,31.0,Isfahan,2023-12-12,Regular
106846,49.0,Isfahan,2025-01-23,Regular
106847,23.0,Karaj,2024-02-01,New
106848,37.0,Shiraz,2024-02-26,VIP
106849,34.0,Tehran,2023-04-05,New
106850,25.0,Tehran,2024-12-31,New
106851,,Tehran,2023-08-30,Regular
106852,43.0,Tehran,2023-04-17,New
106853,50.0,Mashhad,2025-02-21,New
106854,22.0,Rasht,2025-10-23,VIP
106855,59.0,Tehran,2024-10-30,New
106856,60.0,Mashhad,2025-10-23,New
106857,51.0,Tehran,2024-03-16,New
106858,62.0,Shiraz,2024-07-22,New
106859,38.0,Tabriz,2024-01-27,VIP
106860,57.0,Shiraz,2024-07-11,Regular
106861,52.0,Kerman,2025-09-04,VIP
106862,45.0,Kerman,2024-11-26,Regular
106863,26.0,Ahvaz,2023-01-30,Regular
106864,44.0,Qom,2024-09-27,Regular
106865,61.0,Mashhad,2024-02-18,Regular
106866,,Shiraz,2024-08-18,Regular
106867,39.0,Mashhad,2024-09-02,Regular
106868,29.0,Qom,2024-10-07,Regular
106869,53.0,Tehran,2025-08-06,Regular
106870,21.0,Tehran,2025-07-29,Regular
106871,25.0,Tehran,2025-11-29,New
106872,44.0,Tabriz,2024-10-31,Regular
106873,65.0,Karaj,2023-11-09,Regular
106874,33.0,Tehran,2023-08-03,Regular
106875,39.0,Shiraz,2025-07-19,Regular
106876,33.0,Mashhad,2025-09-27,Regular
106877,39.0,Qom,2023-02-10,Regular
106878,18.0,Tehran,2023-08-25,New
106879,46.0,Tehran,2025-01-13,Regular
106880,46.0,Tabriz,2023-06-30,New
106881,33.0,Shiraz,2023-02-24,New
106882,30.0,Ahvaz,2025-12-27,New
106883,54.0,Shiraz,2023-04-16,Regular
106884,27.0,Rasht,2023-08-22,Regular
106885,20.0,Mashad,2025-12-18,New
106886,19.0,Mashhad,2023-04-20,Regular
106887,60.0,Kerman,2025-05-25,Regular
106888,35.0,Tehran,2024-09-07,Regular
106889,22.0,Qom,2024-08-14,Regular
106890,60.0,Tehran,2025-06-24,Regular
106891,25.0,Isfahan,2023-01-24,Regular
106892,34.0,Tehran,2023-03-08,New
106893,18.0,Shiraz,2023-08-03,New
106894,50.0,Qom,2024-06-20,Regular
106895,51.0,Tehran,2025-11-19,VIP
106896,54.0,Tehran,2023-03-17,Regular
106897,30.0,Mashhad,2024-04-05,Regular
106898,33.0,Tehran,2024-04-14,New
106899,63.0,Mashhad,2023-08-04,Regular
106900,57.0,Kerman,2024-01-12,Regular
106901,19.0,Tehran,2023-08-09,Regular
106902,51.0,Isfahan,2023-05-31,Regular
106903,57.0,Isfahan,2024-07-24,New
106904,44.0,Mashhad,2025-10-16,New
106905,48.0,Tehran,2024-03-18,New
106906,18.0,Karaj,2024-11-26,Regular
106907,19.0,Tabriz,2025-01-03,Regular
106908,19.0,Qom,2025-07-12,New
106909,25.0,Mashhad,2025-06-22,VIP
106910,65.0,Tabriz,2025-09-19,Regular
106911,48.0,Rasht,2025-06-10,Regular
106912,55.0,Ahvaz,2025-10-15,VIP
106913,32.0,Rasht,2025-11-23,Regular
106914,63.0,Tehran,2025-03-30,New
106915,27.0,Kerman,2024-06-24,VIP
106916,61.0,Qom,2023-12-03,Regular
106917,19.0,Qom,2024-09-17,New
106918,18.0,Tabriz,2025-06-26,New
106919,21.0,Mashad,2025-04-05,Regular
106920,56.0,Isfahan,2024-07-23,VIP
106921,30.0,Karaj,2023-03-25,Regular
106922,39.0,Karaj,2023-10-25,Regular
106923,40.0,Karaj,2024-09-24,New
106924,55.0,Karaj,2024-02-27,Regular
106925,34.0,Tehran,2024-05-14,New
106926,18.0,Mashhad,2023-11-26,Regular
106927,36.0,Mashhad,2023-03-25,Regular
106928,31.0,Karaj,2024-05-25,New
106929,53.0,Karaj,2024-05-02,VIP
106930,54.0,Ahvaz,2025-05-05,VIP
106931,22.0,Qom,2023-05-03,Regular
106932,56.0,Shiraz,2024-06-14,Regular
106933,21.0,Tehran,2025-07-23,Regular
106934,47.0,Tabriz,2023-10-21,New
106935,36.0,Ahvaz,2023-12-13,New
106936,32.0,Tabriz,2023-04-06,Regular
106937,41.0,Rasht,2024-09-21,Regular
106938,32.0,Kerman,2025-07-26,Regular
106939,56.0,Mashhad,2024-06-11,Regular
106940,64.0,Karaj,2024-04-02,Regular
106941,57.0,Shiraz,2025-03-31,New
106942,39.0,Isfahan,2024-04-28,New
106943,42.0,Tehran,2024-03-12,New
106944,39.0,Tehran,2025-04-16,Regular
106945,56.0,Tehran,2023-11-08,Regular
106946,44.0,Tabriz,2025-07-19,Regular
106947,40.0,Tehran,2023-10-21,Regular
106948,37.0,Isfahan,2024-07-13,Regular
106949,36.0,Shiraz,2023-10-02,New
106950,44.0,Isfahan,2024-11-23,Regular
106951,51.0,Ahvaz,2024-04-20,VIP
106952,38.0,Isfahan,2023-09-19,New
106953,56.0,Tehran,2025-03-25,Regular
106954,57.0,Kerman,2025-10-20,New
106955,38.0,Ahvaz,2023-01-31,New
106956,61.0,Tabriz,2024-09-13,Regular
106957,26.0,Karaj,2025-02-25,Regular
106958,62.0,Tehran,2025-02-26,Regular
106959,32.0,Karaj,2023-08-30,Regular
106960,,Tehran,2023-05-06,Regular
106961,31.0,Isfahan,2024-07-16,Regular
106962,39.0,Tehran,2024-11-28,New
106963,34.0,Karaj,2023-11-13,Regular
106964,51.0,Tehran,2024-02-09,Regular
106965,21.0,Tehran,2024-08-05,Regular
106966,58.0,Tehran,2024-05-07,Regular
106967,61.0,Karaj,2024-06-13,Regular
106968,45.0,Mashhad,2025-01-16,New
106969,44.0,Shiraz,2025-12-13,New
106970,51.0,Mashhad,2025-05-21,Regular
106971,27.0,Karaj,2023-01-09,Regular
106972,53.0,Tehran,2024-01-18,Regular
106973,28.0,Rasht,2023-01-11,VIP
106974,50.0,,2025-08-14,Regular
106975,32.0,Tehran,2024-12-06,New
106976,53.0,Tehran,2023-08-28,Regular
106977,55.0,Tehran,2025-07-07,Regular
106978,28.0,Isfahan,2024-09-08,Regular
106979,47.0,Tehran,2023-02-26,Regular
106980,41.0,Ahvaz,2023-06-15,Regular
106981,32.0,Shiraz,2025-06-05,New
106982,46.0,Tehran,2023-11-13,New
106983,65.0,Isfahan,2024-07-28,New
106984,18.0,Tehran,2025-09-07,Regular
106985,63.0,Tehran,2023-11-13,Regular
106986,59.0,Mashhad,2023-01-13,New
106987,43.0,Tehran,2023-04-02,New
106988,47.0,Tehran,2025-09-29,Regular
106989,35.0,Rasht,2024-10-18,Regular
106990,24.0,Tabriz,2023-12-26,Regular
106991,45.0,Rasht,2023-03-28,Regular
106992,57.0,Tehran,2025-01-31,Regular
106993,29.0,Ahvaz,2023-02-13,Regular
106994,52.0,Mashhad,2023-04-11,Regular
106995,53.0,Tehran,2024-10-12,New
106996,54.0,Qom,2024-12-03,VIP
106997,34.0,Tehran,2024-09-15,Regular
106998,36.0,Mashhad,2025-09-22,Regular
106999,37.0,Qom,2023-10-22,New
107000,59.0,Tabriz,2024-08-30,VIP
107001,61.0,Shiraz,2023-12-02,Regular
107002,37.0,Mashhad,2024-02-01,Regular
107003,64.0,Tehran,2023-06-14,Regular
107004,45.0,Kerman,2025-05-18,New
107005,36.0,Tehran,2025-02-09,New
107006,18.0,Tehran,2025-02-19,New
107007,47.0,Tehran,2023-06-05,New
107008,48.0,Rasht,2023-05-09,Regular
107009,64.0,Karaj,2025-05-06,Regular
107010,52.0,Isfahan,2024-12-29,Regular
107011,19.0,Kerman,2023-02-02,Regular
107012,45.0,Tehran,2024-12-28,New
107013,53.0,Rasht,2025-12-09,Regular
107014,41.0,Tehran,2025-04-03,Regular
107015,38.0,Mashhad,2023-11-01,Regular
107016,56.0,Tehran,2023-12-13,New
107017,47.0,Kerman,2025-04-03,VIP
107018,,Rasht,2024-03-15,Regular
107019,40.0,Shiraz,2025-03-17,Regular
107020,31.0,Tehran,2025-11-17,Regular
107021,42.0,Tehran,2024-03-20,Regular
107022,64.0,Isfahan,2024-09-19,VIP
107023,46.0,Mashhad,2024-06-20,VIP
107024,51.0,,2024-07-10,Regular
107025,23.0,Tabriz,2023-03-24,Regular
107026,65.0,Tabriz,2025-12-16,VIP
107027,29.0,Rasht,2024-08-15,Regular
107028,64.0,Isfahan,2023-09-09,New
107029,39.0,Mashhad,2024-09-20,Regular
107030,62.0,Shiraz,2024-03-11,Regular
107031,60.0,Tehran,2025-06-18,Regular
107032,54.0,Tabriz,2025-04-12,Regular
107033,61.0,Karaj,2024-02-23,Regular
107034,47.0,Tehran,2025-02-19,VIP
107035,58.0,Mashhad,2023-02-06,Regular
107036,26.0,Ahvaz,2025-11-24,New
107037,21.0,Isfahan,2024-07-13,Regular
107038,44.0,Shiraz,2024-12-17,Regular
107039,56.0,Karaj,2024-12-07,New
107040,54.0,Shiraz,2023-12-09,Regular
107041,43.0,Tehran,2025-01-25,VIP
107042,43.0,Qom,2024-03-11,New
107043,47.0,Rasht,2025-01-15,Regular
107044,59.0,Tehran,2023-04-09,Regular
107045,58.0,Tehran,2023-06-09,Regular
107046,23.0,Karaj,2025-10-08,Regular
107047,46.0,Tabriz,2025-03-16,Regular
107048,36.0,Mashhad,2023-05-21,Regular
107049,56.0,Shiraz,2023-08-23,VIP
107050,42.0,Karaj,2024-08-20,New
107051,65.0,Isfahan,2023-01-07,Regular
107052,38.0,Tehran,2024-03-15,Regular
107053,50.0,Tehran,2023-12-24,New
107054,,Isfahan,2023-05-27,Regular
107055,62.0,Rasht,2023-11-25,Regular
107056,25.0,Shiraz,2023-11-17,New
107057,36.0,Mashhad,2023-03-15,New
107058,58.0,Rasht,2024-11-24,New
107059,64.0,Mashhad,2023-10-26,Regular
107060,41.0,Isfahan,2023-02-04,Regular
107061,41.0,Tehran,2023-01-25,Regular
107062,20.0,Karaj,2025-11-23,Regular
107063,64.0,Karaj,2023-05-10,Regular
107064,18.0,Qom,2025-09-22,VIP
107065,19.0,Mashhad,2023-07-02,Regular
107066,40.0,Isfahan,2023-04-03,New
107067,18.0,Tehran,2024-08-20,Regular
107068,25.0,Kerman,2025-08-08,Regular
107069,48.0,Tehran,2023-03-20,Regular
107070,51.0,Tabriz,2023-12-26,New
107071,32.0,Karaj,2025-04-04,New
107072,56.0,Tehran,2023-03-15,VIP
107073,47.0,Mashhad,2023-07-05,Regular
107074,28.0,Tehran,2023-12-02,Regular
107075,52.0,Shiraz,2025-06-02,VIP
107076,46.0,Kerman,2025-06-04,New
107077,56.0,Isfahan,2025-02-15,VIP
107078,25.0,Kerman,2024-12-30,Regular
107079,29.0,Tehran,2023-01-29,Regular
107080,32.0,Mashhad,2023-09-19,New
107081,34.0,tehran,2025-10-06,New
107082,60.0,Ahvaz,2025-02-26,Regular
107083,53.0,Mashhad,2023-09-21,New
107084,44.0,Tabriz,2025-02-14,New
107085,43.0,Ahvaz,2025-03-04,New
107086,60.0,Karaj,2025-03-24,Regular
107087,39.0,Tabriz,2025-12-09,VIP
107088,28.0,Tehran,2024-08-15,New
107089,24.0,Tehran,2023-03-07,New
107090,33.0,Tabriz,2025-06-15,Regular
107091,49.0,Isfahan,2023-01-17,Regular
107092,40.0,Tehran,2024-12-03,Regular
107093,38.0,Mashhad,2025-05-22,VIP
107094,41.0,Mashhad,2023-05-18,New
107095,64.0,Isfahan,2025-05-23,Regular
107096,65.0,Mashhad,2025-06-06,VIP
107097,25.0,Mashhad,2024-12-16,Regular
107098,23.0,Tehran,2023-12-21,Regular
107099,29.0,Ahvaz,2023-08-10,VIP
107100,58.0,Tabriz,2025-02-11,New
107101,40.0,Tehran,2023-06-21,New
107102,59.0,Isfahan,2025-01-09,New
107103,49.0,Isfahan,2023-07-05,Regular
107104,44.0,Tabriz,2024-01-03,Regular
107105,31.0,Tabriz,2024-07-08,New
107106,34.0,Tabriz,2023-06-27,Regular
107107,25.0,Karaj,2025-05-20,Regular
107108,42.0,Tehran,2025-01-30,New
107109,31.0,Mashhad,2023-01-18,Regular
107110,,Tehran,2025-07-18,Regular
107111,19.0,Isfahan,2025-02-23,Regular
107112,56.0,Isfahan,2025-07-06,Regular
107113,63.0,Karaj,2024-10-20,New
107114,41.0,Tehran,2024-11-17,Regular
107115,43.0,Tabriz,2024-02-24,Regular
107116,62.0,Mashhad,2023-09-07,New
107117,42.0,Mashhad,2023-09-15,New
107118,47.0,Karaj,2023-12-13,Regular
107119,38.0,Tehran,2023-11-15,Regular
107120,42.0,Mashhad,2025-04-06,Regular
107121,43.0,tehran,2024-07-28,New
107122,52.0,Karaj,2024-03-25,Regular
107123,47.0,Tehran,2025-03-05,Regular
107124,42.0,Rasht,2025-03-13,New
107125,21.0,Kerman,2025-10-20,New
107126,61.0,Qom,2023-12-05,Regular
107127,60.0,Mashhad,2023-09-24,Regular
107128,26.0,Tabriz,2023-01-07,New
107129,32.0,Tehran,2023-06-25,Regular
107130,64.0,Ahvaz,2024-10-22,New
107131,33.0,Shiraz,2025-06-05,Regular
107132,56.0,Tehran,2024-10-20,New
107133,55.0,Mashhad,2025-12-21,Regular
107134,59.0,Qom,2024-11-18,Regular
107135,18.0,Ahvaz,2025-08-24,Regular
107136,,Shiraz,2023-10-21,VIP
107137,45.0,Isfahan,2023-12-21,New
107138,58.0,Karaj,2025-06-07,New
107139,28.0,Qom,2024-12-24,New
107140,32.0,Karaj,2024-06-17,Regular
107141,26.0,Mashhad,2025-11-12,Regular
107142,54.0,Tabriz,2025-04-14,New
107143,65.0,Ahvaz,2023-11-20,Regular
107144,24.0,Tehran,2024-10-31,Regular
107145,29.0,Mashhad,2024-03-09,VIP
107146,32.0,Tehran,2024-03-31,Regular
107147,60.0,Mashhad,2025-05-31,VIP
107148,39.0,Karaj,2025-01-14,Regular
107149,31.0,,2023-01-14,VIP
107150,33.0,Shiraz,2024-09-21,Regular
107151,46.0,Tehran,2024-12-09,New
107152,36.0,Rasht,2024-07-13,Regular
107153,24.0,Qom,2023-11-25,Regular
107154,57.0,Shiraz,2024-12-11,New
107155,38.0,Karaj,2025-11-03,Regular
107156,30.0,Tehran,2023-04-05,Regular
107157,52.0,Ahvaz,2024-10-22,Regular
107158,53.0,Karaj,2025-09-23,New
107159,25.0,Tehran,2024-03-14,Regular
107160,21.0,Kerman,2024-01-02,Regular
107161,20.0,Tehran,2023-09-29,New
107162,54.0,Tabriz,2023-09-04,New
107163,48.0,Tehran,2024-03-04,New
107164,56.0,Karaj,2025-04-25,Regular
107165,48.0,Tehran,2023-07-19,New
107166,37.0,Tehran,2023-09-11,New
107167,46.0,Isfahan,2025-12-29,Regular
107168,52.0,Kerman,2025-12-26,Regular
107169,37.0,Tehran,2023-09-06,Regular
107170,61.0,Tabriz,2024-04-05,Regular
107171,61.0,Shiraz,2024-03-17,Regular
107172,56.0,Ahvaz,2023-11-21,New
107173,65.0,Mashhad,2023-06-17,Regular
107174,36.0,Shiraz,2023-03-09,New
107175,23.0,Kerman,2024-11-03,New
107176,41.0,Mashhad,2023-02-15,Regular
107177,53.0,Isfahan,2024-11-10,New
107178,55.0,Ahvaz,2023-04-15,New
107179,36.0,Mashhad,2023-06-19,Regular
107180,32.0,tehran,2023-01-06,Regular
107181,39.0,Mashhad,2024-03-11,New
107182,56.0,Qom,2023-12-25,Regular
107183,20.0,Rasht,2023-12-30,Regular
107184,33.0,Tabriz,2023-12-06,VIP
107185,29.0,Tabriz,2025-10-24,New
107186,56.0,Mashhad,2024-04-15,Regular
107187,40.0,Tehran,2025-06-05,Regular
107188,22.0,Tehran,2023-09-13,Regular
107189,30.0,Tehran,2024-06-13,New
107190,20.0,Tehran,2023-03-10,Regular
107191,40.0,Tabriz,2023-10-11,New
107192,65.0,Tehran,2023-03-19,Regular
107193,45.0,Tehran,2023-01-23,Regular
107194,59.0,Mashhad,2023-07-19,New
107195,53.0,Tehran,2023-06-24,New
107196,60.0,Tehran,2023-12-13,VIP
107197,32.0,Tehran,2025-03-25,Regular
107198,63.0,Tehran,2023-06-12,Regular
107199,29.0,Shiraz,2024-10-30,VIP
107200,39.0,Karaj,2024-02-04,New
107201,50.0,Ahvaz,2024-03-17,Regular
107202,31.0,Karaj,2025-10-06,Regular
107203,30.0,Tabriz,2024-05-24,New
107204,24.0,Rasht,2023-10-14,New
107205,18.0,Shiraz,2023-09-18,Regular
107206,42.0,Tabriz,2023-07-04,New
107207,65.0,Isfahan,2025-05-28,New
107208,28.0,Mashhad,2024-12-28,Regular
107209,39.0,Mashhad,2023-10-21,Regular
107210,62.0,Tehran,2024-06-21,Regular
107211,55.0,Qom,2024-07-07,New
107212,18.0,Tehran,2023-02-21,Regular
107213,42.0,Tabriz,2025-09-22,Regular
107214,24.0,Ahvaz,2025-05-12,Regular
107215,29.0,Isfahan,2024-08-09,Regular
107216,29.0,Tehran,2025-02-22,New
107217,47.0,Isfahan,2023-04-30,Regular
107218,27.0,Mashhad,2025-12-06,Regular
107219,30.0,Kerman,2024-12-02,Regular
107220,28.0,Karaj,2025-10-24,Regular
107221,35.0,Karaj,2025-08-04,New
107222,49.0,Shiraz,2024-10-01,Regular
107223,37.0,Karaj,2023-11-12,Regular
107224,33.0,Karaj,2025-01-21,Regular
107225,42.0,Tehran,2024-07-14,New
107226,47.0,Tehran,2024-03-24,New
107227,18.0,Tehran,2025-02-17,New
107228,60.0,Isfahan,2025-08-30,New
107229,61.0,Ahvaz,2023-07-07,New
107230,46.0,Tabriz,2024-08-28,New
107231,45.0,Isfahan,2025-05-02,New
107232,51.0,Rasht,2023-12-23,New
107233,39.0,Tehran,2024-01-10,VIP
107234,35.0,Tehran,2023-01-11,Regular
107235,34.0,Rasht,2023-12-20,New
107236,25.0,Rasht,2024-10-04,Regular
107237,58.0,Karaj,2025-11-29,Regular
107238,33.0,Tehran,2024-07-29,New
107239,31.0,Kerman,2023-11-15,Regular
107240,64.0,Karaj,2025-06-08,New
107241,42.0,Tabriz,2023-07-25,Regular
107242,47.0,Tehran,2023-07-24,New
107243,,Shiraz,2024-07-24,Regular
107244,31.0,Qom,2025-06-11,New
107245,52.0,Ahvaz,2023-08-21,New
107246,39.0,Shiraz,2023-01-17,Regular
107247,25.0,Shiraz,2025-03-03,New
107248,58.0,Karaj,2024-10-05,Regular
107249,37.0,Shiraz,2025-01-20,New
107250,50.0,Isfahan,2024-03-10,Regular
107251,34.0,Tehran,2023-05-10,Regular
107252,44.0,Tehran,2023-12-30,Regular
107253,55.0,Karaj,2024-05-29,Regular
107254,60.0,Tehran,2024-04-19,VIP
107255,27.0,Tehran,2025-08-31,New
107256,50.0,Rasht,2023-09-02,Regular
107257,,Karaj,2023-12-08,Regular
107258,48.0,Tehran,2023-07-20,Regular
107259,24.0,Mashhad,2024-09-16,Regular
107260,27.0,Karaj,2025-05-31,VIP
107261,27.0,Isfahan,2025-08-25,Regular
107262,23.0,Isfahan,2023-09-07,New
107263,54.0,Isfahan,2024-04-15,Regular
107264,64.0,Tehran,2025-03-17,New
107265,42.0,Karaj,2023-02-20,Regular
107266,46.0,Tehran,2025-02-17,Regular
107267,55.0,Isfahan,2023-05-28,New
107268,37.0,,2023-02-06,New
107269,40.0,Tehran,2023-05-04,VIP
107270,46.0,Tehran,2025-08-22,New
107271,32.0,Ahvaz,2025-01-15,New
107272,20.0,Tehran,2025-05-14,New
107273,45.0,Tehran,2025-01-25,Regular
107274,57.0,Tehran,2025-05-21,New
107275,21.0,Karaj,2024-06-27,Regular
107276,28.0,Isfahan,2025-06-05,New
107277,30.0,Rasht,2023-03-03,New
107278,56.0,Tabriz,2024-09-29,New
107279,42.0,Shiraz,2025-04-06,New
107280,43.0,Tabriz,2025-12-23,Regular
107281,48.0,Tehran,2024-01-29,New
107282,31.0,Kerman,2023-07-16,Regular
107283,52.0,Kerman,2025-02-27,Regular
107284,19.0,Tehran,2023-03-21,New
107285,23.0,Tabriz,2025-04-30,New
107286,,Tehran,2025-02-10,Regular
107287,49.0,Shiraz,2025-01-26,Regular
107288,26.0,Karaj,2023-11-18,Regular
107289,39.0,Rasht,2023-05-12,Regular
107290,20.0,Mashhad,2024-10-28,New
107291,50.0,,2024-02-02,Regular
107292,54.0,Karaj,2024-03-04,Regular
107293,31.0,Tehran,2023-07-25,New
107294,34.0,Tabriz,2024-01-01,Regular
107295,29.0,Tabriz,2025-06-29,Regular
107296,36.0,Karaj,2025-09-05,Regular
107297,31.0,Kerman,2024-01-18,Regular
107298,29.0,Tehran,2023-06-05,New
107299,38.0,Tehran,2023-02-07,Regular
107300,59.0,Tehran,2023-07-26,Regular
107301,54.0,Tehran,2023-01-11,Regular
107302,32.0,Isfahan,2025-01-01,Regular
107303,63.0,Ahvaz,2024-12-04,Regular
107304,28.0,Isfahan,2025-05-06,Regular
107305,61.0,Tabriz,2023-12-31,New
107306,32.0,Mashhad,2025-06-30,Regular
107307,43.0,,2023-07-05,Regular
107308,27.0,Ahvaz,2023-09-11,New
107309,54.0,tehran,2025-09-29,New
107310,33.0,Mashhad,2025-08-23,New
107311,59.0,Rasht,2024-10-17,Regular
107312,21.0,Isfahan,2024-10-29,New
107313,42.0,Tehran,2025-02-06,Regular
107314,25.0,Isfahan,2025-06-20,VIP
107315,60.0,Tabriz,2023-09-11,VIP
107316,38.0,Mashhad,2023-03-17,New
107317,50.0,Ahvaz,2023-07-22,Regular
107318,60.0,Shiraz,2024-01-26,Regular
107319,43.0,Isfahan,2023-09-16,Regular
107320,20.0,Ahvaz,2024-07-28,New
107321,28.0,Isfahan,2023-06-01,Regular
107322,28.0,Isfahan,2024-09-23,Regular
107323,61.0,Tehran,2025-02-16,Regular
107324,61.0,Mashhad,2023-04-19,VIP
107325,40.0,Mashhad,2023-11-11,VIP
107326,60.0,Tehran,2024-08-12,Regular
107327,29.0,Shiraz,2023-03-14,New
107328,50.0,Tehran,2024-12-29,Regular
107329,36.0,Tehran,2025-04-05,Regular
107330,29.0,Shiraz,2024-01-31,Regular
107331,30.0,,2023-01-10,Regular
107332,38.0,Tabriz,2024-07-02,Regular
107333,34.0,Karaj,2025-08-09,Regular
107334,28.0,Mashhad,2023-11-17,VIP
107335,34.0,Tehran,2025-07-18,Regular
107336,24.0,Isfahan,2025-08-11,Regular
107337,64.0,Tehran,2023-11-04,Regular
107338,36.0,Shiraz,2024-10-18,Regular
107339,23.0,Karaj,2023-02-16,Regular
107340,45.0,Tabriz,2024-08-26,New
107341,60.0,Isfahan,2025-08-21,Regular
107342,35.0,Rasht,2025-10-31,Regular
107343,58.0,Tehran,2023-08-07,Regular
107344,47.0,Ahvaz,2024-12-29,VIP
107345,53.0,Qom,2023-03-14,VIP
107346,32.0,Isfahan,2023-11-03,Regular
107347,19.0,Tehran,2025-07-03,VIP
107348,34.0,Tehran,2024-12-03,Regular
107349,62.0,Rasht,2024-03-05,VIP
107350,55.0,Tehran,2025-11-18,VIP
107351,55.0,Ahvaz,2025-04-10,Regular
107352,60.0,Isfahan,2023-01-26,New
107353,35.0,Isfahan,2023-03-29,New
107354,33.0,Tabriz,2024-11-17,Regular
107355,62.0,Tehran,2025-08-18,Regular
107356,45.0,Isfahan,2023-06-21,Regular
107357,32.0,Rasht,2024-08-12,Regular
107358,31.0,Tehran,2025-06-13,Regular
107359,60.0,Rasht,2025-08-02,New
107360,20.0,Kerman,2024-12-02,New
107361,20.0,Tehran,2025-12-30,Regular
107362,53.0,Shiraz,2025-10-23,New
107363,18.0,Tehran,2025-07-02,VIP
107364,26.0,Tabriz,2025-01-03,Regular
107365,65.0,Kerman,2025-12-15,Regular
107366,38.0,Rasht,2023-01-19,Regular
107367,52.0,Rasht,2023-04-08,Regular
107368,,Tehran,2024-07-12,Regular
107369,22.0,Shiraz,2025-01-04,Regular
107370,26.0,,2025-09-16,VIP
107371,54.0,Rasht,2025-01-12,Regular
107372,22.0,Tehran,2023-09-12,New
107373,46.0,Tehran,2025-09-21,Regular
107374,34.0,Tehran,2023-04-01,Regular
107375,35.0,Tehran,2023-04-14,VIP
107376,63.0,Tehran,2025-02-27,New
107377,47.0,Tehran,2025-11-20,Regular
107378,47.0,Ahvaz,2024-07-04,Regular
107379,34.0,Karaj,2023-05-28,Regular
107380,36.0,Tehran,2023-02-22,Regular
107381,50.0,Qom,2025-12-08,New
107382,19.0,Isfahan,2023-11-03,Regular
107383,29.0,Karaj,2024-12-01,Regular
107384,46.0,Mashhad,2023-12-24,Regular
107385,47.0,tehran,2023-08-23,Regular
107386,22.0,Mashhad,2025-01-01,New
107387,55.0,Tehran,2025-03-20,VIP
107388,44.0,Shiraz,2024-05-31,Regular
107389,29.0,Karaj,2024-07-09,VIP
107390,54.0,Karaj,2024-06-17,New
107391,65.0,Mashhad,2024-10-09,Regular
107392,38.0,Shiraz,2025-06-02,New
107393,31.0,Karaj,2025-02-17,New
107394,32.0,Tehran,2023-11-01,VIP
107395,46.0,Tehran,2023-09-28,New
107396,20.0,Mashhad,2025-01-06,New
107397,41.0,Tehran,2024-12-07,Regular
107398,19.0,Mashhad,2024-02-07,Regular
107399,19.0,Tehran,2025-07-07,Regular
107400,38.0,Shiraz,2024-04-03,VIP
107401,53.0,Tabriz,2024-01-03,Regular
107402,60.0,Qom,2024-08-31,New
107403,22.0,Tabriz,2023-07-31,Regular
107404,29.0,Mashhad,2025-01-31,Regular
107405,38.0,Rasht,2025-09-09,New
107406,45.0,Karaj,2025-10-31,Regular
107407,65.0,Shiraz,2024-05-04,Regular
107408,50.0,Tehran,2023-10-22,New
107409,43.0,Tabriz,2024-06-08,New
107410,20.0,Shiraz,2023-04-24,VIP
107411,21.0,Karaj,2025-01-01,New
107412,25.0,Qom,2024-04-14,New
107413,49.0,Rasht,2023-05-14,VIP
107414,33.0,Rasht,2024-08-21,Regular
107415,29.0,Tabriz,2025-02-25,VIP
107416,50.0,Kerman,2023-09-07,Regular
107417,57.0,Rasht,2024-03-19,Regular
107418,39.0,Tehran,2025-09-02,Regular
107419,60.0,Tabriz,2025-02-16,New
107420,53.0,Tehran,2025-05-24,New
107421,52.0,Mashhad,2024-05-07,New
107422,59.0,Mashhad,2024-06-24,Regular
107423,26.0,Isfahan,2024-06-28,Regular
107424,54.0,Tehran,2024-05-07,Regular
107425,63.0,Tehran,2023-06-07,New
107426,65.0,Tehran,2023-02-14,Regular
107427,45.0,Tabriz,2025-06-30,New
107428,54.0,Ahvaz,2024-08-10,New
107429,60.0,Kerman,2024-08-06,Regular
107430,58.0,Isfahan,2024-10-14,Regular
107431,61.0,Tehran,2024-03-27,Regular
107432,57.0,Ahvaz,2025-09-03,Regular
107433,36.0,Tehran,2024-05-29,Regular
107434,53.0,Kerman,2024-07-02,Regular
107435,37.0,Karaj,2024-08-04,Regular
107436,56.0,Isfahan,2023-06-22,Regular
107437,56.0,Tehran,2023-07-09,New
107438,62.0,Tehran,2023-07-17,Regular
107439,46.0,Shiraz,2023-10-06,Regular
107440,40.0,Isfahan,2023-06-25,New
107441,25.0,Ahvaz,2023-09-03,Regular
107442,48.0,Tabriz,2025-10-24,Regular
107443,45.0,Isfahan,2024-01-30,New
107444,42.0,Tehran,2025-05-18,VIP
107445,50.0,Isfahan,2024-03-06,New
107446,58.0,Tehran,2025-06-22,Regular
107447,25.0,Tabriz,2025-04-04,Regular
107448,38.0,Tabriz,2025-07-09,New
107449,52.0,Qom,2023-11-12,New
107450,57.0,Isfahan,2023-04-15,Regular
107451,55.0,Tehran,2023-12-04,Regular
107452,56.0,Ahvaz,2025-02-07,Regular
107453,59.0,Karaj,2024-12-17,Regular
107454,64.0,Karaj,2025-02-10,New
107455,47.0,Shiraz,2025-12-23,Regular
107456,29.0,Ahvaz,2023-09-04,Regular
107457,45.0,Tehran,2024-05-01,Regular
107458,52.0,Mashhad,2024-06-21,Regular
107459,22.0,,2023-06-13,Regular
107460,54.0,Tehran,2024-12-26,Regular
107461,44.0,Qom,2023-02-23,Regular
107462,62.0,Mashhad,2025-09-09,New
107463,28.0,Tehran,2023-04-07,New
107464,61.0,Tehran,2023-05-01,Regular
107465,39.0,Ahvaz,2023-07-10,VIP
107466,45.0,Karaj,2025-09-03,Regular
107467,49.0,Mashhad,2025-08-01,New
107468,45.0,Tehran,2025-10-07,New
107469,61.0,Tehran,2025-07-01,Regular
107470,26.0,Tehran,2025-10-08,Regular
107471,53.0,Karaj,2024-05-31,New
107472,64.0,Tehran,2023-01-06,New
107473,28.0,Tehran,2024-04-24,Regular
107474,30.0,Tehran,2023-08-30,New
107475,40.0,Shiraz,2023-09-26,Regular
107476,52.0,Karaj,2025-01-26,Regular
107477,64.0,Tabriz,2023-07-02,New
107478,56.0,Shiraz,2023-12-19,Regular
107479,56.0,Kerman,2024-03-05,New
107480,39.0,Isfahan,2023-03-08,New
107481,48.0,Ahvaz,2025-02-06,VIP
107482,28.0,Tabriz,2025-04-15,Regular
107483,40.0,Tehran,2024-09-03,New
107484,27.0,Qom,2023-02-01,New
107485,19.0,Shiraz,2025-05-11,New
107486,59.0,Tabriz,2024-05-03,Regular
107487,56.0,Tehran,2023-10-19,Regular
107488,42.0,Isfahan,2025-11-03,Regular
107489,18.0,Ahvaz,2025-07-30,New
107490,22.0,Tehran,2024-04-27,VIP
107491,23.0,Tehran,2024-04-30,Regular
107492,52.0,Tehran,2025-09-25,New
107493,27.0,Isfahan,2023-07-29,Regular
107494,30.0,Qom,2024-03-23,Regular
107495,59.0,Tabriz,2024-09-16,Regular
107496,60.0,Rasht,2024-01-15,Regular
107497,54.0,Isfahan,2023-12-12,New
107498,32.0,Mashhad,2023-04-28,Regular
107499,45.0,Tehran,2023-10-20,Regular
107500,27.0,Tehran,2024-01-28,Regular
107501,59.0,Karaj,2025-07-06,Regular
107502,22.0,Tehran,2024-01-05,New
107503,53.0,Tehran,2023-06-26,Regular
107504,42.0,Ahvaz,2025-07-15,Regular
107505,54.0,Shiraz,2024-01-21,Regular
107506,39.0,Tehran,2025-10-04,VIP
107507,25.0,Karaj,2023-04-30,Regular
107508,54.0,Isfahan,2023-01-25,Regular
107509,48.0,Ahvaz,2025-10-06,Regular
107510,40.0,Karaj,2023-04-18,New
107511,35.0,Tehran,2023-01-10,VIP
107512,34.0,Tehran,2024-12-05,Regular
107513,41.0,Tehran,2023-12-14,VIP
107514,30.0,Karaj,2024-06-14,Regular
107515,31.0,Isfahan,2024-03-23,Regular
107516,31.0,Karaj,2023-11-22,New
107517,18.0,Shiraz,2024-06-10,Regular
107518,62.0,Mashhad,2023-10-12,Regular
107519,29.0,Tehran,2023-09-04,VIP
107520,25.0,Tehran,2023-09-04,Regular
107521,25.0,Mashhad,2023-05-10,Regular
107522,65.0,Shiraz,2024-07-29,Regular
107523,40.0,Rasht,2024-08-23,New
107524,33.0,Tehran,2023-01-20,Regular
107525,37.0,Tabriz,2024-05-18,VIP
107526,22.0,Tehran,2025-03-20,Regular
107527,33.0,Karaj,2023-01-02,Regular
107528,29.0,Tehran,2023-11-25,Regular
107529,56.0,Tabriz,2025-11-18,New
107530,20.0,Tehran,2024-04-12,VIP
107531,38.0,Tehran,2023-01-19,Regular
107532,55.0,Shiraz,2024-07-31,New
107533,58.0,Mashhad,2024-03-25,Regular
107534,42.0,Isfahan,2023-08-20,New
107535,28.0,Mashhad,2023-03-22,Regular
107536,34.0,Kerman,2025-08-25,New
107537,28.0,Mashhad,2025-06-09,New
107538,49.0,Shiraz,2025-01-16,Regular
107539,32.0,Ahvaz,2023-01-20,Regular
107540,48.0,Tabriz,2025-08-10,New
107541,49.0,Mashhad,2024-06-02,Regular
107542,63.0,Shiraz,2024-06-04,New
107543,35.0,Tehran,2025-08-19,Regular
107544,64.0,Shiraz,2024-04-18,Regular
107545,37.0,Isfahan,2023-09-16,New
107546,50.0,Karaj,2023-09-17,VIP
107547,49.0,Ahvaz,2025-10-11,Regular
107548,57.0,Tehran,2024-08-19,New
107549,40.0,Tehran,2024-09-25,Regular
107550,56.0,Mashhad,2024-10-11,Regular
107551,35.0,Shiraz,2023-08-30,New
107552,41.0,Mashhad,2024-04-04,New
107553,41.0,Tabriz,2025-11-07,Regular
107554,51.0,Isfahan,2023-06-09,Regular
107555,47.0,Rasht,2025-11-07,New
107556,21.0,Mashhad,2023-10-27,Regular
107557,56.0,Tehran,2023-11-20,New
107558,54.0,Mashhad,2023-01-16,New
107559,23.0,Tabriz,2024-12-27,Regular
107560,64.0,Tehran,2023-12-16,New
107561,49.0,Tehran,2024-05-18,New
107562,22.0,Mashhad,2024-09-27,New
107563,41.0,Karaj,2024-11-25,Regular
107564,58.0,Rasht,2025-11-12,Regular
107565,31.0,Mashhad,2024-08-31,Regular
107566,62.0,Tehran,2023-07-14,Regular
107567,38.0,Isfahan,2025-02-09,Regular
107568,28.0,Mashhad,2023-03-02,New
107569,35.0,Kerman,2025-07-12,New
107570,43.0,Isfahan,2023-11-21,New
107571,51.0,Tabriz,2025-03-01,Regular
107572,62.0,Rasht,2023-06-21,New
107573,27.0,Tabriz,2024-03-21,New
107574,64.0,Tehran,2025-01-31,Regular
107575,43.0,Tabriz,2024-11-11,Regular
107576,24.0,Mashhad,2023-01-07,Regular
107577,62.0,Isfahan,2023-02-07,Regular
107578,34.0,Kerman,2025-12-10,New
107579,47.0,Tehran,2024-08-02,Regular
107580,51.0,Isfahan,2025-07-25,Regular
107581,18.0,Tehran,2023-03-21,VIP
107582,28.0,Tehran,2024-06-21,Regular
107583,50.0,Tabriz,2024-09-23,Regular
107584,33.0,Karaj,2025-10-05,New
107585,18.0,Tabriz,2025-02-17,VIP
107586,19.0,Mashhad,2024-11-18,Regular
107587,57.0,Tehran,2023-11-18,New
107588,25.0,Isfahan,2025-12-24,Regular
107589,22.0,Isfahan,2023-12-25,Regular
107590,44.0,Karaj,2023-11-01,New
107591,23.0,Tabriz,2025-03-03,Regular
107592,49.0,Ahvaz,2025-12-27,Regular
107593,44.0,Qom,2025-07-27,New
107594,49.0,Mashhad,2023-07-17,VIP
107595,41.0,Tabriz,2025-06-11,VIP
107596,55.0,Karaj,2024-01-22,New
107597,48.0,Kerman,2023-09-01,Regular
107598,37.0,tehran,2025-10-21,Regular
107599,18.0,Tabriz,2025-11-06,Regular
107600,31.0,Mashhad,2024-02-10,VIP
107601,24.0,Karaj,2023-01-29,New
107602,18.0,Rasht,2023-08-18,Regular
107603,31.0,Rasht,2024-08-15,Regular
107604,27.0,Tehran,2023-03-07,New
107605,21.0,Tehran,2023-09-06,Regular
107606,32.0,Karaj,2023-06-13,New
107607,42.0,Tabriz,2025-11-08,New
107608,26.0,Rasht,2024-01-24,New
107609,31.0,Mashhad,2024-02-21,New
107610,18.0,Ahvaz,2024-04-06,New
107611,20.0,Karaj,2023-01-15,Regular
107612,25.0,Tehran,2024-08-16,New
107613,39.0,Tehran,2025-09-26,New
107614,49.0,Karaj,2025-06-09,New
107615,55.0,Tehran,2023-10-02,Regular
107616,,Qom,2023-01-15,New
107617,47.0,Shiraz,2025-04-26,Regular
107618,62.0,Isfahan,2025-07-10,New
107619,30.0,Tehran,2025-10-06,New
107620,56.0,Kerman,2024-09-24,Regular
107621,62.0,Karaj,2024-06-02,Regular
107622,45.0,Karaj,2025-04-08,Regular
107623,58.0,Karaj,2025-01-25,Regular
107624,24.0,Shiraz,2025-04-08,New
107625,60.0,Rasht,2023-11-08,New
107626,45.0,Shiraz,2025-09-16,Regular
107627,28.0,tehran,2023-02-10,New
107628,20.0,Tehran,2023-04-13,Regular
107629,52.0,Mashhad,2024-12-17,Regular
107630,38.0,Karaj,2024-09-17,New
107631,32.0,Mashhad,2024-08-29,New
107632,36.0,Karaj,2025-09-22,Regular
107633,65.0,Kerman,2025-08-11,Regular
107634,,Isfahan,2025-02-26,VIP
107635,21.0,Tehran,2023-06-30,New
107636,31.0,Tabriz,2023-04-16,VIP
107637,24.0,Tehran,2023-06-03,New
107638,50.0,Qom,2024-11-03,New
107639,56.0,Shiraz,2025-02-19,Regular
107640,58.0,Isfahan,2025-05-25,VIP
107641,48.0,Shiraz,2023-04-23,Regular
107642,54.0,Shiraz,2023-10-28,Regular
107643,38.0,Mashhad,2024-01-06,Regular
107644,48.0,Mashhad,2024-11-23,Regular
107645,23.0,Isfahan,2023-02-20,Regular
107646,43.0,Rasht,2025-07-09,Regular
107647,44.0,Tehran,2023-03-30,Regular
107648,19.0,Mashhad,2024-07-27,Regular
107649,44.0,Tehran,2025-10-18,VIP
107650,52.0,Isfahan,2023-08-01,Regular
107651,35.0,Tehran,2025-01-22,New
107652,44.0,Karaj,2024-08-24,Regular
107653,31.0,Tehran,2025-06-16,Regular
107654,30.0,Tabriz,2024-10-05,Regular
107655,24.0,Tehran,2025-07-17,Regular
107656,33.0,Isfahan,2024-03-17,New
107657,56.0,Tehran,2023-06-29,Regular
107658,62.0,Karaj,2025-01-14,New
107659,48.0,Rasht,2025-11-25,Regular
107660,47.0,Tehran,2024-04-19,Regular
107661,47.0,Kerman,2025-06-16,Regular
107662,40.0,Mashhad,2025-08-18,New
107663,38.0,Shiraz,2024-12-07,VIP
107664,47.0,Karaj,2025-05-16,Regular
107665,55.0,tehran,2024-09-08,Regular
107666,37.0,Isfahan,2025-05-31,VIP
107667,45.0,Tehran,2024-01-04,Regular
107668,40.0,Karaj,2024-07-30,VIP
107669,31.0,Isfahan,2023-03-27,Regular
107670,31.0,Rasht,2023-08-04,New
107671,21.0,Tehran,2024-09-26,Regular
107672,39.0,Rasht,2025-03-04,Regular
107673,52.0,Tehran,2023-02-02,Regular
107674,50.0,Tabriz,2023-03-17,Regular
107675,65.0,Mashhad,2023-01-07,New
107676,19.0,Tehran,2024-07-20,Regular
107677,54.0,Tehran,2024-01-03,Regular
107678,56.0,Tabriz,2023-02-28,VIP
107679,38.0,Tehran,2025-05-19,New
107680,31.0,Shiraz,2024-08-01,New
107681,35.0,Kerman,2023-01-11,New
107682,50.0,Mashhad,2025-01-21,New
107683,59.0,Tehran,2025-09-25,Regular
107684,,Tehran,2024-04-04,Regular
107685,42.0,Tehran,2025-11-05,New
107686,49.0,Isfahan,2024-04-01,Regular
107687,21.0,Karaj,2023-03-26,Regular
107688,47.0,Mashhad,2023-05-15,Regular
107689,20.0,Tehran,2023-03-15,VIP
107690,64.0,Tabriz,2023-11-27,Regular
107691,60.0,Mashhad,2024-02-26,New
107692,42.0,Shiraz,2024-05-01,Regular
107693,35.0,Rasht,2024-06-10,New
107694,53.0,Mashhad,2025-08-03,VIP
107695,48.0,Shiraz,2023-01-13,Regular
107696,51.0,Qom,2025-09-10,VIP
107697,42.0,Karaj,2023-09-19,New
107698,29.0,Karaj,2025-11-10,Regular
107699,21.0,Karaj,2023-05-28,Regular
107700,31.0,Shiraz,2023-04-20,Regular
107701,43.0,Shiraz,2023-05-14,Regular
107702,38.0,Karaj,2023-11-21,New
107703,42.0,Karaj,2025-10-27,Regular
107704,31.0,Tabriz,2024-05-21,Regular
107705,63.0,Mashhad,2023-06-30,New
107706,35.0,Qom,2024-12-03,Regular
107707,58.0,Tehran,2024-07-10,Regular
107708,36.0,Tehran,2025-02-08,Regular
107709,39.0,Mashhad,2025-03-22,New
107710,46.0,Tehran,2025-05-10,Regular
107711,30.0,Tabriz,2023-06-15,VIP
107712,28.0,Tehran,2024-06-26,Regular
107713,36.0,Tabriz,2024-11-21,Regular
107714,56.0,Shiraz,2024-09-01,Regular
107715,24.0,Tehran,2025-11-30,New
107716,39.0,Tehran,2025-11-17,Regular
107717,50.0,Shiraz,2025-06-08,VIP
107718,51.0,Karaj,2023-09-20,Regular
107719,38.0,Mashhad,2024-08-02,New
107720,21.0,Tehran,2025-05-30,Regular
107721,18.0,Mashhad,2023-10-21,Regular
107722,40.0,Tehran,2025-02-18,Regular
107723,56.0,tehran,2023-09-30,New
107724,19.0,Kerman,2023-06-03,New
107725,60.0,Tehran,2023-09-20,Regular
107726,50.0,Tehran,2025-10-11,Regular
107727,18.0,Ahvaz,2025-12-25,VIP
107728,34.0,Tabriz,2025-07-25,Regular
107729,28.0,Isfahan,2023-10-25,Regular
107730,63.0,Tabriz,2025-05-03,New
107731,44.0,Rasht,2023-08-27,Regular
107732,33.0,Tehran,2023-05-19,Regular
107733,31.0,Tehran,2023-10-11,Regular
107734,45.0,Ahvaz,2023-06-02,New
107735,18.0,Qom,2024-12-02,VIP
107736,30.0,Kerman,2025-01-18,Regular
107737,25.0,Mashhad,2023-02-09,Regular
107738,47.0,Rasht,2023-04-28,Regular
107739,50.0,Mashhad,2024-06-08,VIP
107740,40.0,Karaj,2023-05-05,Regular
107741,24.0,Ahvaz,2025-06-25,Regular
107742,35.0,Tehran,2024-03-14,Regular
107743,58.0,Tehran,2024-03-28,New
107744,27.0,Shiraz,2023-01-06,Regular
107745,25.0,Ahvaz,2025-02-07,Regular
107746,23.0,Tehran,2025-03-01,Regular
107747,57.0,Ahvaz,2025-04-08,New
107748,23.0,Mashad,2024-08-14,New
107749,45.0,Mashhad,2023-10-23,New
107750,65.0,Mashhad,2023-03-27,VIP
107751,48.0,Rasht,2023-12-12,Regular
107752,37.0,Tehran,2024-08-18,Regular
107753,27.0,Shiraz,2023-05-08,New
107754,18.0,Tehran,2023-03-01,New
107755,25.0,Rasht,2023-08-26,Regular
107756,63.0,Qom,2023-03-19,New
107757,24.0,Tehran,2023-01-16,New
107758,18.0,Mashhad,2024-06-15,VIP
107759,57.0,Mashhad,2025-03-26,Regular
107760,38.0,Mashhad,2024-07-01,Regular
107761,35.0,Qom,2023-04-10,New
107762,52.0,Shiraz,2024-01-07,New
107763,43.0,Isfahan,2023-02-08,Regular
107764,61.0,,2024-11-11,Regular
107765,40.0,Isfahan,2023-09-13,Regular
107766,52.0,Tehran,2024-02-29,Regular
107767,60.0,Tehran,2025-09-14,New
107768,40.0,Mashhad,2024-10-04,Regular
107769,31.0,Tabriz,2025-04-17,New
107770,64.0,Tehran,2024-01-19,New
107771,28.0,Shiraz,2025-10-16,Regular
107772,19.0,Tehran,2025-02-21,New
107773,45.0,Karaj,2024-07-18,New
107774,65.0,Tehran,2024-09-26,New
107775,22.0,Isfahan,2024-11-13,New
107776,58.0,Tehran,2023-06-25,Regular
107777,57.0,Mashhad,2023-10-03,VIP
107778,62.0,Tehran,2025-01-21,New
107779,38.0,Isfahan,2024-04-27,New
107780,30.0,Karaj,2025-05-08,Regular
107781,42.0,Tehran,2024-07-29,New
107782,24.0,Karaj,2023-03-14,Regular
107783,58.0,Shiraz,2024-12-28,New
107784,49.0,Isfahan,2024-10-29,Regular
107785,41.0,Shiraz,2024-02-04,New
107786,42.0,Mashhad,2025-05-15,Regular
107787,52.0,Karaj,2024-01-20,Regular
107788,43.0,Karaj,2023-05-06,New
107789,58.0,Karaj,2023-05-13,Regular
107790,62.0,Tehran,2025-09-14,Regular
107791,63.0,Tabriz,2024-02-16,VIP
107792,47.0,Tehran,2024-03-30,Regular
107793,53.0,Isfahan,2023-12-01,New
107794,32.0,Tehran,2025-03-18,Regular
107795,19.0,Tehran,2024-10-25,New
107796,37.0,Tabriz,2025-09-11,Regular
107797,59.0,Ahvaz,2025-09-06,Regular
107798,24.0,Tehran,2025-12-19,New
107799,44.0,Shiraz,2023-12-27,Regular
107800,27.0,Tabriz,2024-10-01,Regular
107801,38.0,Rasht,2024-01-15,New
107802,24.0,Tabriz,2025-02-10,Regular
107803,53.0,Tehran,2025-03-30,Regular
107804,56.0,Tehran,2023-10-03,Regular
107805,54.0,Tabriz,2025-07-30,Regular
107806,51.0,Tehran,2023-11-14,Regular
107807,29.0,Rasht,2025-12-12,Regular
107808,43.0,Rasht,2025-07-20,Regular
107809,23.0,Rasht,2023-01-20,Regular
107810,35.0,Mashhad,2024-03-12,Regular
107811,42.0,Karaj,2024-03-01,Regular
107812,50.0,Tabriz,2025-06-19,New
107813,22.0,Tehran,2025-03-04,Regular
107814,57.0,Tehran,2023-02-25,Regular
107815,40.0,Tehran,2025-07-09,New
107816,60.0,Mashhad,2023-08-27,New
107817,43.0,Kerman,2024-02-09,Regular
107818,44.0,Ahvaz,2023-07-06,New
107819,51.0,Mashhad,2023-06-22,Regular
107820,57.0,tehran,2024-07-31,Regular
107821,25.0,Tehran,2023-04-03,Regular
107822,42.0,Tehran,2023-03-30,VIP
107823,19.0,Tehran,2025-05-10,Regular
107824,40.0,Tabriz,2024-01-12,VIP
107825,57.0,Tabriz,2024-12-10,VIP
107826,59.0,Ahvaz,2025-12-15,New
107827,31.0,Ahvaz,2023-02-25,New
107828,36.0,Tehran,2025-05-19,New
107829,44.0,Karaj,2023-05-01,New
107830,37.0,Tehran,2025-04-12,Regular
107831,26.0,Mashhad,2023-12-02,Regular
107832,32.0,Shiraz,2023-05-28,Regular
107833,37.0,Tehran,2023-09-08,Regular
107834,42.0,Tehran,2024-02-04,Regular
107835,62.0,Tehran,2025-03-10,Regular
107836,44.0,Tehran,2025-01-15,New
107837,36.0,Rasht,2025-03-08,VIP
107838,49.0,,2023-01-24,Regular
107839,55.0,Isfahan,2025-12-03,Regular
107840,38.0,Kerman,2024-04-20,New
107841,41.0,Shiraz,2023-05-02,Regular
107842,28.0,Isfahan,2025-10-13,Regular
107843,59.0,Rasht,2025-05-18,Regular
107844,59.0,Tehran,2023-04-01,VIP
107845,26.0,Tehran,2024-04-23,Regular
107846,34.0,Shiraz,2025-09-19,VIP
107847,31.0,Isfahan,2025-01-17,Regular
107848,62.0,Qom,2023-08-02,Regular
107849,21.0,Tehran,2025-02-05,VIP
107850,27.0,Tabriz,2023-07-27,Regular
107851,33.0,Karaj,2024-01-21,New
107852,44.0,Kerman,2023-08-03,Regular
107853,29.0,Tehran,2025-01-29,Regular
107854,43.0,Tehran,2025-10-16,New
107855,53.0,Rasht,2023-02-18,Regular
107856,57.0,Tabriz,2024-10-23,Regular
107857,22.0,Tehran,2023-09-30,Regular
107858,24.0,Tehran,2025-04-02,Regular
107859,22.0,Qom,2023-06-02,New
107860,61.0,Shiraz,2024-02-06,New
107861,49.0,Shiraz,2023-08-14,Regular
107862,43.0,Ahvaz,2025-08-14,New
107863,55.0,Tehran,2023-04-01,Regular
107864,46.0,Tehran,2024-09-29,Regular
107865,29.0,Tabriz,2023-05-12,New
107866,42.0,Ahvaz,2024-10-18,New
107867,51.0,Tehran,2025-04-20,Regular
107868,19.0,Karaj,2025-04-03,Regular
107869,47.0,tehran,2023-02-06,VIP
107870,41.0,Tehran,2025-04-27,Regular
107871,21.0,Rasht,2023-11-22,New
107872,30.0,Tehran,2025-01-16,Regular
107873,39.0,Tehran,2025-11-21,Regular
107874,34.0,Karaj,2023-05-11,Regular
107875,31.0,Mashhad,2024-02-02,Regular
107876,49.0,Mashhad,2025-08-07,Regular
107877,37.0,Qom,2023-06-04,New
107878,41.0,Tehran,2023-10-13,Regular
107879,56.0,Tabriz,2024-08-24,Regular
107880,22.0,Mashhad,2025-12-26,New
107881,35.0,Tehran,2023-11-19,VIP
107882,,Karaj,2024-02-27,Regular
107883,62.0,Mashhad,2025-05-21,New
107884,26.0,Ahvaz,2023-05-12,New
107885,57.0,Rasht,2023-12-25,Regular
107886,27.0,Ahvaz,2023-12-13,Regular
107887,33.0,Mashhad,2024-03-15,Regular
107888,47.0,Tehran,2024-09-20,New
107889,57.0,Rasht,2023-08-31,New
107890,26.0,Isfahan,2024-03-04,Regular
107891,28.0,Karaj,2025-09-30,Regular
107892,60.0,Qom,2025-06-26,Regular
107893,33.0,Tehran,2025-11-13,Regular
107894,28.0,Tehran,2025-01-17,Regular
107895,53.0,Tabriz,2024-09-29,Regular
107896,22.0,,2023-08-22,Regular
107897,59.0,Tehran,2023-06-23,Regular
107898,60.0,Shiraz,2024-08-13,New
107899,59.0,Qom,2024-03-19,Regular
107900,32.0,Mashhad,2025-05-12,New
107901,23.0,Tehran,2023-01-11,Regular
107902,38.0,Karaj,2025-09-02,Regular
107903,34.0,Qom,2023-07-06,Regular
107904,64.0,Kerman,2024-03-08,Regular
107905,48.0,Tehran,2024-01-26,Regular
107906,63.0,Ahvaz,2025-10-09,New
107907,54.0,Karaj,2025-02-27,Regular
107908,52.0,Karaj,2023-02-09,Regular
107909,23.0,tehran,2025-07-23,Regular
107910,21.0,tehran,2025-01-10,New
107911,20.0,Isfahan,2023-03-16,Regular
107912,46.0,Mashhad,2025-05-06,Regular
107913,27.0,Mashhad,2023-02-07,Regular
107914,65.0,Rasht,2024-04-10,Regular
107915,24.0,Tehran,2023-06-27,Regular
107916,63.0,Rasht,2023-01-13,Regular
107917,50.0,Isfahan,2024-09-04,Regular
107918,23.0,Ahvaz,2025-01-22,New
107919,20.0,Mashhad,2024-06-09,Regular
107920,37.0,Tabriz,2024-01-11,New
107921,34.0,Shiraz,2024-07-16,New
107922,33.0,Rasht,2023-06-16,Regular
107923,43.0,Tehran,2023-02-24,Regular
107924,24.0,Tehran,2023-06-22,Regular
107925,,Rasht,2023-03-01,Regular
107926,51.0,Tehran,2025-04-22,New
107927,65.0,Tabriz,2024-10-28,New
107928,31.0,Tehran,2023-07-25,New
107929,62.0,Tehran,2024-09-16,Regular
107930,34.0,,2024-06-14,Regular
107931,34.0,Shiraz,2023-05-02,Regular
107932,22.0,Shiraz,2025-11-28,New
107933,38.0,Isfahan,2025-10-23,New
107934,41.0,Karaj,2025-04-10,New
107935,49.0,Kerman,2025-06-04,Regular
107936,25.0,Tehran,2024-08-22,New
107937,27.0,tehran,2025-05-30,New
107938,38.0,,2024-08-01,Regular
107939,21.0,Karaj,2023-07-01,New
107940,24.0,Mashhad,2023-07-03,Regular
107941,48.0,Tabriz,2025-07-24,Regular
107942,63.0,Isfahan,2024-05-03,New
107943,45.0,Tabriz,2025-03-09,New
107944,24.0,Qom,2023-06-08,New
107945,65.0,Shiraz,2024-05-05,New
107946,43.0,Isfahan,2023-04-02,VIP
107947,52.0,Tehran,2023-08-30,Regular
107948,27.0,Shiraz,2023-04-30,Regular
107949,45.0,Tehran,2023-08-16,Regular
107950,21.0,Ahvaz,2024-10-26,New
107951,48.0,Mashad,2023-01-06,Regular
107952,27.0,Tehran,2023-07-31,New
107953,61.0,Tehran,2025-01-26,Regular
107954,20.0,Shiraz,2023-06-13,Regular
107955,49.0,Rasht,2024-08-31,New
107956,24.0,Mashhad,2025-08-07,Regular
107957,50.0,Tehran,2025-05-04,New
107958,41.0,Mashhad,2023-05-14,New
107959,64.0,Kerman,2023-06-11,New
107960,49.0,Ahvaz,2025-02-11,New
107961,35.0,Tehran,2024-01-15,New
107962,22.0,Tabriz,2024-04-01,VIP
107963,46.0,Qom,2024-06-06,New
107964,39.0,Karaj,2024-09-26,Regular
107965,20.0,Isfahan,2024-05-06,New
107966,45.0,Karaj,2023-01-26,New
107967,28.0,Shiraz,2023-04-14,New
107968,29.0,Tehran,2023-01-01,New
107969,18.0,Tehran,2023-10-18,New
107970,35.0,,2025-06-13,New
107971,28.0,Tehran,2025-11-30,New
107972,21.0,Mashhad,2024-06-04,Regular
107973,38.0,Qom,2023-01-30,VIP
107974,28.0,Ahvaz,2023-03-20,New
107975,24.0,Tehran,2025-06-11,Regular
107976,40.0,Tehran,2024-01-12,Regular
107977,21.0,Tabriz,2025-08-23,Regular
107978,65.0,Isfahan,2024-07-08,Regular
107979,40.0,Tehran,2025-08-20,Regular
107980,65.0,Qom,2023-05-29,VIP
107981,60.0,Tehran,2025-07-28,New
107982,65.0,Tehran,2024-08-21,Regular
107983,44.0,Karaj,2024-04-24,Regular
107984,38.0,Tabriz,2024-08-01,VIP
107985,52.0,Mashhad,2023-12-25,Regular
107986,21.0,Karaj,2024-10-22,VIP
107987,58.0,Rasht,2025-04-23,Regular
107988,33.0,Tehran,2025-06-06,Regular
107989,18.0,Tabriz,2025-12-07,Regular
107990,29.0,Tehran,2024-03-27,Regular
107991,29.0,Isfahan,2025-04-21,Regular
107992,18.0,Isfahan,2025-08-30,Regular
107993,50.0,Mashhad,2023-01-20,New
107994,22.0,Tehran,2024-06-03,VIP
107995,58.0,Qom,2025-02-06,Regular
107996,39.0,Mashhad,2024-05-15,Regular
107997,52.0,Ahvaz,2023-04-20,New
107998,34.0,Mashhad,2024-12-18,New
107999,24.0,Ahvaz,2024-03-20,New
108000,26.0,Shiraz,2024-11-07,New
108001,49.0,Mashhad,2023-01-02,Regular
108002,52.0,Karaj,2023-01-13,Regular
108003,30.0,Qom,2024-10-22,Regular
108004,35.0,Isfahan,2025-12-11,Regular
108005,63.0,Isfahan,2024-12-01,VIP
108006,58.0,Shiraz,2025-10-29,Regular
108007,37.0,Shiraz,2025-07-16,Regular
108008,29.0,Isfahan,2023-11-05,Regular
108009,32.0,Karaj,2023-04-23,Regular
108010,43.0,Mashhad,2024-09-03,Regular
108011,45.0,Isfahan,2024-11-10,New
108012,26.0,Tabriz,2025-04-23,Regular
108013,21.0,Kerman,2024-07-24,Regular
108014,41.0,Tehran,2025-10-04,New
108015,56.0,Tehran,2025-07-13,VIP
108016,25.0,Tehran,2024-10-03,Regular
108017,37.0,Karaj,2024-08-26,Regular
108018,25.0,Isfahan,2023-01-21,New
108019,29.0,Mashhad,2025-05-05,New
108020,47.0,Tehran,2025-01-15,Regular
108021,31.0,Rasht,2025-09-08,Regular
108022,30.0,Isfahan,2023-04-12,Regular
108023,65.0,Tabriz,2023-06-09,New
108024,26.0,Tehran,2025-01-04,New
108025,27.0,Tehran,2024-06-19,New
108026,62.0,Tehran,2024-10-05,Regular
108027,44.0,Mashhad,2024-04-20,Regular
108028,20.0,Isfahan,2024-12-02,New
108029,38.0,Tehran,2024-12-22,Regular
108030,45.0,Mashhad,2023-07-27,Regular
108031,30.0,Tehran,2025-04-12,Regular
108032,44.0,Mashhad,2024-06-24,New
108033,49.0,Tehran,2024-09-22,Regular
108034,30.0,Tehran,2024-11-07,VIP
108035,56.0,Tehran,2025-03-26,New
108036,39.0,Karaj,2023-11-25,New
108037,64.0,Rasht,2023-01-08,Regular
108038,22.0,Tabriz,2023-07-18,New
108039,33.0,Tehran,2025-11-23,Regular
108040,52.0,Kerman,2023-09-01,Regular
108041,60.0,Kerman,2023-10-01,New
108042,28.0,Isfahan,2025-07-28,Regular
108043,65.0,Tehran,2023-09-16,Regular
108044,27.0,Karaj,2024-05-23,Regular
108045,37.0,Kerman,2024-02-10,New
108046,33.0,Karaj,2024-12-24,Regular
108047,38.0,Tabriz,2024-10-13,Regular
108048,61.0,Tabriz,2024-07-17,New
108049,53.0,Kerman,2024-07-03,Regular
108050,56.0,Tehran,2025-07-02,VIP
108051,30.0,Tehran,2024-09-28,Regular
108052,63.0,Ahvaz,2024-07-10,New
108053,38.0,Tehran,2025-08-29,New
108054,49.0,Mashhad,2023-04-13,Regular
108055,51.0,Mashhad,2025-07-01,Regular
108056,49.0,Tehran,2023-08-05,New
108057,46.0,Tehran,2023-12-30,New
108058,41.0,Shiraz,2023-01-15,Regular
108059,49.0,Mashhad,2024-09-17,Regular
108060,61.0,Shiraz,2025-06-29,New
108061,36.0,Mashhad,2024-02-23,Regular
108062,42.0,Rasht,2024-12-27,Regular
108063,26.0,Shiraz,2024-03-06,New
108064,35.0,Kerman,2025-04-11,New
108065,55.0,Mashhad,2025-12-29,VIP
108066,48.0,Tehran,2025-02-21,Regular
108067,28.0,Qom,2024-01-08,New
108068,44.0,Qom,2025-06-21,Regular
108069,56.0,Tehran,2023-02-11,Regular
108070,23.0,Tabriz,2025-12-16,VIP
108071,20.0,Tabriz,2025-07-08,VIP
108072,36.0,Tehran,2024-12-16,Regular
108073,49.0,Shiraz,2024-11-10,Regular
108074,33.0,Tehran,2023-10-04,New
108075,57.0,Tehran,2024-04-17,Regular
108076,58.0,Ahvaz,2023-04-22,Regular
108077,43.0,Isfahan,2024-01-06,Regular
108078,36.0,Qom,2024-10-07,New
108079,20.0,Karaj,2024-02-01,Regular
108080,57.0,Kerman,2025-04-23,VIP
108081,60.0,Isfahan,2025-07-23,New
108082,39.0,Isfahan,2024-09-06,Regular
108083,42.0,Mashhad,2024-01-09,Regular
108084,54.0,Tabriz,2023-11-29,Regular
108085,51.0,Isfahan,2024-08-21,VIP
108086,24.0,Karaj,2025-02-27,Regular
108087,50.0,Mashhad,2023-05-19,New
108088,62.0,Tehran,2024-05-05,Regular
108089,54.0,Ahvaz,2024-04-27,Regular
108090,41.0,Qom,2023-11-10,New
108091,43.0,Mashhad,2023-09-18,Regular
108092,30.0,Karaj,2025-07-09,Regular
108093,49.0,Isfahan,2024-04-18,Regular
108094,29.0,Karaj,2024-09-23,Regular
108095,34.0,Mashhad,2023-02-11,Regular
108096,30.0,Shiraz,2023-11-07,Regular
108097,34.0,Tehran,2023-09-02,Regular
108098,35.0,Tehran,2023-12-26,New
108099,21.0,Qom,2025-07-10,Regular
108100,52.0,Mashhad,2024-09-17,VIP
108101,39.0,Tehran,2025-09-14,Regular
108102,63.0,Tehran,2024-04-08,Regular
108103,26.0,Isfahan,2025-04-23,VIP
108104,50.0,Karaj,2023-06-25,New
108105,26.0,Mashhad,2025-06-11,New
108106,44.0,Karaj,2024-10-30,New
108107,41.0,Ahvaz,2023-02-12,Regular
108108,39.0,Mashhad,2025-01-24,New
108109,49.0,Qom,2024-06-08,Regular
108110,57.0,Tehran,2023-01-01,Regular
108111,33.0,Isfahan,2025-07-16,New
108112,58.0,Tehran,2024-08-10,Regular
108113,26.0,Tehran,2024-10-26,New
108114,32.0,Tehran,2024-09-23,Regular
108115,32.0,Tehran,2023-04-10,New
108116,63.0,Ahvaz,2023-12-30,New
108117,23.0,Shiraz,2025-02-07,New
108118,36.0,Rasht,2024-01-06,Regular
108119,38.0,Shiraz,2025-08-30,New
108120,56.0,Tabriz,2023-12-14,Regular
108121,41.0,Tehran,2024-05-18,Regular
108122,64.0,Shiraz,2024-05-02,Regular
108123,53.0,Mashhad,2023-01-21,New
108124,51.0,Rasht,2025-06-08,Regular
108125,54.0,Rasht,2023-05-29,New
108126,25.0,Tehran,2024-05-28,Regular
108127,39.0,Tabriz,2025-09-21,Regular
108128,46.0,Tabriz,2025-12-24,Regular
108129,28.0,Shiraz,2023-09-10,New
108130,23.0,Tehran,2024-02-16,Regular
108131,24.0,Tabriz,2024-09-11,Regular
108132,55.0,Qom,2025-02-04,New
108133,49.0,Mashhad,2023-10-01,Regular
108134,31.0,Shiraz,2024-08-24,New
108135,53.0,Tehran,2025-07-02,Regular
108136,51.0,Rasht,2025-04-14,Regular
108137,57.0,Tehran,2025-06-19,New
108138,61.0,Tehran,2025-08-30,New
108139,60.0,Mashhad,2025-08-01,Regular
108140,26.0,Qom,2024-07-14,Regular
108141,54.0,Karaj,2025-12-02,New
108142,36.0,Tehran,2024-06-25,New
108143,37.0,Tehran,2025-02-15,Regular
108144,49.0,Karaj,2025-10-29,New
108145,46.0,Mashhad,2023-02-17,New
108146,38.0,Tehran,2025-10-19,Regular
108147,65.0,Kerman,2025-06-18,Regular
108148,26.0,Tehran,2025-12-27,Regular
108149,22.0,Shiraz,2025-04-26,New
108150,19.0,Tehran,2023-06-21,Regular
108151,57.0,Karaj,2023-11-27,Regular
108152,37.0,Karaj,2023-01-04,Regular
108153,38.0,Mashhad,2024-10-27,VIP
108154,49.0,Tabriz,2024-04-23,New
108155,38.0,Rasht,2024-06-03,Regular
108156,45.0,Qom,2025-03-14,Regular
108157,20.0,Isfahan,2025-06-17,New
108158,25.0,Isfahan,2023-03-21,VIP
108159,62.0,Ahvaz,2025-10-01,Regular
108160,39.0,Tehran,2024-02-14,New
108161,26.0,Tehran,2025-04-03,New
108162,35.0,Tehran,2024-09-28,New
108163,34.0,Qom,2024-04-30,VIP
108164,31.0,Tehran,2023-08-21,VIP
108165,32.0,Mashhad,2023-07-27,Regular
108166,53.0,Tabriz,2025-03-11,New
108167,23.0,Tehran,2023-12-18,Regular
108168,32.0,Mashhad,2023-09-09,Regular
108169,40.0,Isfahan,2023-01-07,New
108170,43.0,Tehran,2025-07-09,New
108171,60.0,Kerman,2024-03-09,Regular
108172,62.0,Tehran,2024-01-17,Regular
108173,32.0,Ahvaz,2024-02-12,Regular
108174,43.0,Isfahan,2024-10-17,Regular
108175,19.0,Tehran,2024-06-11,New
108176,47.0,Tehran,2024-08-18,New
108177,25.0,Isfahan,2023-11-01,Regular
108178,21.0,Mashhad,2023-11-21,Regular
108179,50.0,Tehran,2025-08-02,New
108180,26.0,Kerman,2024-04-25,Regular
108181,40.0,Isfahan,2025-12-01,Regular
108182,22.0,Rasht,2025-07-15,New
108183,53.0,Tehran,2025-02-18,New
108184,54.0,Tehran,2024-08-23,VIP
108185,45.0,Shiraz,2025-07-06,Regular
108186,58.0,Tehran,2023-03-02,New
108187,38.0,Tehran,2024-06-30,Regular
108188,26.0,Tehran,2025-02-19,New
108189,25.0,Tehran,2023-04-29,Regular
108190,28.0,Karaj,2023-07-19,Regular
108191,27.0,Mashhad,2023-03-13,Regular
108192,33.0,Kerman,2024-06-16,Regular
108193,28.0,Tehran,2024-08-15,Regular
108194,46.0,Mashhad,2024-05-28,New
108195,25.0,Mashhad,2023-03-02,Regular
108196,47.0,Isfahan,2024-06-16,New
108197,34.0,Ahvaz,2025-08-30,New
108198,50.0,Ahvaz,2023-02-03,VIP
108199,42.0,tehran,2025-04-29,VIP
108200,61.0,Mashhad,2023-10-26,Regular
108201,39.0,Qom,2023-03-23,Regular
108202,32.0,Tehran,2023-02-25,New
108203,46.0,Shiraz,2023-01-14,Regular
108204,49.0,Tehran,2024-03-30,New
108205,39.0,Isfahan,2024-06-29,New
108206,44.0,Isfahan,2024-11-11,Regular
108207,40.0,Mashhad,2023-03-30,Regular
108208,32.0,Rasht,2024-12-17,VIP
108209,33.0,Shiraz,2025-03-21,VIP
108210,61.0,Rasht,2023-03-12,Regular
108211,50.0,Karaj,2025-01-09,New
108212,22.0,Mashhad,2023-05-11,New
108213,64.0,Isfahan,2024-04-26,Regular
108214,52.0,Mashhad,2024-12-25,New
108215,20.0,Qom,2025-08-11,Regular
108216,52.0,Tehran,2024-08-04,Regular
108217,46.0,Rasht,2024-04-21,Regular
108218,61.0,Shiraz,2025-07-01,Regular
108219,41.0,Tabriz,2023-08-25,Regular
108220,42.0,Shiraz,2023-08-13,Regular
108221,33.0,Shiraz,2024-05-25,Regular
108222,33.0,Tabriz,2023-05-12,New
108223,47.0,Tabriz,2023-01-25,Regular
108224,57.0,Tehran,2024-02-01,Regular
108225,60.0,Shiraz,2023-06-17,New
108226,,Mashhad,2024-11-28,Regular
108227,47.0,Tabriz,2024-08-23,VIP
108228,42.0,Shiraz,2024-06-16,New
108229,34.0,Tehran,2024-06-27,Regular
108230,54.0,Karaj,2023-04-18,New
108231,33.0,Isfahan,2024-03-16,Regular
108232,30.0,Shiraz,2023-03-20,VIP
108233,59.0,Tabriz,2024-01-24,New
108234,46.0,Tabriz,2025-01-12,Regular
108235,35.0,Karaj,2025-12-16,Regular
108236,59.0,Tehran,2023-11-22,New
108237,64.0,Tehran,2023-10-17,Regular
108238,33.0,Tabriz,2025-01-03,VIP
108239,43.0,Tehran,2025-10-02,VIP
108240,41.0,Tehran,2023-11-19,Regular
108241,51.0,Tehran,2025-07-06,New
108242,63.0,Mashhad,2023-12-11,New
108243,44.0,Kerman,2024-12-01,New
108244,56.0,Tehran,2023-08-18,Regular
108245,46.0,Mashhad,2023-10-14,Regular
108246,60.0,Rasht,2025-12-13,Regular
108247,37.0,Kerman,2024-03-02,Regular
108248,36.0,Tehran,2023-01-18,New
108249,38.0,Ahvaz,2025-04-25,VIP
108250,65.0,Tehran,2023-05-20,New
108251,47.0,Karaj,2023-05-02,New
108252,25.0,Tehran,2025-07-04,Regular
108253,19.0,Mashhad,2024-01-17,New
108254,42.0,Tehran,2023-06-01,New
108255,,Karaj,2025-12-04,VIP
108256,41.0,Tehran,2023-11-04,VIP
108257,44.0,Isfahan,2024-11-24,Regular
108258,56.0,Karaj,2023-10-15,New
108259,42.0,Tehran,2024-09-28,New
108260,61.0,Rasht,2025-02-02,New
108261,48.0,Mashhad,2025-04-09,New
108262,53.0,Tehran,2024-03-26,VIP
108263,55.0,Tehran,2024-11-05,New
108264,48.0,Mashhad,2025-07-09,Regular
108265,20.0,Tehran,2025-07-09,New
108266,38.0,Shiraz,2025-03-29,Regular
108267,24.0,Tabriz,2024-03-13,New
108268,42.0,Isfahan,2024-08-04,New
108269,24.0,Isfahan,2025-11-25,New
108270,42.0,Qom,2023-09-30,VIP
108271,34.0,Mashhad,2025-01-28,Regular
108272,18.0,Tabriz,2025-05-17,Regular
108273,23.0,Rasht,2024-06-10,New
108274,42.0,Tehran,2025-08-06,Regular
108275,21.0,Tabriz,2024-04-13,Regular
108276,59.0,Rasht,2025-07-04,Regular
108277,54.0,Shiraz,2024-12-06,Regular
108278,52.0,Kerman,2023-02-26,Regular
108279,26.0,Mashhad,2025-06-20,VIP
108280,56.0,Shiraz,2025-02-03,VIP
108281,48.0,Mashhad,2023-09-01,Regular
108282,36.0,Tehran,2025-02-09,New
108283,18.0,Kerman,2024-07-14,New
108284,43.0,Tehran,2025-10-29,New
108285,56.0,Kerman,2023-11-30,New
108286,19.0,Tabriz,2023-10-16,Regular
108287,20.0,Rasht,2023-03-05,Regular
108288,36.0,Kerman,2025-05-11,Regular
108289,42.0,Shiraz,2025-12-14,Regular
108290,40.0,Kerman,2025-01-24,VIP
108291,38.0,Karaj,2024-02-09,New
108292,30.0,Shiraz,2025-08-20,New
108293,20.0,Tabriz,2023-10-05,Regular
108294,19.0,Tehran,2025-01-29,Regular
108295,22.0,Tehran,2024-10-15,Regular
108296,51.0,Tehran,2025-07-22,Regular
108297,55.0,Isfahan,2025-11-30,New
108298,38.0,Tehran,2024-01-29,Regular
108299,21.0,Shiraz,2023-04-15,VIP
108300,37.0,Tabriz,2023-06-22,Regular
108301,65.0,Tabriz,2025-03-20,Regular
108302,29.0,Rasht,2024-02-02,New
108303,41.0,Kerman,2023-06-03,New
108304,43.0,Rasht,2025-06-11,New
108305,33.0,Tabriz,2024-12-11,Regular
108306,39.0,Tehran,2023-05-25,Regular
108307,40.0,Rasht,2025-02-19,VIP
108308,40.0,Tehran,2024-11-29,Regular
108309,52.0,Tehran,2025-12-14,New
108310,45.0,Mashhad,2025-12-17,Regular
108311,20.0,,2025-12-04,New
108312,18.0,Karaj,2025-09-07,Regular
108313,37.0,Tehran,2025-05-18,New
108314,61.0,Karaj,2025-01-04,Regular
108315,19.0,Tehran,2024-08-19,VIP
108316,21.0,Mashhad,2025-05-17,New
108317,50.0,Mashhad,2025-11-23,Regular
108318,39.0,Mashhad,2023-05-08,Regular
108319,29.0,Karaj,2023-05-30,New
108320,,Tehran,2024-06-30,New
108321,49.0,Tehran,2023-11-18,Regular
108322,43.0,Tehran,2024-08-05,New
108323,48.0,Karaj,2023-12-07,New
108324,31.0,Kerman,2025-05-07,Regular
108325,43.0,Tabriz,2025-09-10,Regular
108326,59.0,Shiraz,2023-11-06,New
108327,,Rasht,2025-04-25,VIP
108328,37.0,Tehran,2023-04-27,Regular
108329,25.0,Tehran,2025-05-22,VIP
108330,48.0,Isfahan,2025-02-03,Regular
108331,19.0,Tehran,2025-02-16,New
108332,29.0,Isfahan,2024-06-23,New
108333,52.0,Isfahan,2023-04-28,VIP
108334,18.0,Mashhad,2025-07-11,Regular
108335,65.0,Isfahan,2023-05-01,Regular
108336,37.0,Mashhad,2024-06-11,Regular
108337,37.0,Tehran,2023-07-10,Regular
108338,43.0,Ahvaz,2025-07-15,Regular
108339,48.0,Karaj,2024-09-20,New
108340,40.0,Tehran,2024-07-10,Regular
108341,60.0,Tehran,2023-12-14,Regular
108342,64.0,Tehran,2025-05-07,Regular
108343,27.0,Tehran,2023-08-19,Regular
108344,51.0,Tehran,2025-02-28,Regular
108345,32.0,Tehran,2025-11-27,New
108346,65.0,Ahvaz,2023-10-19,New
108347,30.0,Qom,2025-01-21,New
108348,32.0,Qom,2023-12-05,New
108349,52.0,Tabriz,2025-10-15,New
108350,55.0,Karaj,2025-09-11,Regular
108351,24.0,Karaj,2023-12-10,Regular
108352,44.0,Ahvaz,2023-09-10,Regular
108353,34.0,Karaj,2023-04-01,Regular
108354,47.0,Karaj,2025-02-02,Regular
108355,44.0,Qom,2025-10-03,New
108356,65.0,Shiraz,2023-06-08,Regular
108357,62.0,Tehran,2025-06-12,New
108358,49.0,Tehran,2025-04-06,New
108359,50.0,Isfahan,2024-05-31,Regular
108360,,Tehran,2023-09-02,Regular
108361,26.0,Tehran,2024-12-15,New
108362,52.0,Tehran,2024-10-12,Regular
108363,55.0,Mashhad,2025-06-07,New
108364,24.0,Kerman,2024-09-09,New
108365,60.0,Mashhad,2023-02-23,Regular
108366,51.0,Tehran,2023-08-11,Regular
108367,34.0,Mashhad,2024-02-21,Regular
108368,41.0,Mashhad,2024-06-22,Regular
108369,41.0,Tabriz,2024-01-19,Regular
108370,62.0,Tabriz,2025-08-20,New
108371,64.0,Tehran,2023-11-04,Regular
108372,56.0,Shiraz,2025-01-15,Regular
108373,,Tehran,2024-01-31,Regular
108374,22.0,Tabriz,2025-12-22,Regular
108375,61.0,Rasht,2025-09-30,Regular
108376,24.0,Rasht,2025-05-09,New
108377,26.0,Tehran,2025-04-17,Regular
108378,21.0,Karaj,2024-12-05,New
108379,63.0,Qom,2024-10-05,New
108380,41.0,Ahvaz,2024-09-08,Regular
108381,29.0,Tehran,2023-01-30,Regular
108382,21.0,Isfahan,2025-10-23,Regular
108383,37.0,Tehran,2025-12-10,Regular
108384,52.0,Tehran,2024-07-31,Regular
108385,65.0,Tabriz,2025-08-11,New
108386,44.0,Isfahan,2024-03-16,Regular
108387,47.0,Tehran,2023-05-03,New
108388,58.0,Ahvaz,2025-07-02,Regular
108389,61.0,Isfahan,2024-07-11,Regular
108390,31.0,Kerman,2025-10-26,New
108391,65.0,Qom,2023-08-22,VIP
108392,42.0,Ahvaz,2024-06-08,Regular
108393,62.0,Karaj,2024-12-31,Regular
108394,23.0,Tehran,2023-05-31,Regular
108395,,Tehran,2025-12-27,Regular
108396,60.0,Rasht,2024-10-28,Regular
108397,50.0,Tehran,2023-07-08,New
108398,26.0,Mashhad,2025-03-22,VIP
108399,60.0,Tabriz,2025-08-19,Regular
108400,22.0,Tehran,2024-02-14,Regular
108401,50.0,Tehran,2024-10-29,Regular
108402,27.0,Isfahan,2025-03-29,New
108403,21.0,Mashhad,2023-06-09,Regular
108404,56.0,Tabriz,2024-08-04,Regular
108405,58.0,Tehran,2024-09-04,Regular
108406,23.0,Isfahan,2023-11-26,New
108407,22.0,Tehran,2023-11-25,Regular
108408,47.0,Tabriz,2024-11-20,VIP
108409,19.0,Tehran,2025-04-03,VIP
108410,53.0,Tehran,2024-03-01,Regular
108411,61.0,Qom,2023-06-10,Regular
108412,54.0,Tehran,2025-05-11,Regular
108413,29.0,Karaj,2023-07-10,New
108414,27.0,Tehran,2023-01-04,Regular
108415,50.0,Tehran,2023-12-19,Regular
108416,20.0,Mashhad,2025-06-14,New
108417,43.0,Ahvaz,2025-04-08,Regular
108418,39.0,Mashhad,2023-12-02,New
108419,53.0,Tehran,2024-07-22,Regular
108420,27.0,Shiraz,2025-11-16,Regular
108421,54.0,Mashhad,2025-02-26,Regular
108422,51.0,Qom,2025-04-11,New
108423,29.0,Kerman,2023-04-06,New
108424,35.0,Shiraz,2023-09-21,Regular
108425,21.0,Isfahan,2023-04-24,Regular
108426,39.0,Mashhad,2025-12-07,New
108427,30.0,Kerman,2024-01-10,Regular
108428,23.0,Isfahan,2024-07-01,VIP
108429,44.0,Tehran,2024-08-26,Regular
108430,45.0,Kerman,2024-07-26,New
108431,22.0,Kerman,2023-02-27,New
108432,26.0,Isfahan,2025-09-22,Regular
108433,21.0,Mashhad,2024-02-21,Regular
108434,50.0,Karaj,2025-10-02,VIP
108435,34.0,Qom,2025-04-17,New
108436,21.0,Isfahan,2025-02-02,Regular
108437,27.0,Mashhad,2025-02-08,VIP
108438,64.0,Mashhad,2025-12-07,New
108439,30.0,Mashhad,2023-11-29,VIP
108440,50.0,Tehran,2023-12-27,Regular
108441,40.0,Karaj,2025-01-04,Regular
108442,26.0,Tehran,2023-09-12,Regular
108443,32.0,Mashhad,2025-05-30,Regular
108444,18.0,Ahvaz,2023-02-02,VIP
108445,53.0,Mashhad,2025-09-09,New
108446,34.0,Mashhad,2024-01-15,Regular
108447,41.0,Rasht,2023-01-05,New
108448,25.0,Tehran,2024-10-21,New
108449,57.0,Ahvaz,2023-10-29,Regular
108450,28.0,Tehran,2023-12-01,Regular
108451,45.0,Isfahan,2024-06-11,Regular
108452,59.0,Tabriz,2024-09-26,New
108453,52.0,Mashhad,2023-05-30,New
108454,46.0,Shiraz,2023-02-22,New
108455,60.0,Tehran,2024-05-20,New
108456,26.0,Shiraz,2024-01-23,New
108457,64.0,Tehran,2024-09-29,Regular
108458,44.0,Qom,2025-03-30,New
108459,37.0,Shiraz,2024-11-03,VIP
108460,30.0,Isfahan,2023-04-25,New
108461,53.0,Tehran,2025-12-26,Regular
108462,64.0,tehran,2025-02-21,New
108463,51.0,Shiraz,2023-02-23,New
108464,19.0,Tehran,2025-04-15,Regular
108465,40.0,Tabriz,2025-08-22,New
108466,53.0,Tehran,2024-09-14,New
108467,37.0,Tehran,2025-06-30,Regular
108468,55.0,Karaj,2025-08-28,Regular
108469,51.0,Tehran,2025-11-21,Regular
108470,21.0,Tehran,2025-11-11,New
108471,44.0,Tabriz,2023-08-01,New
108472,26.0,Karaj,2023-02-07,Regular
108473,41.0,Tehran,2024-12-14,VIP
108474,36.0,Tehran,2025-01-13,New
108475,56.0,Isfahan,2024-09-14,New
108476,59.0,Shiraz,2023-09-17,Regular
108477,40.0,Isfahan,2025-11-04,VIP
108478,43.0,Tabriz,2024-03-22,New
108479,48.0,Karaj,2025-03-22,Regular
108480,49.0,Rasht,2024-11-13,Regular
108481,48.0,Mashhad,2025-09-07,New
108482,55.0,Tehran,2025-02-18,Regular
108483,65.0,Tehran,2024-11-25,Regular
108484,57.0,Tehran,2025-07-09,New
108485,24.0,Mashhad,2023-03-01,New
108486,40.0,Ahvaz,2025-02-11,New
108487,40.0,Mashhad,2024-10-03,New
108488,42.0,Tehran,2025-05-01,Regular
108489,43.0,,2023-09-03,Regular
108490,52.0,Kerman,2024-10-17,Regular
108491,38.0,Tehran,2023-11-08,Regular
108492,30.0,Karaj,2023-05-09,Regular
108493,39.0,Qom,2024-09-21,New
108494,59.0,Mashhad,2023-01-24,Regular
108495,32.0,Tabriz,2023-04-12,New
108496,18.0,Isfahan,2024-08-03,New
108497,64.0,Tehran,2025-09-10,Regular
108498,27.0,Isfahan,2025-02-22,Regular
108499,46.0,Tehran,2023-01-17,New
108500,56.0,Karaj,2023-04-30,Regular
108501,31.0,Qom,2024-04-17,New
108502,34.0,Mashhad,2024-04-15,Regular
108503,31.0,Shiraz,2023-02-13,Regular
108504,25.0,Tehran,2023-10-08,Regular
108505,25.0,Tehran,2023-05-19,New
108506,26.0,Tabriz,2024-09-12,Regular
108507,39.0,Tehran,2024-12-21,New
108508,43.0,Qom,2024-03-03,Regular
108509,18.0,Tehran,2024-09-17,VIP
108510,58.0,Qom,2023-08-09,New
108511,50.0,Mashhad,2025-07-21,Regular
108512,21.0,Mashhad,2023-01-05,New
108513,58.0,Karaj,2024-07-06,Regular
108514,19.0,Shiraz,2023-12-19,Regular
108515,44.0,Tehran,2024-05-08,Regular
108516,40.0,Ahvaz,2024-07-19,Regular
108517,42.0,Mashhad,2024-12-08,VIP
108518,63.0,Tehran,2025-10-14,Regular
108519,62.0,Isfahan,2024-09-06,VIP
108520,31.0,Shiraz,2023-09-07,New
108521,45.0,Tabriz,2024-07-27,VIP
108522,64.0,Ahvaz,2024-07-14,New
108523,52.0,Shiraz,2025-08-04,New
108524,60.0,Tehran,2024-09-12,Regular
108525,38.0,Tehran,2025-08-08,New
108526,31.0,Tehran,2024-12-11,Regular
108527,42.0,Mashad,2024-09-18,New
108528,57.0,Tehran,2023-12-26,Regular
108529,62.0,Tabriz,2023-10-08,New
108530,50.0,Shiraz,2023-04-19,New
108531,51.0,Qom,2024-08-23,Regular
108532,42.0,,2025-10-05,Regular
108533,,,2023-01-14,New
108534,38.0,Rasht,2025-11-09,Regular
108535,41.0,Shiraz,2025-07-30,Regular
108536,57.0,Isfahan,2024-04-24,Regular
108537,44.0,Karaj,2023-12-10,New
108538,56.0,Rasht,2024-09-27,VIP
108539,19.0,Tehran,2025-07-25,Regular
108540,54.0,Rasht,2023-02-01,New
108541,42.0,Tehran,2024-05-07,New
108542,65.0,Kerman,2023-02-21,New
108543,40.0,Tehran,2024-12-06,VIP
108544,40.0,Tehran,2023-03-25,VIP
108545,24.0,Tehran,2023-12-13,Regular
108546,56.0,Qom,2025-03-19,Regular
108547,51.0,Kerman,2025-04-03,Regular
108548,59.0,Mashhad,2023-09-06,Regular
108549,22.0,Mashhad,2024-07-15,Regular
108550,28.0,Tehran,2023-07-21,VIP
108551,60.0,Tehran,2024-10-09,New
108552,20.0,Qom,2023-01-10,New
108553,42.0,Tehran,2025-06-10,Regular
108554,,Kerman,2023-01-26,Regular
108555,63.0,Rasht,2024-10-28,New
108556,59.0,Tehran,2024-03-19,New
108557,61.0,Shiraz,2023-09-02,Regular
108558,31.0,Kerman,2024-08-16,Regular
108559,46.0,Ahvaz,2023-06-05,Regular
108560,51.0,Karaj,2024-09-26,Regular
108561,64.0,Tehran,2024-12-07,Regular
108562,18.0,Tehran,2024-05-16,Regular
108563,64.0,Qom,2024-02-01,Regular
108564,35.0,Mashhad,2024-05-18,New
108565,24.0,Tabriz,2025-11-13,Regular
108566,47.0,Karaj,2025-04-04,Regular
108567,55.0,Isfahan,2023-01-07,Regular
108568,24.0,Tehran,2023-11-14,Regular
108569,19.0,Mashhad,2023-01-28,New
108570,61.0,Ahvaz,2023-09-18,Regular
108571,62.0,Mashhad,2025-05-02,Regular
108572,25.0,Tehran,2025-07-24,New
108573,61.0,Kerman,2024-05-15,Regular
108574,,Karaj,2025-01-24,Regular
108575,65.0,Shiraz,2024-02-10,Regular
108576,28.0,Qom,2024-06-06,Regular
108577,45.0,Isfahan,2025-06-26,Regular
108578,65.0,Kerman,2023-10-29,Regular
108579,61.0,Ahvaz,2023-12-15,Regular
108580,47.0,Mashhad,2023-05-30,Regular
108581,27.0,Mashhad,2023-08-28,VIP
108582,22.0,Tehran,2023-02-10,Regular
108583,30.0,Tabriz,2025-06-12,New
108584,21.0,Tabriz,2025-07-22,Regular
108585,27.0,Mashad,2024-04-06,Regular
108586,21.0,Kerman,2024-10-11,Regular
108587,54.0,Isfahan,2023-09-30,Regular
108588,46.0,Qom,2023-02-20,New
108589,42.0,,2024-07-18,Regular
108590,56.0,Shiraz,2023-06-23,Regular
108591,37.0,Tehran,2025-07-17,Regular
108592,37.0,Tabriz,2023-11-03,Regular
108593,27.0,Tabriz,2025-03-18,Regular
108594,39.0,Tehran,2023-10-16,Regular
108595,26.0,Qom,2023-05-19,Regular
108596,46.0,Isfahan,2024-08-23,Regular
108597,65.0,Mashhad,2023-07-20,Regular
108598,43.0,Mashad,2024-03-13,Regular
108599,32.0,Mashhad,2023-11-18,Regular
108600,51.0,Tabriz,2025-08-24,Regular
108601,57.0,Tabriz,2024-07-04,New
108602,40.0,Tehran,2025-02-26,Regular
108603,30.0,Isfahan,2024-10-06,Regular
108604,52.0,Tehran,2025-09-24,New
108605,26.0,Tehran,2024-04-26,New
108606,65.0,Tabriz,2025-08-02,Regular
108607,33.0,Tehran,2025-09-10,Regular
108608,34.0,Kerman,2025-10-05,Regular
108609,52.0,tehran,2025-01-31,Regular
108610,18.0,Mashhad,2025-12-09,Regular
108611,27.0,Rasht,2025-03-26,New
108612,24.0,Isfahan,2023-12-08,Regular
108613,36.0,Tabriz,2023-06-21,Regular
108614,44.0,Karaj,2023-08-18,New
108615,26.0,Ahvaz,2024-09-20,VIP
108616,34.0,Tehran,2023-06-30,Regular
108617,55.0,Tehran,2023-09-18,New
108618,63.0,Kerman,2024-11-18,New
108619,18.0,Tehran,2023-12-31,Regular
108620,48.0,Karaj,2025-01-15,New
108621,19.0,Tabriz,2025-12-28,VIP
108622,42.0,Shiraz,2023-04-07,New
108623,60.0,Qom,2024-12-03,Regular
108624,56.0,Kerman,2025-06-18,New
108625,29.0,Tehran,2023-06-03,Regular
108626,30.0,Tabriz,2025-05-07,New
108627,55.0,Karaj,2024-07-09,Regular
108628,57.0,Mashhad,2024-11-19,VIP
108629,31.0,Rasht,2023-02-26,New
108630,18.0,Isfahan,2024-04-21,Regular
108631,39.0,Tehran,2024-02-06,New
108632,47.0,Ahvaz,2023-06-18,Regular
108633,39.0,Rasht,2025-04-15,New
108634,62.0,Tehran,2024-07-07,Regular
108635,57.0,Karaj,2025-08-19,Regular
108636,55.0,Tehran,2023-06-24,Regular
108637,18.0,Tehran,2025-03-11,VIP
108638,58.0,Tehran,2024-10-24,New
108639,54.0,Ahvaz,2024-12-13,New
108640,37.0,Tehran,2023-12-06,New
108641,46.0,Tehran,2025-01-26,Regular
108642,57.0,Karaj,2023-09-28,New
108643,61.0,Mashhad,2025-04-14,Regular
108644,44.0,Tehran,2024-04-27,VIP
108645,19.0,Tehran,2024-06-09,New
108646,47.0,Qom,2024-09-27,New
108647,50.0,Tabriz,2023-04-03,Regular
108648,20.0,Karaj,2024-02-07,Regular
108649,57.0,Tehran,2023-08-11,Regular
108650,27.0,Isfahan,2025-11-21,New
108651,,Qom,2024-04-06,Regular
108652,44.0,Tehran,2023-01-07,Regular
108653,33.0,Tehran,2023-01-29,New
108654,20.0,Mashhad,2025-09-26,New
108655,18.0,Mashhad,2023-06-21,Regular
108656,53.0,Tehran,2023-01-01,New
108657,36.0,Kerman,2023-08-21,Regular
108658,58.0,Isfahan,2023-08-26,Regular
108659,29.0,Tabriz,2023-03-29,VIP
108660,62.0,Tehran,2025-12-27,Regular
108661,63.0,Tabriz,2023-03-06,Regular
108662,22.0,Shiraz,2025-03-08,Regular
108663,49.0,Rasht,2025-07-05,Regular
108664,63.0,tehran,2024-12-06,New
108665,33.0,Qom,2023-05-25,Regular
108666,21.0,Mashhad,2025-03-06,Regular
108667,60.0,Shiraz,2023-12-28,Regular
108668,40.0,Rasht,2024-03-23,Regular
108669,19.0,Tabriz,2023-10-03,New
108670,58.0,Karaj,2025-05-08,Regular
108671,50.0,Ahvaz,2024-09-26,New
108672,21.0,Rasht,2023-06-19,Regular
108673,30.0,Tehran,2024-03-22,Regular
108674,18.0,Tehran,2025-05-19,Regular
108675,63.0,Shiraz,2025-10-23,Regular
108676,19.0,Kerman,2025-10-25,VIP
108677,56.0,Isfahan,2023-05-28,VIP
108678,,,2025-07-28,New
108679,45.0,Shiraz,2024-09-12,Regular
108680,56.0,Tehran,2025-03-20,New
108681,60.0,Tehran,2024-02-27,Regular
108682,24.0,Tehran,2024-12-14,Regular
108683,18.0,Tehran,2023-10-10,New
108684,23.0,Karaj,2024-07-24,New
108685,50.0,Mashhad,2023-09-05,Regular
108686,45.0,Tehran,2024-03-08,New
108687,22.0,Shiraz,2024-03-22,Regular
108688,29.0,Mashhad,2025-08-05,Regular
108689,43.0,Mashhad,2024-11-18,New
108690,53.0,Mashhad,2024-12-09,Regular
108691,34.0,Mashad,2023-11-07,Regular
108692,63.0,Karaj,2024-04-21,New
108693,65.0,Tehran,2024-06-01,New
108694,54.0,Tehran,2025-05-09,New
108695,39.0,Tehran,2023-07-23,VIP
108696,60.0,Mashhad,2023-03-01,Regular
108697,52.0,Tehran,2024-07-07,Regular
108698,42.0,Mashhad,2025-06-09,Regular
108699,39.0,Tehran,2025-03-14,New
108700,57.0,Tehran,2025-06-06,New
108701,44.0,Ahvaz,2024-03-06,New
108702,26.0,Mashhad,2023-09-08,Regular
108703,65.0,Tehran,2024-12-23,Regular
108704,21.0,Shiraz,2023-02-11,Regular
108705,51.0,Tehran,2025-09-07,New
108706,49.0,Karaj,2025-02-20,Regular
108707,46.0,Tehran,2024-07-05,Regular
108708,20.0,Isfahan,2023-08-07,Regular
108709,41.0,Rasht,2023-10-02,New
108710,60.0,Tehran,2025-12-26,Regular
108711,29.0,Tehran,2023-01-16,New
108712,51.0,Tabriz,2023-01-11,New
108713,59.0,Kerman,2024-01-16,Regular
108714,63.0,Mashhad,2023-09-09,Regular
108715,42.0,Tabriz,2025-01-11,Regular
108716,33.0,Tehran,2023-02-16,New
108717,51.0,Tabriz,2025-05-10,New
108718,41.0,Tehran,2025-05-07,Regular
108719,48.0,Tabriz,2023-09-09,Regular
108720,53.0,Tehran,2024-09-25,Regular
108721,52.0,Shiraz,2025-01-05,Regular
108722,29.0,Tehran,2025-07-18,New
108723,54.0,Karaj,2025-03-13,Regular
108724,44.0,Karaj,2025-11-20,VIP
108725,62.0,Ahvaz,2023-05-07,New
108726,49.0,Kerman,2024-10-30,Regular
108727,60.0,Isfahan,2025-04-26,New
108728,64.0,Tabriz,2023-09-11,New
108729,65.0,Tehran,2023-08-28,Regular
108730,53.0,Rasht,2023-04-12,Regular
108731,46.0,Tabriz,2025-12-15,New
108732,23.0,Isfahan,2025-08-06,Regular
108733,36.0,Isfahan,2023-05-13,New
108734,40.0,Karaj,2023-09-26,Regular
108735,55.0,Ahvaz,2024-05-16,Regular
108736,46.0,Qom,2025-09-05,New
108737,39.0,Shiraz,2025-06-23,Regular
108738,25.0,Mashhad,2025-08-19,Regular
108739,52.0,Rasht,2025-06-25,Regular
108740,38.0,Tabriz,2024-11-18,New
108741,19.0,Shiraz,2023-11-15,Regular
108742,31.0,Shiraz,2024-10-23,New
108743,60.0,Tabriz,2024-06-25,New
108744,23.0,Karaj,2025-11-07,New
108745,37.0,Shiraz,2024-05-06,Regular
108746,42.0,Ahvaz,2025-04-07,New
108747,22.0,Ahvaz,2023-07-10,VIP
108748,25.0,Isfahan,2025-01-18,Regular
108749,63.0,Tehran,2024-05-11,Regular
108750,46.0,Shiraz,2024-04-22,New
108751,28.0,Tabriz,2025-04-06,New
108752,26.0,Shiraz,2024-06-13,Regular
108753,38.0,Rasht,2023-03-06,Regular
108754,52.0,Tehran,2024-03-01,Regular
108755,,Mashhad,2025-11-20,Regular
108756,27.0,Ahvaz,2025-11-02,Regular
108757,,Rasht,2024-11-03,Regular
108758,61.0,Mashad,2024-11-29,New
108759,28.0,Tehran,2023-10-15,Regular
108760,19.0,Isfahan,2025-05-04,Regular
108761,64.0,Isfahan,2024-10-18,Regular
108762,43.0,Shiraz,2023-02-10,Regular
108763,55.0,Tehran,2025-11-05,Regular
108764,33.0,Mashhad,2025-07-22,Regular
108765,32.0,Tabriz,2023-03-31,New
108766,28.0,Tabriz,2024-04-02,New
108767,28.0,Tabriz,2025-03-24,New
108768,40.0,Mashhad,2025-03-18,New
108769,,Mashhad,2023-07-03,Regular
108770,58.0,Mashhad,2023-02-13,Regular
108771,42.0,Kerman,2025-12-14,New
108772,61.0,Mashhad,2025-09-05,VIP
108773,42.0,Tabriz,2025-03-19,VIP
108774,32.0,Shiraz,2024-12-23,Regular
108775,42.0,Ahvaz,2025-01-21,Regular
108776,25.0,Mashhad,2024-05-15,New
108777,57.0,Isfahan,2025-01-19,Regular
108778,52.0,Ahvaz,2023-11-29,Regular
108779,25.0,Tehran,2023-04-02,New
108780,45.0,Shiraz,2023-12-07,Regular
108781,43.0,Mashhad,2023-11-18,Regular
108782,27.0,Kerman,2023-11-29,New
108783,23.0,Karaj,2024-05-30,Regular
108784,54.0,,2023-05-24,Regular
108785,30.0,Ahvaz,2024-03-22,New
108786,42.0,Karaj,2024-05-22,New
108787,29.0,Shiraz,2023-07-25,New
108788,49.0,Tehran,2024-05-11,Regular
108789,20.0,Tehran,2025-01-08,Regular
108790,35.0,Tabriz,2024-03-27,New
108791,44.0,Isfahan,2023-01-03,Regular
108792,39.0,Ahvaz,2025-02-08,Regular
108793,47.0,Tehran,2024-09-25,Regular
108794,26.0,Tabriz,2024-04-04,Regular
108795,39.0,Tehran,2023-01-26,Regular
108796,54.0,Tabriz,2023-04-08,New
108797,34.0,Tehran,2023-03-28,Regular
108798,25.0,Mashhad,2025-07-22,New
108799,58.0,Tehran,2023-12-05,Regular
108800,55.0,Tabriz,2024-04-10,VIP
108801,50.0,Mashhad,2025-02-01,Regular
108802,56.0,Karaj,2024-12-18,New
108803,55.0,Tehran,2023-03-12,New
108804,53.0,Shiraz,2025-10-15,Regular
108805,42.0,Shiraz,2023-10-18,New
108806,18.0,Tehran,2025-04-20,VIP
108807,46.0,Tehran,2025-06-30,New
108808,31.0,Mashhad,2024-08-12,Regular
108809,55.0,Tabriz,2023-06-27,New
108810,40.0,Kerman,2024-08-19,New
108811,61.0,Tehran,2023-09-25,New
108812,46.0,Karaj,2025-07-19,New
108813,44.0,Karaj,2025-04-06,New
108814,62.0,Tabriz,2025-06-20,New
108815,40.0,Shiraz,2025-06-26,Regular
108816,36.0,Kerman,2023-07-15,Regular
108817,35.0,Isfahan,2023-02-03,New
108818,60.0,,2024-11-17,Regular
108819,54.0,Tehran,2024-11-03,Regular
108820,25.0,Qom,2025-08-05,VIP
108821,41.0,Kerman,2024-11-29,Regular
108822,35.0,Rasht,2025-05-29,Regular
108823,49.0,Mashhad,2024-01-17,VIP
108824,20.0,Ahvaz,2023-05-17,VIP
108825,52.0,Tehran,2023-02-11,VIP
108826,53.0,Tabriz,2024-04-22,Regular
108827,28.0,Mashhad,2023-01-03,Regular
108828,25.0,Tabriz,2024-07-21,VIP
108829,48.0,Isfahan,2024-03-14,Regular
108830,30.0,Tehran,2023-10-10,New
108831,63.0,Tehran,2024-10-09,VIP
108832,55.0,Tehran,2025-01-14,Regular
108833,63.0,Isfahan,2023-02-13,New
108834,43.0,Ahvaz,2024-06-05,New
108835,63.0,Karaj,2025-10-25,Regular
108836,18.0,Qom,2023-11-22,New
108837,31.0,Qom,2025-05-05,Regular
108838,18.0,Mashhad,2024-01-04,New
108839,50.0,Isfahan,2023-10-25,New
108840,42.0,Isfahan,2025-07-27,Regular
108841,31.0,Tehran,2024-01-26,VIP
108842,32.0,Shiraz,2025-08-06,Regular
108843,48.0,Karaj,2024-12-17,New
108844,26.0,Tabriz,2025-06-08,New
108845,42.0,Karaj,2025-06-11,New
108846,47.0,,2025-09-27,VIP
108847,29.0,Karaj,2024-08-30,Regular
108848,28.0,Tehran,2025-11-08,VIP
108849,35.0,Ahvaz,2023-03-07,Regular
108850,46.0,Tehran,2024-06-22,Regular
108851,30.0,Isfahan,2024-03-10,New
108852,36.0,Isfahan,2023-04-16,VIP
108853,44.0,Tehran,2025-08-14,New
108854,26.0,Mashhad,2025-05-26,Regular
108855,45.0,Tehran,2025-03-30,Regular
108856,24.0,Shiraz,2024-11-24,New
108857,24.0,Rasht,2024-10-21,Regular
108858,29.0,Mashad,2024-02-21,Regular
108859,31.0,Isfahan,2025-01-18,Regular
108860,19.0,Ahvaz,2025-12-04,Regular
108861,64.0,Isfahan,2023-10-03,New
108862,32.0,Ahvaz,2024-01-06,Regular
108863,56.0,Isfahan,2023-04-30,Regular
108864,61.0,Mashad,2025-09-20,VIP
108865,56.0,Tehran,2024-08-03,Regular
108866,57.0,Tehran,2024-10-10,Regular
108867,22.0,Tabriz,2023-10-19,VIP
108868,35.0,Qom,2023-02-10,Regular
108869,53.0,Tehran,2025-05-31,New
108870,45.0,Rasht,2025-07-31,New
108871,18.0,Mashhad,2024-01-09,Regular
108872,45.0,Isfahan,2025-04-14,Regular
108873,56.0,Rasht,2024-09-18,Regular
108874,57.0,Rasht,2024-12-04,Regular
108875,36.0,Shiraz,2023-07-09,New
108876,29.0,tehran,2024-11-03,Regular
108877,32.0,Tehran,2023-06-26,Regular
108878,32.0,Tehran,2023-08-28,Regular
108879,34.0,Qom,2024-01-26,Regular
108880,32.0,Mashhad,2023-08-23,Regular
108881,39.0,Karaj,2025-09-22,Regular
108882,19.0,Tehran,2023-02-01,Regular
108883,31.0,Mashad,2025-09-16,New
108884,33.0,Mashhad,2023-06-18,Regular
108885,25.0,Isfahan,2025-08-10,New
108886,60.0,Shiraz,2024-01-04,Regular
108887,50.0,Kerman,2025-10-05,Regular
108888,61.0,Rasht,2024-08-15,New
108889,44.0,Karaj,2024-06-20,Regular
108890,23.0,,2023-05-24,Regular
108891,61.0,Rasht,2024-04-19,Regular
108892,39.0,Rasht,2024-09-02,Regular
108893,50.0,Ahvaz,2025-12-12,New
108894,36.0,Isfahan,2023-10-16,New
108895,41.0,Tehran,2023-04-01,Regular
108896,41.0,Karaj,2023-10-06,Regular
108897,31.0,Mashhad,2023-09-24,Regular
108898,44.0,Mashhad,2025-11-03,New
108899,53.0,Mashhad,2023-06-14,New
108900,18.0,Shiraz,2025-12-22,Regular
108901,24.0,Mashhad,2023-05-04,Regular
108902,58.0,Karaj,2025-06-07,Regular
108903,45.0,Tabriz,2024-03-30,Regular
108904,64.0,Isfahan,2023-03-01,Regular
108905,47.0,Tehran,2024-11-03,Regular
108906,49.0,tehran,2025-03-08,Regular
108907,61.0,Mashad,2025-07-07,New
108908,49.0,Isfahan,2023-07-15,Regular
108909,33.0,Isfahan,2024-11-07,New
108910,43.0,Mashhad,2024-09-15,New
108911,29.0,Tabriz,2024-04-29,New
108912,34.0,Tehran,2025-09-05,New
108913,50.0,Ahvaz,2024-04-08,New
108914,25.0,Tehran,2024-02-21,New
108915,50.0,Kerman,2024-07-29,New
108916,46.0,Tabriz,2025-10-14,New
108917,32.0,Tehran,2025-08-07,New
108918,20.0,Shiraz,2025-02-14,New
108919,51.0,Mashhad,2023-03-30,Regular
108920,57.0,Kerman,2023-11-26,Regular
108921,53.0,Karaj,2023-01-17,New
108922,38.0,Isfahan,2023-04-14,Regular
108923,49.0,Isfahan,2025-06-29,Regular
108924,37.0,Kerman,2025-06-11,New
108925,35.0,Tabriz,2023-04-23,Regular
108926,33.0,Shiraz,2024-05-16,New
108927,28.0,Mashhad,2023-11-02,Regular
108928,64.0,Mashhad,2023-03-21,Regular
108929,49.0,Karaj,2024-02-22,Regular
108930,26.0,Shiraz,2023-04-23,New
108931,59.0,Ahvaz,2025-03-16,New
108932,25.0,Shiraz,2025-11-24,Regular
108933,46.0,Shiraz,2024-04-07,Regular
108934,25.0,Isfahan,2023-09-24,Regular
108935,35.0,Karaj,2024-07-01,VIP
108936,49.0,Isfahan,2025-11-24,Regular
108937,65.0,Ahvaz,2023-06-24,New
108938,65.0,Mashhad,2025-01-15,Regular
108939,60.0,Karaj,2023-04-12,New
108940,29.0,Rasht,2023-11-26,Regular
108941,22.0,Karaj,2024-04-26,Regular
108942,61.0,Mashhad,2024-02-25,New
108943,62.0,Karaj,2023-07-15,New
108944,31.0,Tehran,2025-04-30,Regular
108945,18.0,Tehran,2025-01-07,Regular
108946,49.0,Qom,2024-04-21,New
108947,21.0,Qom,2024-04-03,New
108948,19.0,Tehran,2023-03-23,Regular
108949,62.0,Rasht,2024-12-24,Regular
108950,41.0,Isfahan,2023-09-09,Regular
108951,23.0,Rasht,2023-11-26,Regular
108952,49.0,Qom,2025-07-31,Regular
108953,35.0,Rasht,2024-12-04,Regular
108954,43.0,Ahvaz,2025-02-01,New
108955,61.0,Kerman,2023-10-17,New
108956,29.0,Tabriz,2024-07-02,New
108957,49.0,Tehran,2023-01-16,Regular
108958,57.0,Mashhad,2023-09-26,Regular
108959,38.0,Karaj,2025-05-26,New
108960,64.0,Tehran,2024-06-03,Regular
108961,39.0,Rasht,2024-11-26,New
108962,40.0,Tehran,2025-05-13,Regular
108963,60.0,Ahvaz,2025-10-22,Regular
108964,48.0,Isfahan,2023-03-31,Regular
108965,59.0,Ahvaz,2024-09-28,Regular
108966,55.0,Kerman,2025-12-25,Regular
108967,52.0,Isfahan,2023-08-07,New
108968,29.0,Karaj,2025-07-30,Regular
108969,37.0,Tehran,2024-09-27,Regular
108970,59.0,Qom,2023-12-15,New
108971,47.0,Qom,2025-05-07,Regular
108972,31.0,Mashhad,2025-08-11,VIP
108973,33.0,Tehran,2023-06-06,Regular
108974,55.0,Isfahan,2025-01-16,New
108975,,Tehran,2025-10-22,New
108976,23.0,Qom,2024-12-30,Regular
108977,54.0,Tehran,2024-08-22,Regular
108978,31.0,Rasht,2023-06-02,New
108979,54.0,Kerman,2024-05-08,New
108980,43.0,Rasht,2025-09-18,New
108981,65.0,Shiraz,2025-05-25,Regular
108982,43.0,Tehran,2024-05-08,Regular
108983,59.0,Qom,2023-12-05,Regular
108984,58.0,Karaj,2025-05-29,Regular
108985,28.0,Kerman,2025-11-25,Regular
108986,65.0,Mashhad,2023-11-24,Regular
108987,53.0,Tehran,2025-06-06,Regular
108988,23.0,Kerman,2023-12-04,New
108989,18.0,Ahvaz,2025-06-24,New
108990,31.0,Tehran,2025-11-22,Regular
108991,18.0,Karaj,2024-12-27,Regular
108992,35.0,Tehran,2024-06-27,New
108993,65.0,Shiraz,2023-12-10,Regular
108994,,Mashhad,2023-03-07,Regular
108995,19.0,Mashhad,2023-02-27,New
108996,41.0,Tehran,2025-07-04,Regular
108997,28.0,Tehran,2024-12-25,New
108998,59.0,Isfahan,2023-09-06,Regular
108999,22.0,Tehran,2024-08-27,Regular
109000,54.0,Isfahan,2025-08-20,Regular
109001,39.0,Shiraz,2024-12-10,Regular
109002,18.0,Mashad,2025-09-30,Regular
109003,50.0,Tabriz,2023-05-09,New
109004,39.0,Tehran,2023-03-21,New
109005,55.0,Tehran,2024-12-30,Regular
109006,47.0,Ahvaz,2024-09-29,Regular
109007,55.0,Ahvaz,2025-01-23,Regular
109008,40.0,Kerman,2025-12-10,VIP
109009,18.0,Kerman,2023-04-30,Regular
109010,24.0,Tabriz,2025-10-16,Regular
109011,40.0,Rasht,2023-03-08,Regular
109012,37.0,Isfahan,2024-07-29,New
109013,56.0,Qom,2025-06-29,Regular
109014,37.0,Kerman,2025-01-15,Regular
109015,59.0,Qom,2023-09-01,Regular
109016,27.0,Isfahan,2024-10-23,Regular
109017,36.0,Mashhad,2025-09-14,Regular
109018,54.0,Mashhad,2023-08-11,VIP
109019,23.0,Mashhad,2025-10-23,New
109020,33.0,Qom,2024-12-16,New
109021,54.0,Karaj,2023-04-05,Regular
109022,46.0,Tehran,2023-12-31,Regular
109023,55.0,Karaj,2025-08-01,Regular
109024,42.0,Mashhad,2024-01-06,Regular
109025,59.0,Shiraz,2025-11-02,New
109026,60.0,Mashhad,2024-04-04,Regular
109027,64.0,Shiraz,2024-01-11,Regular
109028,23.0,Karaj,2025-07-22,Regular
109029,46.0,Karaj,2025-05-10,Regular
109030,23.0,Karaj,2023-09-18,Regular
109031,28.0,Mashhad,2025-05-05,Regular
109032,32.0,Karaj,2023-10-02,Regular
109033,49.0,Tehran,2025-09-07,Regular
109034,38.0,Isfahan,2023-01-09,Regular
109035,59.0,Shiraz,2024-12-26,Regular
109036,32.0,Karaj,2023-06-19,Regular
109037,47.0,Rasht,2025-01-11,Regular
109038,54.0,Mashhad,2025-12-07,New
109039,65.0,Ahvaz,2025-01-01,New
109040,29.0,Mashhad,2024-04-20,Regular
109041,53.0,Shiraz,2025-06-20,VIP
109042,22.0,Qom,2023-08-02,Regular
109043,44.0,Karaj,2024-08-17,Regular
109044,37.0,Ahvaz,2025-11-23,Regular
109045,64.0,Qom,2024-01-25,New
109046,55.0,Tehran,2023-01-30,VIP
109047,62.0,Kerman,2024-04-28,Regular
109048,58.0,Rasht,2024-06-14,Regular
109049,37.0,Isfahan,2025-06-08,Regular
109050,53.0,Tehran,2025-05-31,Regular
109051,19.0,Mashhad,2024-01-08,New
109052,44.0,Ahvaz,2025-04-26,New
109053,20.0,Kerman,2023-06-06,New
109054,52.0,Ahvaz,2023-07-27,VIP
109055,64.0,Mashhad,2024-10-23,Regular
109056,50.0,Tehran,2025-02-14,Regular
109057,58.0,Shiraz,2025-06-02,Regular
109058,29.0,Mashhad,2024-11-12,New
109059,65.0,Tehran,2023-05-20,New
109060,44.0,Tehran,2025-01-09,New
109061,50.0,Tehran,2024-04-15,Regular
109062,54.0,,2023-10-19,New
109063,48.0,Karaj,2024-01-07,New
109064,33.0,Mashhad,2025-06-06,New
109065,47.0,Isfahan,2023-07-14,Regular
109066,49.0,Shiraz,2024-09-04,Regular
109067,59.0,Kerman,2023-04-01,New
109068,41.0,Karaj,2025-03-04,Regular
109069,42.0,Tabriz,2023-06-14,VIP
109070,,Karaj,2025-10-25,New
109071,23.0,Karaj,2025-08-23,VIP
109072,22.0,Karaj,2025-07-25,Regular
109073,18.0,Isfahan,2024-01-17,Regular
109074,49.0,Shiraz,2025-05-06,New
109075,38.0,Isfahan,2023-05-28,Regular
109076,59.0,Mashhad,2023-11-14,Regular
109077,51.0,Tehran,2023-05-26,New
109078,24.0,Mashhad,2023-03-01,Regular
109079,22.0,Isfahan,2024-02-06,New
109080,35.0,Shiraz,2024-09-21,Regular
109081,62.0,Isfahan,2025-08-02,Regular
109082,20.0,Tehran,2023-02-07,Regular
109083,26.0,Mashhad,2024-03-21,New
109084,19.0,Mashhad,2025-02-21,Regular
109085,37.0,,2023-08-09,New
109086,65.0,Mashhad,2025-03-17,Regular
109087,50.0,Tehran,2024-09-16,Regular
109088,41.0,Tehran,2024-09-08,New
109089,24.0,Isfahan,2023-05-17,Regular
109090,35.0,Tehran,2023-07-04,VIP
109091,43.0,Isfahan,2025-08-18,VIP
109092,31.0,Shiraz,2025-08-16,New
109093,51.0,Rasht,2024-05-10,New
109094,65.0,Tabriz,2024-10-14,New
109095,27.0,,2024-08-16,Regular
109096,30.0,Mashhad,2024-07-17,New
109097,24.0,Qom,2025-02-18,New
109098,52.0,Tehran,2024-09-13,Regular
109099,40.0,Rasht,2023-05-18,VIP
109100,31.0,Shiraz,2023-04-01,New
109101,28.0,Tehran,2025-07-20,Regular
109102,21.0,tehran,2025-03-21,New
109103,40.0,Rasht,2023-08-06,Regular
109104,50.0,Kerman,2023-03-08,Regular
109105,29.0,Ahvaz,2023-08-29,VIP
109106,18.0,Mashhad,2024-09-25,Regular
109107,40.0,Karaj,2024-10-01,New
109108,50.0,Tehran,2023-07-05,Regular
109109,34.0,Mashhad,2023-07-12,New
109110,30.0,Karaj,2023-08-16,New
109111,,Kerman,2024-04-30,VIP
109112,53.0,Isfahan,2023-09-13,Regular
109113,59.0,Isfahan,2024-05-14,Regular
109114,54.0,Tehran,2023-01-16,New
109115,42.0,Mashhad,2025-10-22,Regular
109116,52.0,Tehran,2025-09-03,Regular
109117,37.0,Ahvaz,2024-01-06,Regular
109118,19.0,Tehran,2025-05-30,New
109119,35.0,Karaj,2024-08-09,Regular
109120,51.0,Tehran,2023-02-04,Regular
109121,49.0,Isfahan,2023-11-08,New
109122,65.0,Mashhad,2023-03-04,VIP
109123,65.0,Mashhad,2025-02-14,Regular
109124,29.0,Shiraz,2025-05-07,New
109125,18.0,Tabriz,2024-11-06,Regular
109126,31.0,Rasht,2023-01-08,New
109127,60.0,Mashhad,2023-09-16,Regular
109128,57.0,Shiraz,2024-05-28,Regular
109129,22.0,Rasht,2023-06-08,Regular
109130,25.0,Mashhad,2023-04-28,New
109131,45.0,Ahvaz,2023-11-30,Regular
109132,49.0,Kerman,2024-10-09,Regular
109133,65.0,Ahvaz,2023-04-07,Regular
109134,54.0,Shiraz,2025-12-29,Regular
109135,28.0,Karaj,2024-05-17,Regular
109136,19.0,Isfahan,2023-07-08,New
109137,48.0,Shiraz,2023-01-22,New
109138,44.0,Kerman,2025-11-13,Regular
109139,62.0,Tehran,2024-10-13,New
109140,45.0,Qom,2025-08-05,Regular
109141,42.0,Isfahan,2025-04-30,VIP
109142,32.0,Tehran,2025-12-15,Regular
109143,22.0,Tabriz,2025-09-01,Regular
109144,60.0,Qom,2025-04-18,New
109145,,Shiraz,2025-07-21,Regular
109146,25.0,Ahvaz,2025-07-27,Regular
109147,51.0,Mashhad,2023-10-07,Regular
109148,35.0,Rasht,2024-10-13,New
109149,38.0,Tabriz,2025-12-15,Regular
109150,58.0,Qom,2025-08-07,Regular
109151,58.0,Tehran,2023-04-26,VIP
109152,27.0,Isfahan,2023-05-03,Regular
109153,32.0,Rasht,2023-08-08,New
109154,57.0,Tehran,2025-03-23,New
109155,62.0,Mashhad,2024-03-07,Regular
109156,21.0,Qom,2024-11-19,Regular
109157,,Karaj,2023-06-03,New
109158,41.0,Ahvaz,2023-03-07,VIP
109159,46.0,Karaj,2025-04-24,VIP
109160,21.0,Rasht,2023-11-16,VIP
109161,50.0,Isfahan,2023-02-17,Regular
109162,50.0,Tabriz,2023-08-25,Regular
109163,49.0,Ahvaz,2023-12-20,Regular
109164,55.0,Karaj,2024-03-19,Regular
109165,63.0,Tehran,2025-09-08,New
109166,58.0,Mashhad,2023-08-06,New
109167,53.0,Shiraz,2024-10-23,New
109168,65.0,Karaj,2023-10-28,Regular
109169,50.0,Shiraz,2024-06-29,Regular
109170,50.0,Karaj,2023-11-21,VIP
109171,44.0,Ahvaz,2024-01-13,Regular
109172,54.0,Tehran,2024-10-18,New
109173,21.0,Tabriz,2024-10-07,Regular
109174,42.0,Shiraz,2023-05-28,New
109175,38.0,Tehran,2023-06-21,VIP
109176,61.0,Isfahan,2023-09-22,New
109177,21.0,Shiraz,2025-09-11,New
109178,48.0,Qom,2023-12-14,Regular
109179,26.0,Isfahan,2024-09-24,Regular
109180,60.0,Tehran,2024-05-06,Regular
109181,58.0,Isfahan,2024-01-23,New
109182,29.0,Ahvaz,2023-02-11,Regular
109183,59.0,Shiraz,2024-04-28,New
109184,41.0,Mashhad,2025-12-30,Regular
109185,64.0,Rasht,2025-10-27,Regular
109186,53.0,Tehran,2023-11-25,New
109187,19.0,Mashhad,2024-08-06,Regular
109188,27.0,Isfahan,2023-11-11,New
109189,37.0,Karaj,2025-10-06,New
109190,28.0,Ahvaz,2024-08-30,Regular
109191,24.0,Tehran,2025-10-04,New
109192,64.0,Qom,2025-07-24,New
109193,59.0,Karaj,2023-12-25,Regular
109194,38.0,Rasht,2024-05-15,Regular
109195,28.0,Rasht,2024-09-15,Regular
109196,26.0,Karaj,2023-09-30,Regular
109197,61.0,Tehran,2025-06-29,Regular
109198,33.0,,2024-09-11,Regular
109199,18.0,Rasht,2023-08-16,Regular
109200,37.0,Shiraz,2024-06-12,Regular
109201,39.0,Shiraz,2025-06-18,Regular
109202,47.0,Rasht,2024-04-08,VIP
109203,34.0,Ahvaz,2025-02-16,Regular
109204,62.0,tehran,2025-12-13,New
109205,48.0,Ahvaz,2024-01-02,Regular
109206,65.0,Tehran,2025-12-26,New
109207,35.0,Karaj,2024-03-29,VIP
109208,49.0,Kerman,2024-09-07,New
109209,35.0,Tehran,2025-04-26,Regular
109210,51.0,Tehran,2023-03-16,Regular
109211,53.0,Qom,2025-02-07,New
109212,33.0,Shiraz,2024-09-12,Regular
109213,63.0,Tehran,2024-12-18,New
109214,59.0,Tehran,2025-11-08,Regular
109215,60.0,Mashhad,2024-06-15,New
109216,28.0,Mashhad,2025-10-10,Regular
109217,52.0,Ahvaz,2024-09-13,Regular
109218,23.0,Tabriz,2023-08-24,New
109219,23.0,Karaj,2024-12-15,Regular
109220,64.0,Tehran,2023-07-28,Regular
109221,25.0,Isfahan,2025-09-11,New
109222,59.0,Mashhad,2023-06-16,VIP
109223,38.0,Ahvaz,2024-06-30,New
109224,32.0,Kerman,2025-06-16,Regular
109225,21.0,Isfahan,2023-01-11,Regular
109226,50.0,Kerman,2024-06-20,VIP
109227,52.0,Tehran,2024-07-08,New
109228,40.0,Mashhad,2024-01-06,Regular
109229,56.0,Karaj,2025-01-06,Regular
109230,33.0,Mashhad,2023-12-22,Regular
109231,44.0,Rasht,2024-02-14,Regular
109232,31.0,Mashad,2023-10-29,Regular
109233,45.0,Qom,2024-11-14,Regular
109234,24.0,Tehran,2025-08-24,New
109235,40.0,Tehran,2023-07-14,New
109236,44.0,Isfahan,2024-03-24,New
109237,44.0,Rasht,2023-09-05,New
109238,39.0,Shiraz,2023-09-25,Regular
109239,48.0,Tabriz,2025-11-29,Regular
109240,42.0,Tehran,2025-02-16,Regular
109241,31.0,Tehran,2025-10-31,New
109242,28.0,Tehran,2024-11-26,Regular
109243,49.0,Qom,2024-12-30,New
109244,63.0,Tehran,2025-02-22,New
109245,54.0,Mashhad,2024-12-16,Regular
109246,48.0,Tabriz,2025-06-19,New
109247,62.0,Shiraz,2023-12-24,Regular
109248,61.0,Isfahan,2023-04-21,Regular
109249,42.0,Tehran,2024-06-18,Regular
109250,23.0,Mashad,2023-01-03,New
109251,48.0,Karaj,2023-02-21,New
109252,47.0,Tehran,2023-02-25,Regular
109253,31.0,Karaj,2023-03-26,Regular
109254,58.0,Tehran,2025-02-12,Regular
109255,59.0,Rasht,2024-10-16,New
109256,33.0,Kerman,2025-10-20,Regular
109257,40.0,Tehran,2023-11-14,New
109258,27.0,Isfahan,2023-12-29,Regular
109259,26.0,Isfahan,2024-06-20,VIP
109260,30.0,Ahvaz,2025-05-05,New
109261,35.0,Shiraz,2025-10-16,New
109262,31.0,Tabriz,2025-03-09,Regular
109263,25.0,,2024-07-09,Regular
109264,39.0,Tehran,2025-12-06,Regular
109265,47.0,Karaj,2023-07-18,Regular
109266,33.0,Tabriz,2024-05-30,Regular
109267,43.0,Ahvaz,2023-09-28,New
109268,31.0,Ahvaz,2023-07-01,VIP
109269,51.0,Tabriz,2024-03-10,Regular
109270,49.0,Shiraz,2025-04-17,Regular
109271,64.0,Rasht,2023-12-17,Regular
109272,20.0,Qom,2025-06-15,VIP
109273,58.0,Ahvaz,2024-10-30,New
109274,34.0,Kerman,2025-02-13,VIP
109275,21.0,Mashhad,2023-09-24,New
109276,51.0,Karaj,2025-08-03,Regular
109277,26.0,Karaj,2023-08-12,Regular
109278,26.0,Mashad,2024-02-11,New
109279,65.0,Tabriz,2025-05-07,Regular
109280,28.0,Isfahan,2025-01-25,Regular
109281,44.0,Isfahan,2023-11-24,New
109282,27.0,Tehran,2023-10-16,Regular
109283,23.0,Karaj,2024-04-19,New
109284,18.0,Karaj,2024-05-03,Regular
109285,18.0,Shiraz,2023-03-07,Regular
109286,40.0,Tehran,2023-09-23,Regular
109287,38.0,Shiraz,2023-06-19,Regular
109288,19.0,Tehran,2023-06-19,Regular
109289,,Mashhad,2024-01-23,New
109290,31.0,Mashhad,2023-02-09,Regular
109291,45.0,Ahvaz,2025-01-11,Regular
109292,65.0,Isfahan,2025-01-05,New
109293,51.0,Shiraz,2023-08-30,Regular
109294,62.0,Ahvaz,2025-08-16,New
109295,27.0,Isfahan,2024-10-12,VIP
109296,28.0,Ahvaz,2023-12-11,New
109297,54.0,Tehran,2023-08-01,Regular
109298,32.0,Mashhad,2024-04-15,New
109299,58.0,Tehran,2025-11-17,VIP
109300,40.0,Shiraz,2023-01-04,Regular
109301,27.0,Kerman,2023-01-23,New
109302,58.0,Tabriz,2024-03-28,New
109303,44.0,Tabriz,2025-10-03,Regular
109304,56.0,Tehran,2023-11-05,New
109305,39.0,Rasht,2025-03-29,New
109306,24.0,Isfahan,2024-09-20,VIP
109307,50.0,Tehran,2023-08-07,Regular
109308,23.0,Kerman,2025-09-21,New
109309,49.0,Isfahan,2023-06-28,Regular
109310,38.0,Mashhad,2024-07-08,New
109311,55.0,Tehran,2024-12-26,Regular
109312,59.0,Tehran,2025-01-09,New
109313,37.0,Qom,2025-07-24,Regular
109314,60.0,Isfahan,2025-02-11,New
109315,23.0,tehran,2024-12-20,VIP
109316,23.0,Tehran,2023-06-16,New
109317,65.0,Tabriz,2023-12-02,Regular
109318,45.0,Karaj,2024-01-15,Regular
109319,39.0,Tabriz,2024-02-11,Regular
109320,25.0,Shiraz,2023-05-04,New
109321,31.0,Shiraz,2023-04-15,Regular
109322,50.0,Karaj,2024-04-27,VIP
109323,57.0,Ahvaz,2025-03-02,New
109324,,Mashhad,2025-08-29,New
109325,37.0,Isfahan,2025-10-26,VIP
109326,39.0,Tabriz,2024-06-10,Regular
109327,25.0,Mashhad,2025-09-10,Regular
109328,21.0,Tehran,2024-05-14,Regular
109329,39.0,Kerman,2024-06-02,New
109330,45.0,Tehran,2023-08-18,New
109331,23.0,Tehran,2024-11-18,Regular
109332,37.0,Tabriz,2023-12-06,Regular
109333,48.0,Tehran,2024-06-15,Regular
109334,56.0,Tehran,2025-10-22,Regular
109335,63.0,Tehran,2024-08-21,Regular
109336,34.0,Tehran,2023-11-28,Regular
109337,36.0,Isfahan,2025-01-04,New
109338,59.0,Qom,2025-03-11,Regular
109339,51.0,Mashhad,2024-10-26,New
109340,31.0,Isfahan,2023-02-16,New
109341,50.0,Tabriz,2023-09-05,New
109342,25.0,Mashhad,2023-05-21,VIP
109343,39.0,Isfahan,2025-11-12,Regular
109344,32.0,Mashhad,2023-12-08,New
109345,65.0,Mashhad,2024-06-03,Regular
109346,19.0,Mashhad,2025-09-14,Regular
109347,59.0,Tehran,2025-12-21,Regular
109348,31.0,Ahvaz,2023-08-29,New
109349,19.0,Kerman,2025-07-30,New
109350,49.0,Ahvaz,2025-03-06,New
109351,50.0,Tehran,2024-11-03,Regular
109352,24.0,Karaj,2023-07-03,New
109353,19.0,Shiraz,2025-01-26,Regular
109354,23.0,Tehran,2024-11-02,Regular
109355,37.0,Rasht,2024-05-03,New
109356,24.0,Karaj,2024-10-04,New
109357,51.0,Tehran,2023-08-19,Regular
109358,21.0,Kerman,2024-11-12,Regular
109359,55.0,Tehran,2023-06-17,Regular
109360,59.0,Isfahan,2023-11-10,Regular
109361,52.0,Tehran,2024-06-25,Regular
109362,63.0,Tehran,2023-06-27,Regular
109363,63.0,Kerman,2025-09-27,Regular
109364,20.0,Shiraz,2025-08-28,VIP
109365,34.0,Tehran,2024-06-03,Regular
109366,54.0,Karaj,2024-09-15,New
109367,34.0,Ahvaz,2023-11-16,Regular
109368,53.0,Rasht,2023-08-21,New
109369,55.0,Rasht,2025-11-18,Regular
109370,,Rasht,2024-03-28,New
109371,33.0,Tabriz,2025-11-10,Regular
109372,34.0,Mashhad,2023-03-15,Regular
109373,19.0,Rasht,2023-04-27,Regular
109374,31.0,Tehran,2024-06-04,Regular
109375,31.0,Tehran,2025-05-06,New
109376,39.0,Isfahan,2024-04-09,New
109377,38.0,Mashhad,2025-07-08,Regular
109378,59.0,Tabriz,2023-05-26,Regular
109379,55.0,Rasht,2025-07-26,VIP
109380,52.0,Isfahan,2024-05-01,Regular
109381,18.0,Shiraz,2023-11-09,Regular
109382,40.0,Isfahan,2024-12-01,VIP
109383,53.0,Karaj,2025-05-02,Regular
109384,29.0,Tehran,2025-10-13,New
109385,38.0,Tehran,2023-04-06,Regular
109386,52.0,Tabriz,2025-02-08,Regular
109387,56.0,Shiraz,2023-12-11,Regular
109388,59.0,Mashhad,2024-07-04,New
109389,38.0,Mashhad,2024-05-20,Regular
109390,37.0,Tehran,2025-04-23,New
109391,36.0,Karaj,2024-03-12,Regular
109392,50.0,Isfahan,2023-11-03,VIP
109393,38.0,Isfahan,2024-06-17,VIP
109394,37.0,Rasht,2025-01-02,Regular
109395,26.0,Karaj,2025-07-15,Regular
109396,40.0,Tehran,2023-01-06,Regular
109397,29.0,Tabriz,2024-09-14,VIP
109398,43.0,Tehran,2023-03-21,Regular
109399,60.0,Tehran,2024-11-09,Regular
109400,55.0,Karaj,2024-11-14,New
109401,40.0,Tehran,2025-07-25,New
109402,64.0,Mashhad,2023-07-30,New
109403,65.0,Rasht,2025-05-20,Regular
109404,39.0,Karaj,2025-01-24,VIP
109405,54.0,Rasht,2024-12-29,VIP
109406,34.0,Ahvaz,2024-11-28,Regular
109407,60.0,Mashhad,2024-08-24,Regular
109408,35.0,Tabriz,2023-03-11,Regular
109409,30.0,Mashhad,2025-06-09,Regular
109410,24.0,Karaj,2024-03-05,Regular
109411,58.0,Mashhad,2023-04-25,New
109412,32.0,Tehran,2024-11-02,Regular
109413,57.0,Tehran,2025-11-03,Regular
109414,22.0,Karaj,2025-02-20,New
109415,42.0,Tehran,2023-09-27,Regular
109416,38.0,Shiraz,2025-06-12,Regular
109417,39.0,Ahvaz,2025-07-16,Regular
109418,26.0,Karaj,2023-12-28,Regular
109419,21.0,Isfahan,2024-07-26,New
109420,34.0,Tehran,2025-07-05,Regular
109421,40.0,Rasht,2023-06-22,New
109422,56.0,Shiraz,2024-01-23,Regular
109423,40.0,Mashhad,2024-05-14,Regular
109424,29.0,Rasht,2023-01-08,Regular
109425,30.0,Tehran,2023-07-02,VIP
109426,47.0,Isfahan,2024-10-29,New
109427,38.0,Tehran,2023-10-16,Regular
109428,61.0,Tehran,2023-09-22,Regular
109429,39.0,Mashhad,2023-11-21,VIP
109430,45.0,Karaj,2023-05-17,New
109431,21.0,Mashhad,2024-11-28,New
109432,27.0,Karaj,2023-10-10,Regular
109433,58.0,Qom,2024-12-14,VIP
109434,34.0,Ahvaz,2025-06-25,New
109435,38.0,,2024-06-08,Regular
109436,46.0,Karaj,2025-09-27,VIP
109437,20.0,Tehran,2023-08-03,Regular
109438,42.0,Karaj,2025-11-19,Regular
109439,34.0,Mashhad,2023-12-19,VIP
109440,25.0,Karaj,2023-11-28,Regular
109441,38.0,Tehran,2025-12-08,New
109442,39.0,Tabriz,2024-05-14,New
109443,26.0,Tehran,2025-03-29,Regular
109444,44.0,tehran,2025-05-28,New
109445,53.0,Tabriz,2024-05-05,New
109446,30.0,Mashhad,2023-12-15,New
109447,64.0,Karaj,2024-06-22,Regular
109448,47.0,Karaj,2024-02-26,Regular
109449,55.0,Tabriz,2024-03-31,Regular
109450,21.0,Karaj,2023-09-17,Regular
109451,54.0,Qom,2025-09-28,VIP
109452,34.0,Rasht,2024-09-18,Regular
109453,52.0,Tehran,2025-05-22,Regular
109454,56.0,Shiraz,2024-12-22,New
109455,30.0,Karaj,2024-01-22,Regular
109456,30.0,Tehran,2023-12-15,New
109457,20.0,Tehran,2025-12-11,Regular
109458,47.0,Tehran,2023-01-27,VIP
109459,55.0,Shiraz,2023-11-19,New
109460,37.0,Mashhad,2025-03-16,New
109461,25.0,Tabriz,2024-08-20,Regular
109462,33.0,Tabriz,2024-11-06,VIP
109463,37.0,Tabriz,2023-01-24,Regular
109464,61.0,Tehran,2023-08-28,New
109465,23.0,Karaj,2024-10-18,Regular
109466,34.0,Tabriz,2023-12-11,Regular
109467,48.0,Tehran,2024-05-30,Regular
109468,29.0,Tehran,2025-11-14,Regular
109469,60.0,Mashhad,2024-11-29,Regular
109470,61.0,Rasht,2024-11-21,New
109471,36.0,Mashhad,2023-08-04,VIP
109472,53.0,Tehran,2024-10-14,New
109473,54.0,Tehran,2025-11-17,New
109474,50.0,Tehran,2024-12-01,Regular
109475,26.0,Mashhad,2025-05-09,Regular
109476,20.0,Qom,2025-11-11,Regular
109477,34.0,Isfahan,2025-09-13,New
109478,24.0,Ahvaz,2024-01-08,New
109479,32.0,Tehran,2023-11-20,New
109480,48.0,Isfahan,2023-11-04,Regular
109481,,Qom,2025-04-23,New
109482,28.0,Tabriz,2024-02-17,VIP
109483,18.0,Ahvaz,2025-06-19,Regular
109484,28.0,Tehran,2025-05-27,Regular
109485,39.0,Isfahan,2024-12-30,Regular
109486,55.0,Tabriz,2023-05-13,Regular
109487,35.0,Tehran,2025-02-18,Regular
109488,31.0,Qom,2023-08-15,VIP
109489,44.0,Mashhad,2024-08-28,Regular
109490,21.0,Tehran,2023-09-07,New
109491,28.0,Karaj,2023-03-09,Regular
109492,19.0,Karaj,2024-11-27,New
109493,43.0,Ahvaz,2024-05-09,Regular
109494,39.0,Rasht,2024-12-03,VIP
109495,45.0,Tehran,2024-06-21,Regular
109496,47.0,Tabriz,2024-02-12,New
109497,36.0,Kerman,2023-01-18,New
109498,59.0,Tehran,2023-10-30,Regular
109499,62.0,Isfahan,2025-08-22,New
109500,23.0,tehran,2025-04-06,Regular
109501,62.0,Mashad,2024-05-22,Regular
109502,27.0,Rasht,2023-02-04,Regular
109503,29.0,Isfahan,2025-12-14,Regular
109504,43.0,Rasht,2025-03-19,Regular
109505,19.0,Tabriz,2023-01-25,New
109506,35.0,Tabriz,2023-08-19,Regular
109507,27.0,Karaj,2023-07-06,Regular
109508,41.0,Tehran,2025-09-15,New
109509,57.0,Tabriz,2025-11-11,Regular
109510,62.0,Rasht,2024-03-28,Regular
109511,28.0,Kerman,2023-07-14,New
109512,44.0,Kerman,2024-12-04,Regular
109513,40.0,Tabriz,2023-10-26,New
109514,37.0,Tabriz,2023-05-13,Regular
109515,48.0,Shiraz,2023-10-11,New
109516,65.0,Tabriz,2023-10-06,Regular
109517,37.0,Tabriz,2023-02-28,Regular
109518,21.0,Tehran,2025-02-06,New
109519,61.0,Tehran,2024-01-21,New
109520,62.0,Tabriz,2024-08-25,VIP
109521,33.0,Mashhad,2024-08-25,Regular
109522,42.0,Mashhad,2025-04-23,Regular
109523,59.0,Tehran,2025-04-14,Regular
109524,42.0,Qom,2024-09-08,New
109525,41.0,,2025-07-06,Regular
109526,62.0,Tabriz,2024-09-15,Regular
109527,57.0,Rasht,2023-01-29,Regular
109528,42.0,Ahvaz,2025-07-28,Regular
109529,25.0,Tehran,2025-04-22,VIP
109530,39.0,Tehran,2024-04-10,Regular
109531,50.0,Tehran,2024-02-28,Regular
109532,31.0,Tehran,2025-09-07,New
109533,43.0,Shiraz,2024-04-11,Regular
109534,49.0,Mashhad,2024-02-12,New
109535,22.0,,2025-03-12,VIP
109536,45.0,,2023-12-26,New
109537,53.0,Mashhad,2024-03-18,Regular
109538,28.0,Kerman,2025-05-03,New
109539,44.0,Kerman,2023-09-02,New
109540,52.0,Karaj,2023-01-13,New
109541,20.0,Qom,2024-01-04,Regular
109542,48.0,Kerman,2023-07-08,New
109543,30.0,Tabriz,2024-02-01,Regular
109544,37.0,Ahvaz,2023-03-20,Regular
109545,49.0,Tehran,2024-10-07,VIP
109546,18.0,Shiraz,2024-07-14,Regular
109547,18.0,Isfahan,2023-10-26,Regular
109548,39.0,Tehran,2024-11-18,Regular
109549,63.0,Tehran,2023-06-08,New
109550,18.0,Tehran,2023-01-12,Regular
109551,55.0,Mashhad,2024-06-06,Regular
109552,21.0,Tehran,2023-06-26,New
109553,41.0,tehran,2025-07-26,New
109554,38.0,Qom,2023-11-28,Regular
109555,40.0,Tabriz,2024-04-14,Regular
109556,21.0,Tabriz,2023-11-19,New
109557,54.0,Tehran,2024-04-19,Regular
109558,31.0,Ahvaz,2023-04-17,New
109559,55.0,Tehran,2025-10-19,Regular
109560,,Mashhad,2023-07-09,VIP
109561,44.0,Shiraz,2024-03-09,Regular
109562,32.0,Rasht,2025-07-16,Regular
109563,49.0,Kerman,2024-04-12,VIP
109564,65.0,Qom,2025-02-06,New
109565,62.0,Karaj,2023-03-16,New
109566,61.0,Shiraz,2023-11-21,VIP
109567,28.0,Tabriz,2025-04-12,Regular
109568,46.0,,2023-10-16,VIP
109569,37.0,Tehran,2024-03-29,Regular
109570,64.0,Kerman,2023-03-29,Regular
109571,63.0,Kerman,2024-07-06,Regular
109572,59.0,Mashhad,2024-01-18,Regular
109573,25.0,Tehran,2025-07-31,New
109574,33.0,Tehran,2024-03-11,Regular
109575,52.0,Isfahan,2025-06-24,Regular
109576,53.0,Tehran,2025-09-17,VIP
109577,34.0,Tabriz,2025-07-07,VIP
109578,24.0,Tehran,2025-03-24,VIP
109579,,Tehran,2024-10-01,New
109580,50.0,Tehran,2024-06-08,Regular
109581,39.0,Karaj,2023-03-30,New
109582,41.0,Mashhad,2023-05-28,Regular
109583,57.0,Isfahan,2024-02-21,VIP
109584,18.0,Tabriz,2024-12-19,Regular
109585,54.0,Qom,2023-01-06,Regular
109586,31.0,Mashhad,2025-10-21,Regular
109587,62.0,Karaj,2025-12-23,Regular
109588,63.0,Mashhad,2023-03-27,New
109589,42.0,Tabriz,2023-04-16,Regular
109590,33.0,Isfahan,2025-07-18,New
109591,,Rasht,2023-08-07,Regular
109592,26.0,Kerman,2023-07-17,Regular
109593,65.0,Karaj,2023-07-25,Regular
109594,27.0,Rasht,2025-02-06,Regular
109595,39.0,Tehran,2023-05-26,New
109596,41.0,Tabriz,2023-07-21,Regular
109597,50.0,Tehran,2024-03-11,Regular
109598,58.0,,2024-10-19,VIP
109599,44.0,Shiraz,2025-12-20,New
109600,54.0,Karaj,2023-09-18,Regular
109601,45.0,Karaj,2023-10-07,Regular
109602,38.0,Ahvaz,2024-08-16,New
109603,25.0,Shiraz,2024-04-02,New
109604,28.0,,2024-10-19,Regular
109605,38.0,Ahvaz,2023-09-27,New
109606,20.0,Ahvaz,2024-11-08,Regular
109607,33.0,Mashad,2025-10-10,New
109608,40.0,Shiraz,2025-01-17,New
109609,40.0,Karaj,2025-03-15,Regular
109610,57.0,Kerman,2023-03-17,New
109611,64.0,Tehran,2025-09-15,New
109612,53.0,Mashhad,2025-02-09,New
109613,21.0,Mashhad,2024-11-17,New
109614,37.0,Mashhad,2023-06-19,Regular
109615,53.0,Qom,2024-08-29,Regular
109616,46.0,Tehran,2025-01-11,Regular
109617,39.0,Mashhad,2024-11-13,New
109618,38.0,Karaj,2023-05-16,New
109619,37.0,Mashhad,2023-02-14,Regular
109620,45.0,Tehran,2024-06-08,New
109621,26.0,Tabriz,2025-02-24,New
109622,42.0,Shiraz,2024-02-28,New
109623,27.0,Kerman,2025-01-22,Regular
109624,50.0,Karaj,2025-11-25,Regular
109625,59.0,Kerman,2025-08-31,New
109626,42.0,Tehran,2024-11-21,New
109627,36.0,Karaj,2025-03-08,Regular
109628,63.0,Shiraz,2023-04-07,New
109629,49.0,Karaj,2023-04-04,Regular
109630,38.0,Isfahan,2025-02-06,Regular
109631,19.0,Tehran,2025-05-27,New
109632,18.0,Tehran,2023-08-01,Regular
109633,28.0,Ahvaz,2024-10-10,Regular
109634,29.0,Qom,2023-11-10,Regular
109635,52.0,Tehran,2023-04-29,Regular
109636,42.0,Tabriz,2024-02-19,Regular
109637,65.0,Karaj,2024-05-05,Regular
109638,43.0,Shiraz,2025-04-29,Regular
109639,61.0,Mashhad,2025-08-04,New
109640,44.0,Ahvaz,2025-10-30,New
109641,35.0,Tabriz,2023-04-25,New
109642,52.0,Karaj,2025-10-09,Regular
109643,39.0,Tabriz,2024-07-20,Regular
109644,31.0,Karaj,2023-07-06,Regular
109645,40.0,Tehran,2024-12-09,Regular
109646,49.0,Rasht,2023-03-08,VIP
109647,36.0,Mashhad,2024-05-20,Regular
109648,51.0,Ahvaz,2025-06-26,Regular
109649,65.0,Rasht,2025-11-29,New
109650,37.0,Tabriz,2023-11-12,Regular
109651,,Shiraz,2023-07-11,Regular
109652,37.0,Tehran,2024-09-30,Regular
109653,58.0,Isfahan,2023-06-22,VIP
109654,26.0,Tabriz,2025-12-07,New
109655,64.0,Tehran,2023-12-25,VIP
109656,37.0,Tehran,2023-07-24,Regular
109657,58.0,Kerman,2023-09-18,Regular
109658,55.0,Mashhad,2024-02-15,Regular
109659,55.0,Mashhad,2025-03-23,Regular
109660,61.0,Tehran,2025-08-08,Regular
109661,26.0,Tabriz,2025-03-17,New
109662,46.0,Isfahan,2024-12-12,Regular
109663,22.0,Qom,2023-10-23,New
109664,32.0,Shiraz,2025-10-23,New
109665,19.0,Tehran,2025-12-30,Regular
109666,50.0,Isfahan,2024-11-22,Regular
109667,47.0,Tehran,2025-05-07,Regular
109668,53.0,Qom,2023-11-29,Regular
109669,26.0,Tehran,2024-05-04,Regular
109670,33.0,Tehran,2025-05-31,VIP
109671,50.0,Isfahan,2024-04-09,Regular
109672,57.0,Tehran,2025-04-11,Regular
109673,60.0,Shiraz,2025-07-30,Regular
109674,21.0,Isfahan,2025-10-19,Regular
109675,37.0,Kerman,2023-11-16,Regular
109676,,Tehran,2024-06-05,Regular
109677,57.0,Shiraz,2024-02-27,Regular
109678,23.0,Karaj,2024-07-04,Regular
109679,57.0,Tehran,2025-03-24,Regular
109680,25.0,Tabriz,2023-12-21,Regular
109681,18.0,Ahvaz,2023-09-13,New
109682,60.0,Qom,2023-10-22,New
109683,39.0,Rasht,2025-04-18,Regular
109684,38.0,Karaj,2025-12-27,New
109685,49.0,Mashhad,2023-04-23,Regular
109686,31.0,Rasht,2025-12-06,New
109687,51.0,Tehran,2023-02-05,New
109688,38.0,Shiraz,2024-08-02,Regular
109689,31.0,Karaj,2023-05-27,Regular
109690,36.0,Ahvaz,2025-11-11,Regular
109691,18.0,Rasht,2025-04-14,New
109692,32.0,Tehran,2024-01-25,New
109693,46.0,Karaj,2025-01-21,New
109694,24.0,Tehran,2025-07-19,New
109695,23.0,Karaj,2023-08-27,New
109696,49.0,Karaj,2024-11-26,Regular
109697,38.0,Tehran,2023-11-25,New
109698,24.0,Ahvaz,2025-02-24,Regular
109699,53.0,Isfahan,2024-09-13,Regular
109700,55.0,Shiraz,2025-02-25,New
109701,19.0,Kerman,2024-11-28,Regular
109702,27.0,Tabriz,2024-11-27,Regular
109703,35.0,Shiraz,2023-04-03,Regular
109704,,Tehran,2025-07-22,Regular
109705,21.0,Tehran,2023-07-07,Regular
109706,56.0,Tehran,2024-03-05,Regular
109707,33.0,Mashhad,2024-07-13,VIP
109708,24.0,,2025-07-18,Regular
109709,59.0,Shiraz,2024-11-20,Regular
109710,22.0,Karaj,2023-07-20,Regular
109711,24.0,Tehran,2023-11-10,Regular
109712,63.0,Tabriz,2023-08-07,VIP
109713,42.0,Rasht,2024-10-09,Regular
109714,40.0,Tehran,2025-02-24,Regular
109715,50.0,Tabriz,2025-02-15,Regular
109716,48.0,Tehran,2025-04-01,Regular
109717,47.0,Shiraz,2025-02-07,New
109718,19.0,Karaj,2025-09-15,Regular
109719,44.0,Tehran,2025-09-19,New
109720,31.0,Mashhad,2023-10-28,Regular
109721,56.0,Ahvaz,2023-11-30,Regular
109722,42.0,Tehran,2023-03-03,VIP
109723,23.0,Karaj,2023-10-20,New
109724,60.0,Tabriz,2024-07-09,Regular
109725,31.0,Tehran,2024-12-22,Regular
109726,31.0,Karaj,2025-08-16,Regular
109727,62.0,Shiraz,2024-10-12,New
109728,55.0,Tehran,2025-11-29,Regular
109729,59.0,Rasht,2024-08-28,Regular
109730,49.0,Isfahan,2025-07-28,New
109731,61.0,Karaj,2025-06-03,Regular
109732,23.0,Tehran,2024-06-20,New
109733,46.0,Tehran,2025-08-13,Regular
109734,32.0,Karaj,2025-08-03,VIP
109735,37.0,Tabriz,2023-12-09,New
109736,29.0,Tehran,2023-08-23,New
109737,27.0,Karaj,2023-05-13,VIP
109738,39.0,Isfahan,2025-10-05,New
109739,62.0,Mashhad,2024-04-29,Regular
109740,48.0,Qom,2024-09-12,Regular
109741,34.0,Tabriz,2023-10-27,Regular
109742,38.0,tehran,2024-03-02,Regular
109743,43.0,Karaj,2024-03-16,Regular
109744,29.0,Shiraz,2024-09-28,VIP
109745,43.0,Rasht,2023-07-11,Regular
109746,51.0,Qom,2025-05-08,Regular
109747,29.0,Mashhad,2024-03-03,VIP
109748,46.0,Isfahan,2023-09-20,New
109749,52.0,Kerman,2023-01-17,VIP
109750,42.0,Rasht,2023-04-22,VIP
109751,32.0,Tehran,2023-10-22,VIP
109752,44.0,Tehran,2025-03-13,New
109753,56.0,Mashhad,2025-07-25,Regular
109754,28.0,Ahvaz,2025-11-08,Regular
109755,45.0,Rasht,2023-11-23,New
109756,50.0,Qom,2024-11-28,Regular
109757,33.0,Tehran,2023-10-21,New
109758,36.0,Ahvaz,2023-06-06,New
109759,60.0,Tehran,2024-08-17,Regular
109760,35.0,Isfahan,2024-12-05,VIP
109761,46.0,Mashhad,2025-04-13,New
109762,25.0,Shiraz,2023-05-08,New
109763,62.0,Shiraz,2025-03-28,Regular
109764,46.0,Tehran,2023-11-29,New
109765,54.0,Tehran,2023-11-01,Regular
109766,46.0,Qom,2023-02-04,Regular
109767,35.0,Tehran,2023-08-12,Regular
109768,34.0,Isfahan,2024-06-17,Regular
109769,51.0,Tehran,2023-07-27,New
109770,59.0,Mashhad,2023-12-18,New
109771,24.0,Tehran,2024-08-03,Regular
109772,58.0,Karaj,2023-04-17,New
109773,57.0,Isfahan,2025-08-16,New
109774,23.0,Mashhad,2023-12-05,Regular
109775,23.0,Ahvaz,2025-04-11,New
109776,51.0,Tehran,2024-12-10,Regular
109777,58.0,Karaj,2025-04-02,Regular
109778,36.0,Tehran,2023-11-13,New
109779,48.0,Rasht,2023-07-08,Regular
109780,65.0,Tehran,2023-06-06,New
109781,33.0,Shiraz,2023-09-09,Regular
109782,28.0,Tabriz,2024-08-19,Regular
109783,65.0,Shiraz,2024-11-14,Regular
109784,31.0,Qom,2025-04-04,New
109785,40.0,Tehran,2025-11-21,Regular
109786,39.0,Isfahan,2025-06-28,Regular
109787,43.0,Ahvaz,2024-01-26,Regular
109788,30.0,Ahvaz,2024-05-31,Regular
109789,50.0,Isfahan,2025-11-11,New
109790,51.0,Shiraz,2025-02-17,Regular
109791,27.0,Karaj,2024-04-01,Regular
109792,41.0,Karaj,2025-07-01,New
109793,20.0,Ahvaz,2023-05-30,Regular
109794,28.0,Ahvaz,2025-01-06,Regular
109795,65.0,Isfahan,2025-11-04,Regular
109796,42.0,Tabriz,2024-07-31,VIP
109797,47.0,Isfahan,2024-11-02,Regular
109798,60.0,Tehran,2023-03-07,Regular
109799,52.0,Qom,2024-10-24,Regular
109800,56.0,Tabriz,2023-11-14,Regular
109801,52.0,Tehran,2025-12-24,Regular
109802,41.0,Tabriz,2023-12-17,New
109803,48.0,Mashhad,2023-12-10,Regular
109804,31.0,Tehran,2024-03-08,Regular
109805,60.0,Tabriz,2025-02-02,Regular
109806,26.0,Karaj,2025-11-07,New
109807,60.0,Shiraz,2024-01-15,New
109808,60.0,Tehran,2023-08-17,Regular
109809,24.0,Shiraz,2025-04-17,New
109810,52.0,Tehran,2024-08-16,Regular
109811,65.0,Rasht,2024-05-12,Regular
109812,45.0,Tehran,2025-12-21,New
109813,34.0,Ahvaz,2024-06-26,VIP
109814,60.0,Tehran,2024-11-08,Regular
109815,42.0,Tehran,2025-12-10,New
109816,23.0,Isfahan,2023-08-17,Regular
109817,29.0,Karaj,2025-09-15,Regular
109818,50.0,Rasht,2025-11-17,Regular
109819,39.0,Shiraz,2024-05-30,New
109820,28.0,Mashhad,2024-01-04,Regular
109821,56.0,Tehran,2023-06-27,New
109822,23.0,Shiraz,2023-02-22,Regular
109823,28.0,Mashhad,2025-12-13,Regular
109824,40.0,Rasht,2024-04-17,Regular
109825,19.0,Isfahan,2025-01-01,Regular
109826,36.0,Karaj,2023-09-21,New
109827,61.0,Ahvaz,2023-12-21,New
109828,63.0,Tehran,2025-06-15,Regular
109829,59.0,Isfahan,2024-12-19,Regular
109830,33.0,Rasht,2023-08-29,Regular
109831,21.0,Isfahan,2023-01-06,New
109832,57.0,Shiraz,2025-06-16,VIP
109833,35.0,Ahvaz,2023-03-29,New
109834,53.0,Tehran,2023-02-09,New
109835,23.0,Rasht,2023-11-25,Regular
109836,50.0,Mashhad,2025-10-14,Regular
109837,46.0,Shiraz,2024-12-06,Regular
109838,62.0,Mashhad,2023-02-16,Regular
109839,22.0,Shiraz,2025-10-01,Regular
109840,37.0,Tehran,2025-10-24,New
109841,65.0,Tehran,2025-02-01,New
109842,36.0,Isfahan,2023-03-22,Regular
109843,49.0,Mashhad,2023-01-16,Regular
109844,25.0,Tabriz,2025-08-13,VIP
109845,52.0,Tehran,2025-06-19,Regular
109846,31.0,,2025-06-29,Regular
109847,45.0,Tehran,2024-06-16,Regular
109848,,Isfahan,2024-10-12,New
109849,49.0,Tehran,2023-07-09,New
109850,40.0,Tehran,2023-02-09,New
109851,27.0,Shiraz,2023-08-31,New
109852,34.0,Karaj,2024-11-11,New
109853,58.0,Karaj,2024-03-16,New
109854,28.0,Tehran,2024-11-07,Regular
109855,49.0,Ahvaz,2024-04-27,New
109856,41.0,Tabriz,2024-09-02,Regular
109857,33.0,,2025-11-07,Regular
109858,52.0,Tehran,2024-11-22,Regular
109859,35.0,Tehran,2025-11-10,Regular
109860,31.0,Isfahan,2025-11-26,New
109861,43.0,Tehran,2024-11-07,New
109862,,Karaj,2025-12-26,Regular
109863,59.0,Mashhad,2023-09-30,Regular
109864,48.0,Tehran,2024-07-23,Regular
109865,49.0,Tehran,2023-03-23,Regular
109866,55.0,Tehran,2023-04-11,Regular
109867,,Isfahan,2023-05-26,Regular
109868,30.0,Tehran,2023-05-27,New
109869,41.0,Shiraz,2024-03-25,Regular
109870,48.0,Mashhad,2025-02-27,VIP
109871,49.0,Shiraz,2025-12-15,Regular
109872,25.0,Rasht,2025-12-11,Regular
109873,55.0,Ahvaz,2023-07-15,Regular
109874,35.0,,2024-04-22,New
109875,60.0,Isfahan,2024-04-17,VIP
109876,52.0,Karaj,2023-04-18,Regular
109877,65.0,Rasht,2023-02-13,Regular
109878,48.0,Isfahan,2024-01-22,Regular
109879,43.0,Tehran,2025-07-26,Regular
109880,27.0,Karaj,2024-02-26,New
109881,37.0,Tehran,2024-02-24,Regular
109882,59.0,Karaj,2025-12-27,New
109883,,Tehran,2024-02-18,New
109884,20.0,Tehran,2025-01-21,New
109885,29.0,Qom,2025-12-10,New
109886,46.0,Karaj,2023-05-10,VIP
109887,48.0,Shiraz,2024-07-13,New
109888,65.0,Qom,2024-01-05,Regular
109889,62.0,Ahvaz,2023-05-11,Regular
109890,43.0,Isfahan,2023-02-23,Regular
109891,44.0,Kerman,2024-12-10,Regular
109892,56.0,Mashhad,2024-12-16,VIP
109893,20.0,Tehran,2024-09-07,Regular
109894,46.0,Ahvaz,2025-01-06,Regular
109895,40.0,Isfahan,2025-02-26,Regular
109896,55.0,Ahvaz,2023-03-04,New
109897,56.0,Tehran,2023-02-07,Regular
109898,49.0,Tehran,2024-01-03,Regular
109899,49.0,Tehran,2024-09-14,Regular
109900,51.0,Tabriz,2025-09-15,Regular
109901,45.0,Ahvaz,2025-12-08,Regular
109902,28.0,Mashhad,2025-06-24,Regular
109903,31.0,Tehran,2023-11-15,New
109904,53.0,Mashhad,2024-09-20,New
109905,47.0,Mashhad,2023-05-08,Regular
109906,29.0,Tabriz,2024-06-14,New
109907,60.0,Tabriz,2023-04-19,VIP
109908,65.0,Tehran,2025-12-23,New
109909,48.0,Isfahan,2024-05-08,New
109910,28.0,Tabriz,2025-03-01,Regular
109911,63.0,Tehran,2023-04-24,New
109912,29.0,Mashhad,2025-11-09,Regular
109913,38.0,Tabriz,2024-07-27,New
109914,59.0,Mashhad,2023-03-20,New
109915,42.0,Tehran,2024-02-08,Regular
109916,29.0,Tehran,2023-08-21,Regular
109917,21.0,Karaj,2023-03-17,Regular
109918,35.0,Tehran,2023-02-04,New
109919,50.0,Qom,2025-02-19,Regular
109920,52.0,Isfahan,2025-08-08,Regular
109921,28.0,Isfahan,2024-12-23,New
109922,25.0,Karaj,2025-01-30,Regular
109923,51.0,Mashhad,2023-02-10,Regular
109924,25.0,Tehran,2023-07-14,VIP
109925,21.0,Tehran,2023-02-07,Regular
109926,41.0,Tabriz,2025-12-02,Regular
109927,45.0,Isfahan,2025-03-18,New
109928,29.0,Qom,2025-11-12,Regular
109929,,Isfahan,2025-09-17,Regular
109930,29.0,Isfahan,2023-09-03,Regular
109931,34.0,Mashhad,2024-07-14,Regular
109932,18.0,Tehran,2024-12-09,New
109933,18.0,Ahvaz,2025-03-22,Regular
109934,35.0,Tehran,2025-01-01,Regular
109935,18.0,Rasht,2024-05-11,New
109936,33.0,Tehran,2023-01-05,Regular
109937,45.0,Shiraz,2025-10-25,Regular
109938,19.0,Tehran,2025-01-24,Regular
109939,47.0,Karaj,2025-07-04,Regular
109940,47.0,Tehran,2023-08-31,New
109941,45.0,Shiraz,2023-04-27,New
109942,48.0,Rasht,2025-09-13,New
109943,56.0,Tabriz,2025-06-01,VIP
109944,21.0,Tehran,2025-07-07,New
109945,26.0,Qom,2024-04-27,Regular
109946,33.0,Isfahan,2025-09-18,Regular
109947,51.0,Tehran,2023-09-03,Regular
109948,59.0,Isfahan,2025-04-09,New
109949,,Qom,2024-06-25,New
109950,45.0,,2023-06-30,VIP
109951,37.0,Karaj,2025-02-24,Regular
109952,37.0,Karaj,2024-01-30,New
109953,20.0,Isfahan,2023-06-23,New
109954,40.0,Mashhad,2025-02-15,Regular
109955,42.0,Karaj,2025-04-25,VIP
109956,27.0,Mashhad,2023-12-21,Regular
109957,54.0,Tehran,2025-11-24,Regular
109958,56.0,,2025-02-16,Regular
109959,32.0,Ahvaz,2023-01-25,New
109960,61.0,Mashhad,2024-01-04,Regular
109961,23.0,Tehran,2025-12-02,New
109962,61.0,Tehran,2023-07-14,New
109963,54.0,Tehran,2025-11-10,New
109964,28.0,Kerman,2024-07-21,New
109965,49.0,Shiraz,2025-01-09,Regular
109966,32.0,Karaj,2025-01-21,Regular
109967,56.0,Karaj,2024-07-14,Regular
109968,25.0,Mashhad,2024-07-20,Regular
109969,29.0,Qom,2024-09-13,New
109970,32.0,Kerman,2024-12-03,Regular
109971,27.0,Karaj,2025-03-18,Regular
109972,33.0,Karaj,2024-04-24,Regular
109973,46.0,Isfahan,2024-04-22,New
109974,48.0,Ahvaz,2025-05-02,Regular
109975,44.0,Tehran,2025-04-09,New
109976,27.0,Karaj,2024-12-12,New
109977,27.0,Mashhad,2024-05-19,New
109978,62.0,Shiraz,2024-09-21,Regular
109979,30.0,Rasht,2024-09-17,New
109980,22.0,Tabriz,2024-04-21,New
109981,39.0,Tehran,2023-07-15,Regular
109982,18.0,Karaj,2024-08-09,New
109983,34.0,Rasht,2024-04-29,New
109984,59.0,Tabriz,2023-02-25,Regular
109985,30.0,Ahvaz,2025-11-12,Regular
109986,51.0,Qom,2024-12-31,New
109987,41.0,Ahvaz,2023-05-05,New
109988,35.0,Mashhad,2023-08-12,Regular
109989,49.0,Isfahan,2024-09-17,VIP
109990,46.0,Ahvaz,2025-07-30,Regular
109991,33.0,Rasht,2024-06-15,New
109992,28.0,Tehran,2025-06-08,VIP
109993,62.0,,2023-05-21,Regular
109994,26.0,Mashhad,2024-08-01,Regular
109995,64.0,Karaj,2025-06-24,VIP
109996,40.0,Ahvaz,2025-07-16,Regular
109997,65.0,Shiraz,2023-09-20,Regular
109998,34.0,Tehran,2025-01-04,Regular
109999,45.0,Mashhad,2023-02-13,VIP
110000,47.0,Ahvaz,2023-06-04,New
